observation_type,domain,dataset_instance,var_name,var_label,var_def,pct_public,keep_previous,keep
area-level,Physical and Natural Environment,APM_DAILY_v1.0,APMPM25DMEAN,Average daily PM2.5 concentration from monitors ,"The arithmetic mean of PM2.5 measurements for all monitors within the geographic unit. All days during the time span where data is available are included in the dataset. If PM2.5 data is not available for a particular day, then the PM2.5 mean are missing values.",0,0,
area-level,Physical and Natural Environment,APM_DAILY_v1.0,APMPM25DNSTN,Standard Deviation of daily PM2.5 concentration from monitors ,"Standard deviation of PM2.5 measurements for all monitors within the geographic unit. All days during the time span where data is available are included in the dataset. If PM2.5 data is not available for a particular day, then the PM2.5 standard deviation are missing values. A higher value indictates more variability in the PM2.5 measures used to calculated the mean and median values.",0,0,
area-level,Physical and Natural Environment,APM_DAILY_v1.0,APMPM25DSD,Number of PM2.5 monitors,"Number of monitors used to calculate daily PM2.5 average and variance measures for the geographic unit. All days during the time span where data is available are included in the dataset. If PM2.5 data is not available for a particular day, then the PM2.5 number of monitors are missing values. A higher number indicates more monitors were used to calculate the PM2.5 metrics.",0,0,
area-level,Physical and Natural Environment,APS_MONTH_v1.0,APSMPM25GRIDPTS,Number of grid points used to calculate PM2.5 measures,Number of grid point centroids used to calculate PM2.5 average and variance measures. This can be used as a measure of size of the area.  (PM2.5 – particulate matter with less 2.5 µm of diameter),0,0,
area-level,Physical and Natural Environment,APS_MONTH_v1.0,APSMPM25MEAN,Average PM2.5 concentration,Arithmetic mean of PM2.5 measurements for all grid cells where the centroid falls within the defined boundary (PM2.5 – particulate matter with less 2.5 µm of diameter),0,1,
area-level,Physical and Natural Environment,APS_MONTH_v1.0,APSMPM25MEDIAN,Median PM2.5 concentration,Median of PM2.5 measurements for all grid cells where the centroid falls within the defined boundary. (PM2.5 – particulate matter with less 2.5 µm of diameter),0,0,
area-level,Physical and Natural Environment,APS_MONTH_v1.0,APSMPM25POPWT,Population-weighted Average PM2.5 concentration,Population-weighted mean of PM2.5 measurements for all grid cells where the centroid falls within the geographic unit (PM2.5 – particulate matter with less 2.5 µm of diameter),0,1,
area-level,Physical and Natural Environment,APS_MONTH_v1.0,APSMPM25STD,Standard deviation of the mean value of PM2.5,Standard deviation of PM2.5 measurements for any grid cells where the centroid falls within the defined boundary (PM2.5 – particulate matter with less 2.5 µm of diameter),0,1,
area-level,Physical and Natural Environment,APS_MONTH_v1.0,APSMPM25THRES,Average PM2.5 is above threshold,Average PM2.5 is above threshold of 10 µg/m3. Threshold defined based on WHO Guidelines.  (PM2.5 – particulate matter with less 2.5 µm of diameter),0,0,
area-level,Physical and Natural Environment,APS_v2.0,APSDNO2GRIDPTS,Number of grid points used to calculate NO2 measures,Number of grid points used to calculate NO2 average and variance measures. This can be used as a measure of size of the area. (NO2 - Nitrogen Dioxide),0.63,0,
area-level,Physical and Natural Environment,APS_v2.0,APSDNO2MEAN,Area-weighted NO2 average concentration,Weighted arithmetic mean of NO2 measurements for all grid cells with any part of the grid cell contained in the defined boundary weighted by the percent of the total area  contained within the boundary. (NO2 - Nitrogen Dioxide),0.63,1,
area-level,Physical and Natural Environment,APS_v2.0,APSDNO2MEDIAN,Area-weighted NO2 median concentration,Weighted median of NO2 measurements for all grid cells with any part of the grid cell contained in the defined boundary weighted by the percent of the total area contained within the boundary. (NO2 - Nitrogen Dioxide),0.63,0,
area-level,Physical and Natural Environment,APS_v2.0,APSDNO2POPWT,Population- and Area-weighted NO2 mean concentration,Weighted arithmetic mean of NO2 measurements for all grid cells with any part of the grid cell contained in the defined boundary weighted by the percent of the total area and population contained within the boundary. (NO2 - Nitrogen Dioxide),0.63,1,
area-level,Physical and Natural Environment,APS_v2.0,APSDNO2PROPDATA,Proportion of area that has NO2 data coverage.,Proportion of area of the geographic unit that has NO2 data coverage. (NO2 - Nitrogen Dioxide),0.63,0,
area-level,Physical and Natural Environment,APS_v2.0,APSDNO2STD,Standard deviation of the area-weighted mean value of NO2,Weighted standard deviation of NO2 measurements for all grid cells with any part of the grid cell contained in the defined boundary weighted by the percent of the total area contained within the boundary. (NO2 - Nitrogen Dioxide),0.63,1,
area-level,Physical and Natural Environment,APS_v2.0,APSNO2GRIDPTS,Number of grid points used to calculate NO2 measures,Number of grid points used to calculate NO2 average and variance measures. This can be used as a measure of size of the area. (NO2 - Nitrogen Dioxide),0.63,0,
area-level,Physical and Natural Environment,APS_v2.0,APSNO2MEAN,Average NO2 concentration,Arithmetic mean of NO2 measurements for all grid cells where the centroid falls within the defined boundary (NO2 - Nitrogen Dioxide),0.09,1,
area-level,Physical and Natural Environment,APS_v2.0,APSNO2MEDIAN,Median NO2 concentration,Median of NO2 measurements for all grid cells where the centroid falls within the defined boundary. (NO2 - Nitrogen Dioxide),0.63,0,
area-level,Physical and Natural Environment,APS_v2.0,APSNO2POPWT,Population-weighted Average NO2 concentration,Population-weighted mean of NO2 measurements for all grid cells where the centroid falls within the geographic unit. (NO2 - Nitrogen Dioxide),0.63,1,
area-level,Physical and Natural Environment,APS_v2.0,APSNO2STD,Standard Deviation of NO2,Standard deviation of NO2 measurements for any grid cells where the centroid falls within the defined boundary (NO2 - Nitrogen Dioxide),0.63,1,
area-level,Physical and Natural Environment,APS_v2.0,APSPM25GRIDPTS,Number of grid points used to calculate PM2.5 measures,Number of grid point centroids used to calculate PM2.5 average and variance measures. This can be used as a measure of size of the area.  (PM2.5 – particulate matter with less 2.5 µm of diameter),0.07,0,
area-level,Physical and Natural Environment,APS_v2.0,APSPM25MEAN,Average PM2.5 concentration,Arithmetic mean of PM2.5 measurements for all grid cells where the centroid falls within the defined boundary (PM2.5 – particulate matter with less 2.5 µm of diameter),0.07,1,
area-level,Physical and Natural Environment,APS_v2.0,APSPM25MEDIAN,Median PM2.5 concentration,Median of PM2.5 measurements for all grid cells where the centroid falls within the defined boundary. (PM2.5 – particulate matter with less 2.5 µm of diameter),0.63,0,
area-level,Physical and Natural Environment,APS_v2.0,APSPM25POPWT,Population-weighted Average PM2.5 concentration,Population-weighted mean of PM2.5 measurements for all grid cells where the centroid falls within the geographic unit (PM2.5 – particulate matter with less 2.5 µm of diameter),0.63,1,
area-level,Physical and Natural Environment,APS_v2.0,APSPM25STD,Standard deviation of the mean value of PM2.5,Standard deviation of PM2.5 measurements for any grid cells where the centroid falls within the defined boundary (PM2.5 – particulate matter with less 2.5 µm of diameter),0.07,1,
area-level,Physical and Natural Environment,APS_v2.0,APSPM25THRES,Average PM2.5 is above threshold,Average PM2.5 is above threshold of 10 µg/m3. Threshold defined based on WHO Guidelines.  (PM2.5 – particulate matter with less 2.5 µm of diameter),0.63,0,
area-level,Physical and Natural Environment,ATUS_MONTHLY_v1.0,ATUSCOLCNT,Total number of collisions.,"Total number of collisions, this is the count of all the collisions that occurred in the month.",0,1,
area-level,Physical and Natural Environment,ATUS_MONTHLY_v1.0,ATUSCOLCNTWKWT,Total number of weekend collisions,Total number of collisions that occurred on weekends. Weekends extend from Friday to Sunday.,0,1,
area-level,Physical and Natural Environment,ATUS_MONTHLY_v1.0,ATUSCOUNTDEAD,Total deaths due to collisions,Total number of people who died because of a collision that occurred in the month. ,0,1,
area-level,Physical and Natural Environment,ATUS_MONTHLY_v1.0,ATUSCOUNTETOH,Total number of collisions with alcohol involvement,"Total number of collisions where alcohol had involvement, the alcohol use was detected for the responsible driver via a breathalyzer test. The breathalyzer used by police in Mexico indicates alcohol was detected or not and does not indicate the blood alcohol level. It is a screening tool to obtain a legal blood draw test of blood alcohol content.",0,1,
area-level,Physical and Natural Environment,ATUS_MONTHLY_v1.0,ATUSCOUNTETOHWK,Total number of weekend collisions with alcohol involvement,"Total number of collisions where alcohol had involvement on the weekend, the alcohol use was detected for the responsible driver via a breathalyzer test. The breathalyzer used by police in Mexico indicates alcohol was detected or not and does not indicate the blood alcohol level. It is a screening tool to obtain a legal blood draw test of blood alcohol content. Weekends extend from Friday to Sunday.",0,1,
area-level,Physical and Natural Environment,ATUS_MONTHLY_v1.0,ATUSCOUNTINJ,Total people injured in collision,Total number of people that resulted injured because of a collision.,0,1,
area-level,Physical and Natural Environment,ATUS_MONTHLY_v1.0,ATUSTCOLFATAL,Total number of fatal collisions,"Total number of fatal collisions, this is the total count where a person died due to a collision.",0,1,
area-level,Physical and Natural Environment,ATUS_MONTHLY_v1.0,ATUSTCOLFATALWK,Total number of fatal weekend collisions,"Total number of fatal collisions, this is the total count where a person died due to a collision. Weekends extend from Friday to Sunday.",0,1,
area-level,Physical and Natural Environment,ATUS_MONTHLY_v1.0,ATUSTCOLINJ,Total number of collisions with injured person (without deaths),"Total number of collisions that had at least one injured person excluding collisions in which a death occurred, this variable excludes collisions that had at least one person die.",0,1,
area-level,Physical and Natural Environment,ATUS_MONTHLY_v1.0,ATUSTCOLINJWD,Total number of collisions that had at least one injured person,"Total number of collisions that had at least one injured person regardless of whether a death occurred. This variable includes collisions with injuries and deaths, and collisions with injuries but without deaths.",0,1,
area-level,Physical and Natural Environment,ATUS_MONTHLY_v1.0,ATUSTCOLINJWDWKWT,Total number of weekend collisions with injured person (without deaths),"Total number of collisions that had at least one injured person excluding collisions in which a death occurred, this variable excludes collisions that had at least one person die. Weekends extend from Friday to Sunday.",0,1,
area-level,Physical and Natural Environment,ATUS_MONTHLY_v1.0,ATUSTCOLINJWKWT,Total number of weekend collisions that had at least one injured person,"Total number of collisions that had at least one injured person regardless of whether a death occurred. This variable includes collisions with injuries and deaths, and collisions with injuries but without deaths. Weekends extend from Friday to Sunday.",0,1,
area-level,Physical and Natural Environment,BEC_RESTRICTED_v2.0,BECAVGPARKDIST,Average distance to nearest park,"Average of the airline distance from L3 centroids to the nearest park for all the L3 units that are nested within the L1/L2.  Interpretation: Higher values indicate greater distance (or - lower proximity), on average, to urban parks at the neighborhood (L3) level within L1/L2 units.",0,,
area-level,Physical and Natural Environment,BEC_RESTRICTED_v2.0,BECAVGPARKROUTE,Average route distance to the nearest park,Average of the street route distance from L3 centroid to the nearest park in meters for all the L3 units that are nested within the L1/L2. Interpretation: Higher values indicate greater distance (or - lower proximity) to parks.,0,,
area-level,Physical and Natural Environment,BEC_RESTRICTED_v2.0,BECLPARKDIST,Distance to nearest large park,The airline distance from L3 centroid to the nearest large park (as calculated from the nearest vertex of the large park). This variable is available only at L3 and it currently includes only parks that are defined as large according to country based tertiles. For L3 units with a park located 20km or more the distance to the nearest park variable was labeled NA (Not applicable). Interpretation: Higher values indicate greater distance (or - lower proximity) to large urban parks.  ,0,,
area-level,Physical and Natural Environment,BEC_RESTRICTED_v2.0,BECLPARKNUM,Number of large urban parks,"Number of large parks that fall within a unit. Any large park that fall within the unit's boundaries will be counted, even if only part of the large park is in the unit. This metric currently includes only parks that are defined as large according to country based tertiles. Interpretation: Higher values indicate higher prevalence of large urban parks.",0,,
area-level,Physical and Natural Environment,BEC_RESTRICTED_v2.0,BECLPARKNUMPERCAP,Number of large parks per capita,"Number of parks that fall within the unit (total number of large parks that fall within the unit's boundaries, even if only part of the large park is in the unit) divided by the total population (2017) within the administrative boundary and then multiplied by 1,000. This metric currently includes only parks that are defined as large according to country based tertiles. Interpretation: Higher values indicate more large parks per capita.",0,,
area-level,Physical and Natural Environment,BEC_RESTRICTED_v2.0,BECLPARKPROP,Percentage of large parks,The percentage of parks that are large-sized. [(“Number of large urban parks”/”Number of urban parks”)*100]. This metric currently includes only parks that are defined as large according to country based tertiles. Interpretation: Higher values suggest that large parks comprise higher percentages of all urban parks.,0,,
area-level,Physical and Natural Environment,BEC_RESTRICTED_v2.0,BECLPARKROUT,Route distance to nearest large park,Distance by street route from L3 centroid to the nearest large park (as calculated from the nearest vertex of the park). This variable is available only at L3 and it currently includes only parks that are defined as large according to country based tertiles. Interpretation: Higher values indicate greater distance (or - lower proximity) to urban parks. For L3 units with a park located 20km or more the distance to the nearest large park variable was labeled NA (Not applicable).,0,,
area-level,Physical and Natural Environment,BEC_RESTRICTED_v2.0,BECMEDPARKDIST,Median distance to nearest park,"Median of the airline distance from L3 centroids to the nearest park for all the L3 units that are nested within the L1/L2.  Interpretation: Higher values indicate greater distance (or - lower proximity), on average, to urban parks at the neighborhood (L3) level within L1/L2 units.",0,,
area-level,Physical and Natural Environment,BEC_RESTRICTED_v2.0,BECMPARKDIST,Distance to nearest medium park,The airline distance from L3 centroid to the nearest medium park (as calculated from the nearest vertex of the  medium park). This variable is available only at L3 and it currently includes only parks that are defined as medium according to country based tertiles. For L3 units with a park located 20km or more the distance to the nearest park variable was labeled NA (Not applicable). Interpretation: Higher values indicate greater distance (or - lower proximity) to medium urban parks.,0,,
area-level,Physical and Natural Environment,BEC_RESTRICTED_v2.0,BECMPARKNUM,Number of medium urban parks,"Number of medium parks that fall within a unit. Any medium park that fall within the unit's boundaries will be counted, even if only part of the medium park is in the unit. This metric currently includes only parks that are defined as medium according to country-based tertiles. Interpretation: Higher values indicate higher prevalence of medium urban parks.",0,,
area-level,Physical and Natural Environment,BEC_RESTRICTED_v2.0,BECMPARKNUMPERCAP,Number of medium parks per capita,"Number of medium parks that fall within the unit (total number of medium  parks that fall within the unit's boundaries, even if only part of the medium park is in the unit, divided by the total population (2017) within the administrative boundary and then multiplied by 1,000. This metric includes only parks that are defined as medium according to country based tertiles. Interpretation: Higher values indicate more medium parks per capita.",0,,
area-level,Physical and Natural Environment,BEC_RESTRICTED_v2.0,BECMPARKPROP,Percentage of medium parks,The percentage of all parks that are medium-sized. [(“Number of medium urban parks”/”Number of urban parks”)*100]. This metric currently includes only parks that are defined as medium according to country based tertiles. Interpretation: Higher values suggest that medium parks comprise higher percentages of all urban parks.,0,,
area-level,Physical and Natural Environment,BEC_RESTRICTED_v2.0,BECMPARKROUT,Route distance to nearest medium park,Distance by street route from L3 centroid to the nearest medium park (as calculated from the nearest vertex of the park). This variable is available only at L3 and it currently includes only parks that are defined as medium according to country based tertiles. Interpretation: Higher values indicate greater distance (or - lower proximity) to urban parks. For L3 units with a park located 20km or more the distance to the nearest medium park variable was labeled NA (Not applicable).,0,,
area-level,Physical and Natural Environment,BEC_RESTRICTED_v2.0,BECPARKDIST,Distance to nearest park,The airline distance from L3 centroid to the nearest park (as calculated from the nearest vertex of the park). This variable is available only at L3. For L3 units with a park located 20km or more the distance to the nearest park variable was labeled NA (Not applicable). Interpretation: Higher values indicate greater distance (or - lower proximity) to urban parks.,0,,
area-level,Physical and Natural Environment,BEC_RESTRICTED_v2.0,BECPARKNUM,Number of urban parks,"Number of parks that intersect with a unit. Any park that fall within the unit's boundaries will be counted, even if only part of the park is in the unit. Interpretation: Higher values indicate greater prevalence of urban parks.",0,,
area-level,Physical and Natural Environment,BEC_RESTRICTED_v2.0,BECPARKNUMPERCAP,Number of parks per capita,"Number of parks that fall within the unit (total number of parks that fall within the unit's boundaries, even if only part of the park is in the unit ) divided by the total population within the administrative boundary and then multiplied by 1,000. Interpretation: Higher values indicate more parks per capita.",0,,
area-level,Physical and Natural Environment,BEC_RESTRICTED_v2.0,BECPARKOUTFLAGL1AD,Nearest park within a different L1AD,Indicator for when the nearest park is in a different L1AD. This variable is available only at L3.,0,,
area-level,Physical and Natural Environment,BEC_RESTRICTED_v2.0,BECPARKOUTFLAGL1UX,Nearest park within a different L1UX,Indicator for when the nearest park is in a different L1UX. This variable is available only at L3.,0,,
area-level,Physical and Natural Environment,BEC_RESTRICTED_v2.0,BECPARKOUTFLAGL2,Nearest park within a different L2,Indicator for when the nearest park is in a different L2. This variable is available only at L3.,0,,
area-level,Physical and Natural Environment,BEC_RESTRICTED_v2.0,BECPARKPCTAREA,Percentage of area covered by urban parks,The percent of the unit area covered by parks [(“Total urban park area that fall within the unit”/unit area)*100]. Interpretation: Higher values indicate higher proportion of unit area covered by urban parks.,0,,
area-level,Physical and Natural Environment,BEC_RESTRICTED_v2.0,BECPARKROUT,Route distance to nearest park,Distance by street route from L3 centroid to the nearest park (as calculated from the nearest vertex of the park). This variable is available only at L3. Interpretation: Higher values indicate greater distance (or lower proximity) to urban parks. For L3 units with a park located 20km or more the distance to the nearest park variable was labeled NA (Not applicable).,0,,
area-level,Physical and Natural Environment,BEC_RESTRICTED_v2.0,BECPARKTAREA,Total urban park area,"Sum of the area of all parks that fall within the geographic unit. If a park crosses the boundary of the unit, only the area within the unit is counted. Interpretation: Higher values indicate more area covered by urban parks.",0,,
area-level,Physical and Natural Environment,BEC_RESTRICTED_v2.0,BECPARKTAREAPERCAP,Park area per capita,"Sum of the area of all parks that fall within the unit (if a park crosses the boundary of the unit, only the area within the unit is counted) divided by the total population within the administrative boundary and then multiplied by 1,000. Interpretation: Higher values indicate greater park area per capita.",0,,
area-level,Physical and Natural Environment,BEC_RESTRICTED_v2.0,BECSPARKDIST,Distance to nearest small park,The airline distance from L3 centroid to the nearest small park (as calculated from the nearest vertex of the small  park). This variable is available only at L3 and it currently includes only parks that are defined as small according to country based tertiles. Interpretation: Higher values indicate greater distance (or - lower proximity) to small urban parks.,0,,
area-level,Physical and Natural Environment,BEC_RESTRICTED_v2.0,BECSPARKNUM,Number of small urban parks,"Number of small parks that fall within a unit. Any small park that fall within the unit's boundaries will be counted, even if only part of the small park is in the unit. This metric currently includes only parks that are defined as small according to country-based tertiles. Interpretation: Higher values indicate greater prevalence of small urban parks.",0,,
area-level,Physical and Natural Environment,BEC_RESTRICTED_v2.0,BECSPARKNUMPERCAP,Number of small parks per capita,"Number of small parks that fall within the unit (total number of small  parks that fall within the unit's boundaries, even if only part of the small park is in the unit, divided by the total population (2017) within the administrative boundary and then multiplied by 1,000. This metric currently includes only parks that are defined as small according to country based tertiles. Interpretation: Higher values indicate more small parks per person.",0,,
area-level,Physical and Natural Environment,BEC_RESTRICTED_v2.0,BECSPARKPROP,Percentage of small parks,The percentage of all parks that are small-sized. [(“Number of small urban parks”/”Number of urban parks”)*100]. This metric currently includes only parks that are defined as small according to country based tertiles. Interpretation: Higher values suggest that small parks comprise higher percentages of all urban parks.,0,,
area-level,Physical and Natural Environment,BEC_RESTRICTED_v2.0,BECSPARKROUT,Route distance to nearest small park,Distance by street route from L3 centroid to the nearest small park (as calculated from the nearest vertex of the park). This variable is available only at L3 and it currently includes only parks that are defined as small according to country based tertiles. Interpretation: Higher values indicate greater distance (or - lower proximity) to urban parks. For L3 units with a park located 20km or more the distance to the nearest small park variable was labeled NA (Not applicable).,0,,
area-level,Physical and Natural Environment,BEC_RESTRICTED_v2.0,BECURBAVGTRAFTIME,Urban average travel time in traffic,Measures the average travel time in congestion. Larger values mean longer average travel times in the street network (minutes). The index for each area unit is approximated by measuring delays for 30 random origin-destination pairs in the street network and seven points in time during peak hours of a typical weekday. Each pair of points and moment in time determine a set of observations for each unit. The index for each area unit is approximated by measuring delays for 30 random origin-destination pairs in the street network and seven points in time during peak hours of a typical weekday. Each pair of points and moment in time determine a set of observations for each unit. Year of data: January 2018.,0,,
area-level,Physical and Natural Environment,BEC_RESTRICTED_v2.0,BECURBTRVDELAYINDEX,Urban travel delay index,Measures the increase in travel times due to congestion in the street network. The index for each area unit is approximated by measuring delays for 30 random origin-destination pairs in the street network and seven points in time during peak hours of a typical weekday. Each pair of points and moment in time determine a set of observations for each unit. Interpretation: Index ranges from zero to infinity. A value of zero means that traffic does not increase travel time. An index of X means travel time in traffic is (1+X) times the travel time without traffic. Year of data: January 2018.,0,,
area-level,Physical and Natural Environment,BEC_RESTRICTED_v2.0,BECURBTRVDELAYTIME,Urban travel delay time,Measures the average travel time delay (in minutes) due to congestion in the street network. Larger values mean longer time delays due to congestion (minutes). The index for each area unit is approximated by measuring delays for 30 random origin-destination pairs in the street network and seven points in time during peak hours of a typical weekday. Each pair of points and moment in time determine a set of observations for each unit. The index for each area unit is approximated by measuring delays for 30 random origin-destination pairs in the street network and seven points in time during peak hours of a typical weekday. Each pair of points and moment in time determine a set of observations for each unit. ,0,,
area-level,Physical and Natural Environment,BEC_v2.0,BECADAREA,Administrative unit total area,"Area in km2 of the administrative boundary. This is the total area, including land and water, within L3's boundary.",0.15,0,
area-level,Physical and Natural Environment,BEC_v2.0,BECADCRCTYAVG,Circuity average,"Measures the average ratio of network distances to straight-line distances. Average of the length of each edge divided by the great circle distances between the nodes of each edge.  Interpretation: For each edge in the network, its circuity is the ratio between the edge length and the straight line distance between its two end points. Varies from 1 to infinity, where streets that are straight lines have circuity of 1, and curved streets have higher circuity. Year of data: September 2017 for L1, January 2018 for L2",17.02,0,
area-level,Physical and Natural Environment,BEC_v2.0,BECADINTCOUNT,Total number of intersections,"Each intersection (a point where more than 2 streets meet) becomes a node of the network. Total number of intersections measures the number of nodes with more than one street emanating from them (thus excluding dead-ends). Year of data: September 2017 for L1_AD, January 2018 for L2, 2020 for L3.",0,0,
area-level,Physical and Natural Environment,BEC_v2.0,BECADINTDENS,Intersection density,"Measures the amount of intersections per km2 of area. Each intersection (a point where more than 2 streets meet) becomes a node of the network. Node density of the set of nodes with more than one street emanating from them (thus excluding dead-ends). Higher values means more connected. Interpretation: Varies from 0 to infinity. Cities with higher values have a lot of intersections by unit of area. Year of data: September 2017 for L1_AD, January 2018 for L2, 2020 for L3.",0.15,0,
area-level,Physical and Natural Environment,BEC_v2.0,BECADINTDENS3,Intersection density 3-way,"Measures the amount of intersections where exactly 3 streets meet per km2 of area. Each intersection (a point where more than 2 streets meet) becomes a node of the network. Node density of the set of nodes with 3 streets emanating from them. Higher values means more connected. Interpretation: Varies from 0 to infinity. Cities with higher values have a lot of intersections with 3 incoming streets by unit of area.Year of data: September 2017 for L1_AD, January 2018 for L2",17.02,0,
area-level,Physical and Natural Environment,BEC_v2.0,BECADINTDENS4,Intersection density 4-way,"Measures the amount of intersections where exactly 4 streets meet per km2 of area. Each intersection (a point where more than 2 streets meet) becomes a node of the network. Node density of the set of nodes with 4 streets emanating from them. Higher values means more connected. Interpretation: Varies from 0 to infinity. Cities with higher values have a lot of intersections with 4 incoming streets by unit of area.Year of data: September 2017 for L1_AD, January 2018 for L2",17.02,0,
area-level,Physical and Natural Environment,BEC_v2.0,BECADLRDENS,Large road density,"Measures the total length of streets in meters with four or more lanes per km2 of area. Interpretation: Varies from 0 to infinity. Cities with higher values have more large streets per unit of area; Higher values means more traffic, more obstacles, less walkability. Year of data: September 2017 for L1_AD, January 2018 for L2. ",17.02,0,
area-level,Physical and Natural Environment,BEC_v2.0,BECADSTTDENS,Street density,"Measures the total length of streets in meters per km2 of area. Each intersection (a point where more than 2 streets meet) becomes a node of the network and each street segment connecting two intersections becomes an edge in the network. Street density sums of all links in the undirected representation of the network divided by the area. Interpretation: Varies from 0 to infinity. Cities with higher values have a lot of streets by unit of area. Year of data:  September 2017 for L1_AD, January 2018 for L2, 2020 for L3.",0.15,0,
area-level,Physical and Natural Environment,BEC_v2.0,BECADSTTLGAVG,Street length average,"Measures the average length of streets in the street network. Each intersection (a point where more than 2 streets meet) becomes a node of the network and each street segment connecting two intersections becomes an edge in the network. Interpretation: Small values represent smaller blocks and large values represent larger street segments or blocks. Year of data: September 2017 for L1_AD, January 2018 for L2.",17.02,0,
area-level,Physical and Natural Environment,BEC_v2.0,BECADSTTPNODEAVG,Streets per node average,"Measures the distribution of the number of streets that meet at each intersection of the street network. Each intersection (a point where more than 2 streets meet) becomes a node of the network and each street segment connecting two intersections becomes an edge in the network. Interpretation: Varies from 2 to infinity. Higher values mean on average intersections connect to more intersections. Year of data: September 2017 for L1_AD, January 2018 for L2.",17.02,0,
area-level,Physical and Natural Environment,BEC_v2.0,BECADSTTPNODESD,Streets per node standard deviation,"Measures the distribution of the number of streets that meet at each intersection of the street network.  Each intersection (a point where more than 2 streets meet) becomes a node of the network and each street segment connecting two intersections becomes an edge in the network. The standard deviation of the number of physical streets (i.e., edges in the undirected representation of the graph) that emanate from each intersection and dead-end. Interpretation: Higher values mean more variability in the number of incoming edges (streets) for each node in the network; the statistical and spatial distributions of number of streets per intersection characterize the type, prevalence, and dispersion of intersection connectedness in the network. Year of data: September 2017 for L1_AD, January 2018 for L2.",17.02,0,
area-level,Physical and Natural Environment,BEC_v2.0,BECADSTTTLENGTH,Total street length,"Total street length considering all types of streets within the areal unit. Each intersection (a point where more than 2 streets meet) becomes a node of the network and each street segment connecting two intersections becomes an edge in the network. Street length sums of all links in the undirected representation of the network. Year of data: September 2017 for L1_AD, January 2018 for L2, 2020 for L3.",0,0,
area-level,Physical and Natural Environment,BEC_v2.0,BECADTYPE,L3 source type,An indicator variable for sources of L3 boundary,0,0,
area-level,Physical and Natural Environment,BEC_v2.0,BECAERTRAMLNGTH,Aerial tram length,"Measure of the Aerial Tram system supply. The aerial tramway is based on the principle of cableways in sightseeing tours in alpine resorts. The aerial tramway is a type or aerial lift which uses one or two stationary support ropes and a third moving rope to move a cabin through a defined path. For the cities where it does not exist, we assume zero as the value of the city. Interpretation: The total length in km of Aerial Tram. A unit with higher values has a bigger aerial tram system. Country team input: The draft of measures was sent to each country team to check for face validity.  Country teams used their expert knowledge and/or any existing criteria used to suggest any changes to the aerial tram variables at L1 and L2 “subcity”.  Year of data: December 2017",14.51,0,
area-level,Physical and Natural Environment,BEC_v2.0,BECAVGPTCHAREA,Mean patch size,"Total urban area (in hectares) divided by number of urban patches. Interpretation: Indicator of urban fragmentation. Larger values reflect a larger size of urban development; low values reflect scattered, small development.",2.09,0,
area-level,Physical and Natural Environment,BEC_v2.0,BECAWAVGPTCHAREA,Area-weighted mean patch size,"Weighted average of urban patch size (in hectares). This value is weighted by the area of each patch. By weighting by patch size, larger urban patches have a higher influence in this weighted-average metric. Researchers could decide at their own discretion on using this weighted index or the corresponding unweighted one. Interpretation: Indicator of fragmentation. Larger values reflect a larger size of urban development; low values reflect scattered, small development.",2.09,0,
area-level,Physical and Natural Environment,BEC_v2.0,BECAWEDGDENS,Area-weighted edge density,"Total perimeter of all patches multiplied by the corresponding area weight, and divided by the total area of the geographic unit. This is the area-weighted version of edge density. By weighting by patch size, larger urban patches have a higher influence in this weighted-average metric. Researchers could decide at their own discretion on using this weighted index or the corresponding unweighted one. Interpretation: Indicator of fragmentation and shape complexity. A higher value indicates, for the same total area of urban patches: (1) there are likely to be more smaller patches versus fewer larger patches, and (2) on average, patches have a more complex shape.",2.09,0,
area-level,Physical and Natural Environment,BEC_v2.0,BECAWMNNNGH,Area-weighted Mean Nearest Neighbor Distance,"Mean distance (in meters) to the nearest urban patch within the geographic boundary. This value is weighted by the area of each patch. Interpretation: Indicator of isolation among patches of a similar class, a higher value indicates higher level of isolation. By weighting by patch size, larger urban patches have a higher influence in this weighted-average metric.",2.15,0,
area-level,Physical and Natural Environment,BEC_v2.0,BECAWMNSHPINDX,Area-weighted mean shape index,"Shape index is a ratio of the actual perimeter of a patch to the minimum perimeter possible for a maximally compact patch with the same size. The area-weighted mean shape index is the weighted average of the shape index for each patch within the geographic boundary. This index is weighted by the area of each patch. Interpretation: Shape index ranges from 1 to infinity, with 1 being the index for a patch that is maximally compact. A lower value indicates higher levels of compactness of each individual patch. By weighting by patch size, larger urban patches have a higher influence in this weighted-average metric.",2.09,0,
area-level,Physical and Natural Environment,BEC_v2.0,BECBRTLNGTH,Bus Rapid Transit length,Measure of overall levels of Bus Rapid Transit (BRT) supply. For cities where there is no BRT system we assign zero as the value of the geographic level. The BRT is a bus-based public transport system designed to improve upon the capacity and reliability of a conventional bus system. A BRT system includes roadways specially designated as corridors for buses and stations for boarding. BRT aims to combine the capacity and speed of a metro and the flexibility and lower cost of a bus system. The total length in km of BRT in the geographic unit. A unit with higher values have a bigger BRT system. Year of data: September 2017. Country team input: The draft of measures was sent to each country team to check for face validity.  Country teams used their expert knowledge and/or any existing criteria used to suggest any changes to the BRT variables at L1 and L_2 “subcity”. ,14.55,0,
area-level,Physical and Natural Environment,BEC_v2.0,BECBRTPRCTRIP,Bus Rapid Transit price trip,One-way Bus Rapid Transit (BRT) fare in USD. The BRT price trip standard in USD.  The BRT is a bus-based public transport system designed to improve upon the capacity and reliability of a conventional bus system. A BRT system includes roadways specially designated as corridors for buses and stations for boarding. BRT aims to combine the capacity and speed of a metro and the flexibility and lower cost of a bus system. A unit with a higher travel price indicates a higher cost for the user per trip. Year of data: September 2017,33.33,0,
area-level,Physical and Natural Environment,BEC_v2.0,BECBYLANELNGTH,Bicycle lane length,"Measure of bicycle lane system supply.  Bicycle facilities: public infrastructure and other areas aimed at the exclusive or shared use of bicycles. This can be an exclusive lane of a public road or an independent way where bicycles can transit. Interpretation: The total length in km of bicycle lane. A unit with higher values has more and larger bicycle lanes. Country team input: The draft of measures was sent to each country team to check for face validity.  Country teams used their expert knowledge and/or any existing criteria used to suggest any changes to the bicycle lanes variables at L and L2 “subcity”. In a preliminary audit, we modified the values according to the information of the experts in the countries and the information collected from OpenStreetMap. For each city with a value different from zero or missing, we take the highest value between the value from the official source and OpenStreetMap. Year of data: December 2017",16.35,0,
area-level,Physical and Natural Environment,BEC_v2.0,BECCITYAGE,City foundation year,Foundation year for cities at Level 1 (Applicable only to L1AD and L1UX units). Interpretation: Colonial foundation of the city. Earliest date of colonial settlement is used as foundation year when official date was not available or when discrepancies were found between data sources. City foundation years range from 1502 to 1992. ,50,0,
area-level,Physical and Natural Environment,BEC_v2.0,BECCOAST,Coastal city,"Binary indicator that distinguishes between coastal (with a value of 1) and inland geographies (with a value of 0). Coastal geographies are those with parts of their boundaries within 1 km from the closest coastline, whereas inland regions represent the rest. Interpretation: Coastal regions should be treated differently as they are more influenced by oceans.",0.15,0,
area-level,Physical and Natural Environment,BEC_v2.0,BECCVPTCHAREA,Coefficient of variation of the urban patch size,"The standard deviation of the patch size within the geographic boundary, divided by the mean patch size within the geographic boundary. Interpretation: A higher value indicates a higher level of variation of patch sizes; a lower value indicates a more even distribution of patch sizes",2.09,0,
area-level,Physical and Natural Environment,BEC_v2.0,BECCZ,Major climate zone within boundary,"Major climate zone in a geography, indicating its seasonal precipitation and temperature patterns. Interpretation: Representative climate patterns of seasonal precipitation and temperature patterns in a geography. These patterns control for background difference in climate (precipitation and temperature) and biophysical environment (e.g., availability of greenspace and blue space).",14.55,0,
area-level,Physical and Natural Environment,BEC_v2.0,BECDEMBRT,Demand of Bus Rapid Transit,Measure level of demand of the Bus Rapid Transit (BRT) system.  The BRT is a bus-based public transport system designed to improve upon the capacity and reliability of a conventional bus system. A BRT system includes roadways specially designated as corridors for buses and stations for boarding. BRT aims to combine the capacity and speed of a metro and the flexibility and lower cost of a bus system. Interpretation: It is calculated as the ratio between number of users of BRT and total population (applicable only to L1). A unit with higher BRT demand values indicates a system with higher level of demand. Year of data: September 2017. ,33.42,0,
area-level,Physical and Natural Environment,BEC_v2.0,BECEDGDENS,Edge density,"Total perimeter of all urban patches, divided by the total area of the geographic unit measured in meters per hectare. Interpretation: Indicator of fragmentation and shape complexity. A higher value indicates, for the same total area of urban patches: (1) on average, there are likely to be more smaller patches, versus fewer larger patches, and (2) on average, patches have more complex shapes.",2.09,0,
area-level,Physical and Natural Environment,BEC_v2.0,BECEFFMESHSIZE,Effective Mesh Size,"The sum of squares of urban patch size, divided by the total area of the geographic unit in hectare. Interpretation: Indicator of fragmentation where larger patches have higher weights. Larger values reflect a larger size of urban development; low values reflect scattered, small development.",2.09,0,
area-level,Physical and Natural Environment,BEC_v2.0,BECELEVATIONAVE,Average elevation,Average elevation over land area (excluding water) in meters. Large value reflects more hilliness.,0.15,0,
area-level,Physical and Natural Environment,BEC_v2.0,BECELEVATIONMAX,Maximum elevation,Maximum elevation over land area (excluding water) in meters. Large value reflects more hilliness.,0.15,0,
area-level,Physical and Natural Environment,BEC_v2.0,BECELEVATIONMEDIAN,Median elevation,Median elevation over land area (excluding water) in meters. Large value reflects more hilliness.,0.15,0,
area-level,Physical and Natural Environment,BEC_v2.0,BECELEVATIONMIN,Minimum elevation,Minimum elevation over land area (excluding water) in meters. Large value reflects more hilliness.,0.15,0,
area-level,Physical and Natural Environment,BEC_v2.0,BECELEVATIONP25,25th percentile of elevation,25th percentile of elevation over land area (excluding water) in meters. Large value reflects more hilliness or more variations in hilliness.,0.15,0,
area-level,Physical and Natural Environment,BEC_v2.0,BECELEVATIONP75,75th percentile of elevation,75th percentile of elevation over land area (excluding water) in meters. Large value reflects more hilliness or more variations in hilliness.,0.15,0,
area-level,Physical and Natural Environment,BEC_v2.0,BECELEVATIONSTD,Standard deviation of elevation,Standard deviation of elevation over land area (excluding water) in meters. Large value reflects more variation in hilliness.,0.15,0,
area-level,Physical and Natural Environment,BEC_v2.0,BECERRORWP,Differences between worldpop- and census-based population,"Worldpop estimated population minus census-based population then divided by the census-based population. Interpretation: A larger value shows Worldpop-estimated population is higher than census-based population, and vice versa.",20.44,0,
area-level,Physical and Natural Environment,BEC_v2.0,BECFNRGUF,False negative rate (HSR vs GUF),"False negative rate is the probability that pixels classified as non-urban according to HSR are classified as urban according to GUF (the dataset used to derive the cross-sectional urban patch metrics). The measure was computed using the 2015 data. The false negative rate varies from 0 to 100. Missing values occurred for units that did not have negatives, false positives, true positives, or true negatives (because of missing data, for example) and which had zeroes in the nominator or denominator when computing the rates. Interpretation: Higher values mean a greater probability that non-urban areas per HSR to be classified as urban per GUF.",17.52,0,
area-level,Physical and Natural Environment,BEC_v2.0,BECFPRGUF,False positive rate (HSR vs GUF),"False positive rate is defined as probability of overlap between urban HSR pixels with non-urban GUF pixels (the dataset used to derive the cross-sectional urban patch metrics) relative to GUF non-urban. In other words, it is the probability that the pixels classified as urban according to HSR are classified as non-urban according to GUF. The measure was computed using the 2015 data. The false positive rate varies from 0 to 100. Missing values occurred for units that did not have negatives, false positives, true positives, or true negatives (because of missing data, for example) and which had zeroes in the nominator or denominator when computing the rates. Interpretation: Higher values mean greater disagreement between HSR and GUF regarding urban pixels.",17.04,0,
area-level,Physical and Natural Environment,BEC_v2.0,BECGASPRICE,Gasoline price,Measure the price per gallon. Price per gallon of standard gasoline in USD per lite. Interpretation: Price per gallon of standard gasoline in USD per liter. A unit with higher values indicates a transportation system with higher cost for the users and the drivers. The year of the data is from 2017 and range between March to September. A unit with higher values indicates a transportation system with higher cost for the users and the drivers.,28.83,0,
area-level,Physical and Natural Environment,BEC_v2.0,BECGASPRICEADJ,Adjusted gasoline price,"Measure the capacity of payment of a unit of fuel, according to the minimum wage. Interpretation: Price of standard gasoline in USD per liter /minimum wage. A unit with higher values indicates a transportation system with higher cost for the users and the drivers. ",28.83,0,
area-level,Physical and Natural Environment,BEC_v2.0,BECGEOFLAG,L3 boundary quality flag,"A variable indicating whether the L3s in an L1AD on average are correctly georeferenced, i.e., have the correct alignment with other geospatial data. BECGEOFLAGL3 = 0 indicates that L3s in an L1AD overall have correct alignment. BECGEOFLAGL3 = 1 indicates that L3s in an L1AD overall have incorrect alignment and we recommend not using these L3s in the analysis.",0,0,
area-level,Physical and Natural Environment,BEC_v2.0,BECGSAVGPTCHAREA,Mean greenspace patch size,"Total greenspace area (in hectares) divided by number of greenspace patches. Greenspace patches are net of water bodies and exclude limited no observation areas in remote sensing images (due to cloud and shadow). This variable is calculated for L1UX using a 2017 greenspace map at 10 m resolution. Due to the large size of L1AD and L2, this variable is calculated using the same greenspace map resampled to 30 m resolution. Interpretation: Indicator of fragmentation. Larger values reflect a larger size of greenness; low values reflect scattered, small greenness.",17.03,0,
area-level,Physical and Natural Environment,BEC_v2.0,BECGSAWAVGPTCHAREA,Area-weighted mean greenspace patch size,"Weighted average of urban patch size (in hectares). This value is weighted by the area of each patch. Greenspace patches and total area are net of water bodies and exclude limited no observation areas in remote sensing images (due to cloud and shadow). This variable is calculated for L1UX using a 2017 greenspace map at 10 m resolution. Due to the large size of L1AD and L2, this variable is calculated using the same greenspace map resampled to 30 m resolution. Interpretation: Indicator of fragmentation. Larger values reflect a larger size of greenness; low values reflect scattered, small greenness. By weighting by patch size, larger urban patches have a higher influence in this weighted-average metric. Researchers could decide at their own discretion on using this weighted index or the corresponding unweighted one.",17.03,0,
area-level,Physical and Natural Environment,BEC_v2.0,BECGSAWMNNNGH,Area-weighted Mean Nearest Neighbor Distance of greenspace patches,"Mean distance (in meters) to the nearest greenspace patch within the geographic boundary. This value is weighted by the area of each patch. Greenspace patches are net of water bodies and exclude limited no observation areas in remote sensing images (due to cloud and shadow). This variable is calculated for L1UX using a 2017 greenspace map at 10 m resolution. Due to the large size of L1AD and L2, this variable is calculated using the same greenspace map resampled to 30 m resolution. Interpretation: Indicator of isolation among patches of a similar class, a higher value indicates higher level of isolation. By weighting by patch size, larger green patches have a higher influence in this weighted-average metric.",17.18,0,
area-level,Physical and Natural Environment,BEC_v2.0,BECGSAWMNSHPINDX,Area-weighted mean shape index of greenspace patches,"Shape index is a ratio of the actual perimeter of a patch to the minimum perimeter possible for a maximally compact patch with the same size. The area-weighted mean shape index is the weighted average of the shape index for each patch within the geographic boundary. This index is weighted by the area of each patch. Greenspace patches are net of water bodies and exclude limited no observation areas in remote sensing images (due to cloud and shadow). This variable is calculated for L1UX using a 2017 greenspace map at 10 m resolution. Due to the large size of L1AD and L2, this variable is calculated using the same greenspace map resampled to 30 m resolution. Interpretation: Shape index ranges from 1 to infinity, with 1 being the index for a patch that is maximally compact. A lower value indicates higher levels of compactness of each individual patch. By weighting by patch size, larger green patches have a higher influence in this weighted-average metric.",17.03,0,
area-level,Physical and Natural Environment,BEC_v2.0,BECGSCLUMP,Clumpy of greenspace patches,"Clumpy measures the clustering of greenspace patches. Greenspace patches are net of water bodies and exclude limited no observation areas in remote sensing images (due to cloud and shadow). This variable is calculated for L1UX using a 2017 greenspace map at 10 m resolution. Due to the large size of L1AD and L2, this variable is calculated using the same greenspace map resampled to 30 m resolution. Interpretation: Indicator of spatial clustering of greenspace patches. A value closer to 1 indicates more spatial aggregation, whereas a value closer to -1 indicates more spatial disaggregation.",17.03,0,
area-level,Physical and Natural Environment,BEC_v2.0,BECGSCOHESION,Cohesion of greenspace patches,"Cohesion measures physical connectedness of greenspace patches. Cohesion increases monotonically as the proportion of the landscape occupied by greenspace increases until an asymptote is reached near the percolation threshold (beyond which a giant connected component exists). Cohesion=0 if the landscape only has one greenspace cell. Greenspace patches are net of water bodies and exclude limited no observation areas in remote sensing images (due to cloud and shadow). This variable is calculated for L1UX using a 2017 greenspace map at 10 m resolution. Due to the large size of L1AD and L2, this variable is calculated using the same greenspace map resampled to 30 m resolution.  Interpretation: Indicator of physical connectedness of greenspace patches. A value closer to 0 indicates less connection and less presence of greenspace patches. The value is sensitive to and increases with clumpy of greenspace patches, before the percolation threshold when a giant connected component forms (e.g., a green belt along the city perimeter). Beyond the percolation threshold, cohesion is insensitive to patch configuration.",17.03,0,
area-level,Physical and Natural Environment,BEC_v2.0,BECGSEDGDENDS,Edge density of greenspace patches,"Total edge of all greenspace patches, divided by the total are of the geographic unit (meters per hectare). Edge is the patch boundary separating greenspace from non-greenspace and does not include the boundary on the landscape boarder. Greenspace patches and total area are net of water bodies and exclude limited no observation areas in remote sensing images (due to cloud and shadow). This variable is calculated for L1UX using a 2017 greenspace map at 10 m resolution. Due to the large size of L1AD and L2, this variable is calculated using the same greenspace map resampled to 30 m resolution. Interpretation: Indicator of fragmentation and shape complexity. A higher value indicates, for the same total area of green patches: (1) on average, there are likely to be more smaller patches, versus fewer larger patches, and (2) on average, patches have more complex shapes.",17.03,0,
area-level,Physical and Natural Environment,BEC_v2.0,BECGSMNNNGH,Mean Nearest Neighbor Distance of greenspace patches,"Mean distance (in meters) to the nearest greenspace patch within the geographic boundary. Greenspace patches are net of water bodies and exclude limited no observation areas in remote sensing images (due to cloud and shadow). This variable is calculated for L1UX using a 2017 greenspace map at 10 m resolution. Due to the large size of L1AD and L2, this variable is calculated using the same greenspace map resampled to 30 m resolution.  Interpretation: Indicator of isolation among patches of a similar class, a higher value indicates higher level of isolation. By weighting by patch size, larger green patches have a higher influence in this weighted-average metric.",17.18,0,
area-level,Physical and Natural Environment,BEC_v2.0,BECGSMNSHPINDX,Mean shape index of greenspace patches,"Shape index is a ratio of the actual perimeter of a patch to the minimum perimeter possible for a maximally compact patch with the same size. Greenspace patches are net of water bodies and exclude limited no observation areas in remote sensing images (due to cloud and shadow). This variable is calculated for L1UX using a 2017 greenspace map at 10 m resolution. Due to the large size of L1AD and L2, this variable is calculated using the same greenspace map resampled to 30 m resolution. Interpretation: Shape index ranges from 1 to infinity, with 1 being the index for a patch that is maximally compact. A lower value indicates higher levels of compactness of each individual patch. By weighting by patch size, larger urban patches have a higher influence in this weighted-average metric.",17.03,0,
area-level,Physical and Natural Environment,BEC_v2.0,BECGSNPTCH,Number of greenspace patches,"Number of contiguous areas of greenspace (greenspace patches hereafter). Greenspace patches are net of water bodies and exclude limited no observation areas in remote sensing images (due to cloud and shadow). This variable is calculated for L1UX using a 2017 greenspace map at 10 m resolution. Due to the large size of L1AD and L2, this variable is calculated using the same greenspace map resampled to 30 m resolution.  Interpretation: Higher number of patches reflects fragmentation of green spaces.",17.03,0,
area-level,Physical and Natural Environment,BEC_v2.0,BECGSPCT,Percentage of greenspace,"Total greenspace area divided by the land area of the geographic unit, and multiplied by 100. Greenspace area and land area  are net of water bodies and exclude limited no observation areas in remote sensing images (due to cloud and shadow). This variable is calculated for L1UX and L3 using a 2017 greenspace map at 10 m resolution. Due to the large size of L1AD and L2, this variable is calculated using the same greenspace map resampled to 30 m resolution. Interpretation: Large value indicates a higher level of greeness of the geographic unit.",0.16,0,
area-level,Physical and Natural Environment,BEC_v2.0,BECGSPCTLAND,Land area for calculating percentage of greenspace ,Land area in hectares for calculating percentage of greenspace (denominator),0,0,
area-level,Physical and Natural Environment,BEC_v2.0,BECGSPTCHDENS,Greenspace patch density,"Number of greenspace patches divided by the total area of the geographic unit (number of patches/hectare). Greenspace patches and total area are net of water bodies and exclude limited no observation areas in remote sensing images (due to cloud and shadow). This variable is calculated for L1UX using a 2017 greenspace map at 10 m resolution. Due to the large size of L1AD and L2, this variable is calculated using the same greenspace map resampled to 30 m resolution. Interpretation: Higher patch density reflects fragmentation of green spaces.",17.03,0,
area-level,Physical and Natural Environment,BEC_v2.0,BECGUFFLAG,Quality flag  (HSR vs GUF),"The flag is used to mark records where the true positive rate – or the extent of overlap between urban HSR and urban GUF pixels at L1AD in 2015 – is less than 50%. If the true positive rate is < 50%, the flag takes on ‘1’, otherwise it is set to ‘0’.  The flag was computed for 2015 and is available for L1AD, L1UX, and L2.",17.04,0,
area-level,Physical and Natural Environment,BEC_v2.0,BECINCREASEFLAG,Flag for % increase in urban area between 1985 and 2015,"Flag for the percentage increase in urban area between 1985 and 2015. If percentage increase in urban area between 1985-2015 is greater than 149%, the flag is set as ‘1’; ‘0’ otherwise. Interpretation: ‘1’ means that a unit’s urbanized area saw an increase of greater than 149% -- or increased by at least 2.5 times -- by 2015 compared to 1985.",2.44,0,
area-level,Physical and Natural Environment,BEC_v2.0,BECMAXNDVINW,Maximum of annual maximum NDVI (water excluded),"Annual maximum Normalized Difference Vegetation Index (NDVI) in an area. NDVI is an indicator of vegetation ‘greenness’. NDVI ranges from -1 to 1, with higher values indicating more vegetated areas that are also greener. Interpretation: Maximum of the annual maximum NDVI values in effective urbanized area (excluding water and vegetation) with bias-corrections for cloud, heavy aerosols, and shadows. Large value reflects higher prevalence of vegetation, particularly greener vegetation.",0.01,0,
area-level,Physical and Natural Environment,BEC_v2.0,BECMEDNDVINW,Median of annual maximum NDVI (water excluded),"Annual median Normalized Difference Vegetation Index (NDVI) in an area. NDVI is an indicator of vegetation ‘greenness’. NDVI ranges from -1 to 1, with higher values indicating more vegetated areas that are also greener. Interpretation: Median of the annual maximum NDVI values in effective urbanized area (excluding water and vegetation) with bias-corrections for cloud, heavy aerosols, and shadows. Large value reflects higher prevalence of vegetation, particularly greener vegetation.",0.01,0,
area-level,Physical and Natural Environment,BEC_v2.0,BECMINWAGE,Minimim wage,Value of minimum wage per country in USD. Interpretation: USD at 2017 September,100,0,
area-level,Physical and Natural Environment,BEC_v2.0,BECNBHDCENT,Distance to city center,Measures distance to the center of Level 1 units (in km). (Applicable only to Level 2 and Level 3 units). Interpretation: Measures the distance between each L2 and L3 unit’s centroid to L1 city center. A higher value indicates longer distance to the city center.,0,0,
area-level,Physical and Natural Environment,BEC_v2.0,BECNUMBRTUS,Number of Bus Rapid Transit users,Measure of the Bus Rapid Transit (BRT) system demand (users per day). The BRT is a bus-based public transport system designed to improve upon the capacity and reliability of a conventional bus system. A BRT system includes roadways specially designated as corridors for buses and stations for boarding. BRT aims to combine the capacity and speed of a metro and the flexibility and lower cost of a bus system. Interpretation: The number of BRT users (applicable only to L1). A unit with higher values indicate that the BRT system transport more users. Year of data: September 2017,33.33,0,
area-level,Physical and Natural Environment,BEC_v2.0,BECNURBPTCH,Number of urban patches,Number of contiguous areas of urban development. Interpretation: Higher number of patches reflects fragmentation of urban expansion.,2.09,0,
area-level,Physical and Natural Environment,BEC_v2.0,BECOPSTTSYSLNGTH,Open street system length,"Measure the open street or ciclovías system supply. The  Ciclovías Recreativas in Latin America, Open Streets in North America are programs where streets are open temporarily exclusively for people so they can enjoy safe, free space in their city for cycling, skating, walking, jogging or other activities. Interpretation: The total length in km of streets that are used for the Open Streets or Ciclovía program for recreational purposes (applicable only to L1). A unit with higher values has a bigger open street system. Year of data: December 2017",33.33,0,
area-level,Physical and Natural Environment,BEC_v2.0,BECPAYCAPBRT,Payment capacity of Bus Rapid Transit,"Measues the capacity of payment of a city in the Bus Rapid Transit (BRT), according to the minimum wage (applicable only to L1). The BRT is a bus-based public transport system designed to improve upon the capacity and reliability of a conventional bus system. A BRT system includes roadways specially designated as corridors for buses and stations for boarding. BRT aims to combine the capacity and speed of a metro and the flexibility and lower cost of a bus system. The year of the minimum wage is from September of 2017 in USD. A unit with higher values indicates more expensive systems according to the minimum wage of each country. ",33.33,0,
area-level,Physical and Natural Environment,BEC_v2.0,BECPAYCAPSUB,Payment capacity of subway,"Measures the capacity of payment of a city in the Subway, according to the minimum wage (applicable only to L1). The year of the minimum wage is from September of 2017 in USD. Interpretation: It is calculated as the ratio between price trip of subway*10 and minimum wage. A unit with higher values indicates more expensive systems according to the minimum wage of each country.",33.33,0,
area-level,Physical and Natural Environment,BEC_v2.0,BECPCTINCREASE,% increase in urban area between 1985 and 2015,A percentage increase in total urban area in 2015 compared to 1985. This is calculated as ((total urban area in 2015- total urban area in 1985)/total urban area in 1985)*100. Interpretation: Higher values mean a more expansive urban growth.,17.11,0,
area-level,Physical and Natural Environment,BEC_v2.0,BECPCTPERMWATER,Percent area covered by permanent water bodies,Percentage of area covered by permanent water bodies (present at least once a month for all months in a year) of a geographic unit in a year. Interpretation: higher percentages indicate a stronger presence of water bodies.,0.01,0,
area-level,Physical and Natural Environment,BEC_v2.0,BECPCTSEASONWATER,Percent area covered by seasonal water bodies,Percentage of area covered by seasonal water bodies (present only in some months in a year) of a geographic unit in a year. Interpretation: higher percentages indicate a stronger presence of water bodies.,0.01,0,
area-level,Physical and Natural Environment,BEC_v2.0,BECPCTURBAN,Percentage of urban area,"Total urban area divided by the total area of the geographic unit, and multiplied by 100. Ranges from 0 to 100. Interpretation: Large value indicates a higher level of urbanization of the geographic unit.",2.09,0,
area-level,Physical and Natural Environment,BEC_v2.0,BECPCTURBANGUFFB,Percentage of urban area,"Total urban area (using both Global Urban Footprint (GUF) and Facebook population density maps) divided by the total area of the geographic unit, and multiplied by 100. Ranges from 0 to 100. Interpretation: Large value indicates a higher level of urbanization of the geographic unit.",0,0,
area-level,Physical and Natural Environment,BEC_v2.0,BECPCTWATERAREA,Total area for calculating percentage of blue space,Total area in hectares for calculating percentage of blue space,0,0,
area-level,Physical and Natural Environment,BEC_v2.0,BECPERCAPCO2,Per capita carbon footprint,"Per capita carbon (CO2) footprint of a geography. Interpretation: total and per capita carbon emission (carbon footprint) in a geography based on national or subnational carbon footprint, the geography’s population, purchasing power and expenditure patterns. Higher values indicate greater carbon emissions, which may indicate more emissions of co-pollutants (e.g. NOx, SOx) and anthropogenic heat. To get per capita carbon footprint, we first derived gridded population counts by dividing GGMCF’s total carbon footprint by its per capita carbon footprint. We then calculated total population in a geography using area-weighted sum. We finally calculated a geography’s capita carbon footprint by dividing the geography’s total carbon footprint by its total population.",14.56,0,
area-level,Physical and Natural Environment,BEC_v2.0,BECPOPCONC,Population concentration,Gini coefficient of population in all urban patches inside the geographic boundary. Measures the evenness of the distribution of population in units of 100m x 100m grid cells. Ranges from 0 (uniform population) to 1 (highly concentrated population). Population is adjusted for United Nations' country-level population projections. Interpretation: Measures how evenly distributed is the population over the urban area. A higher value indicates an uneven distribution. Using adjusted and unadjusted population will generate the same values.,15.54,0,
area-level,Physical and Natural Environment,BEC_v2.0,BECPOPDENS,Population density,Population per square kilometer in all the urban patches or administrative area inside the geographic boundary. Interpretation: A higher value indicates a denser urban development pattern.,0.13,0,
area-level,Physical and Natural Environment,BEC_v2.0,BECPRSAERTRAM,Presence of aerial tram,"Measure of the existence of Aerial tram system. The aerial tramway is based on the principle of cableways in sightseeing tours in alpine resorts. The aerial tramway is a type or aerial lift which uses one or two stationary support ropes and a third moving rope to move a cabin through a defined path. Interpretation: A binary variable indicating 1 if an Aerial tram system exists in the city, 0 in the other case.  Year of data: December 2017",14.55,0,
area-level,Physical and Natural Environment,BEC_v2.0,BECPRSBRT,Presence of a Bus Rapid Transit,"Measure the existence of a Bus Rapid Transit (BRT) system. The BRT is a bus-based public transport system designed to improve upon the capacity and reliability of a conventional bus system. A BRT system includes roadways specially designated as corridors for buses and stations for boarding. BRT aims to combine the capacity and speed of a metro and the flexibility and lower cost of a bus system. Year of data: September 2017. Interpretation: A binary variable indicating 1 if a BRT system exists in the city, 0 in the other case.",14.55,0,
area-level,Physical and Natural Environment,BEC_v2.0,BECPRSSUBWAY,Presence of subway,"Measure of the existence of Subway system. The mass rapid transit, also known as heavy rail, metro or subway, is a type of high-capacity public transport. The subway systems are compounds of electrical railways that operate on an exclusive right-of-way which is often separated in tunnels or elevated railways. Interpretation: A binary variable indicating 1 if a Subway system exists in the city, 0 in the other case. ",14.55,0,
area-level,Physical and Natural Environment,BEC_v2.0,BECPTCHDENS,Patch density,Number of urban patches divided by the total area of the geographic unit (in 100 hectares). Interpretation: Higher patch density reflects fragmentation of urban expansion.,2.09,0,
area-level,Physical and Natural Environment,BEC_v2.0,BECSLOPEAVE,Average slope in geographic unit.,"Average slope over land area (excluding water) in meters. Large value reflects more hilliness. Slope is derived from Shuttle Radar Topography Mission (SRTM) elevation model, by calculating elevation gradient (slope) using the 4-connected neighbors of each pixel",0.15,0,
area-level,Physical and Natural Environment,BEC_v2.0,BECSLOPEMAX,Maximum slope in geographic unit.,"Maximum slope over land area (excluding water) in meters. Large value reflects more hilliness. Slope is derived from Shuttle Radar Topography Mission (SRTM) elevation model, by calculating elevation gradient (slope) using the 4-connected neighbors of each pixel",0.15,0,
area-level,Physical and Natural Environment,BEC_v2.0,BECSLOPEMEDIAN,Median slope in geographic unit.,"Median slope over land area (excluding water) in meters. Large value reflects more hilliness. Slope is derived from Shuttle Radar Topography Mission (SRTM) elevation model, by calculating elevation gradient (slope) using the 4-connected neighbors of each pixel",0.15,0,
area-level,Physical and Natural Environment,BEC_v2.0,BECSLOPEMIN,Minimum slope in geographic unit.,"Minimum slope over land area (excluding water) in meters. Large value reflects more hilliness. Slope is derived from Shuttle Radar Topography Mission (SRTM) elevation model, by calculating elevation gradient (slope) using the 4-connected neighbors of each pixel",0.15,0,
area-level,Physical and Natural Environment,BEC_v2.0,BECSLOPEP25,25th percentile of slope in geographic unit.,"25th percentile of slope over land area (excluding water) in meters. Large value reflects more hilliness or variation in hilliness. Slope is derived from Shuttle Radar Topography Mission (SRTM) elevation model, by calculating elevation gradient (slope) using the 4-connected neighbors of each pixel",0.15,0,
area-level,Physical and Natural Environment,BEC_v2.0,BECSLOPEP75,75th percentile of slope in geographic unit.,"75th percentile of slope over land area (excluding water) in meters. Large value reflects more hilliness or variation in hilliness. Slope is derived from Shuttle Radar Topography Mission (SRTM) elevation model, by calculating elevation gradient (slope) using the 4-connected neighbors of each pixel",0.15,0,
area-level,Physical and Natural Environment,BEC_v2.0,BECSLOPESTD,Standard deviation of slope in geographic unit.,"Standard deviation of slope over land area (excluding water) in meters. Large value reflects more variation in hilliness. Slope is derived from Shuttle Radar Topography Mission (SRTM) elevation model, by calculating elevation gradient (slope) using the 4-connected neighbors of each pixel",0.15,0,
area-level,Physical and Natural Environment,BEC_v2.0,BECSTTP,Street design profiles,Characterize the street design profiles designed by the finite mixture modelling approach. Profiles includes several other SALURBAL Built Environement measures please reference to the variable origin section for details. ,100,0,
area-level,Physical and Natural Environment,BEC_v2.0,BECSUBWAYLNGTH,Subway length,"Measure of the overall levels of subway supply. The mass rapid transit, also known as heavy rail, metro or subway, is a type of high-capacity public transport. The subway systems are compounds of electrical railways that operate on an exclusive right-of-way which is often separated in tunnels or elevated railways. Interpretation: The total length in km of Subway. A unit with higher values has a bigger subway system. Year of data: December 2017",14.55,0,
area-level,Physical and Natural Environment,BEC_v2.0,BECSUBWAYPRCTRIP,Subway price trip,"Measure Subway transport services affordability. The mass rapid transit, also known as heavy rail, metro or subway, is a type of high-capacity public transport. The subway systems are compounds of electrical railways that operate on an exclusive right-of-way which is often separated in tunnels or elevated railways. Interpretation: The Subway price for one-way trip standard in USD (applicable only to L1, for the L2 cities it is the same as L1). A unit with a higher travel price indicates a higher cost for the user per trip. Year of data: December 2017",33.33,0,
area-level,Physical and Natural Environment,BEC_v2.0,BECSUPBIKEFAC,Supply of bike facilities,"Measure the offer of km of Bike facilities. Bicycle facilities is a public infrastructure and other areas aimed at the exclusive or shared use of bicycles. This can be an exclusive lane of a public road or an independent way where bicycles can transit. Interpretation: It is calculated as the ratio between bike facilities system length and population unadjusted. A unit with higher values of supply of bicycle lanes indicates the presence of a system with greater capacity for attention to the population. Year of data: December 2017.
",16.23,0,
area-level,Physical and Natural Environment,BEC_v2.0,BECSUPBRT,Supply of Bus Rapid Transit,Measure the supply of Bus Rapid Transit (BRT) in km per person. The BRT is a bus-based public transport system designed to improve upon the capacity and reliability of a conventional bus system. A BRT system includes roadways specially designated as corridors for buses and stations for boarding. BRT aims to combine the capacity and speed of a metro and the flexibility and lower cost of a bus system. Interpretation: It is calculated as the ratio between BRT system length and total population. A unit with higher values of supply of BRT indicates the presence of a system with greater capacity for attention to the population. Year of data: September 2017.,14.51,0,
area-level,Physical and Natural Environment,BEC_v2.0,BECSUPSUB,Supply of subway,"Measures the subway length per capita. The mass rapid transit, also known as heavy rail, metro or subway, is a type of high-capacity public transport. The subway systems are compounds of electrical railways that operate on an exclusive right-of-way which is often separated in tunnels or elevated railways. Interpretation: It is calculated as the ratio between subway system length and population unadjusted. A unit with higher values of supply of subway indicates the presence of a system with greater capacity for attention to the population. Year of data: December 2017",14.51,0,
area-level,Physical and Natural Environment,BEC_v2.0,BECTGSAREA,Total greenspace area,"Total area (in hectares) of grid cells classified as greenspace inside the geographic boundary. Greenspace excludes water bodies and limited no observation areas in remote sensing images (due to cloud and shadow). This variable is calculated for L1UX and L3 using a 2017 greenspace map at 10 m resolution. Due to the large size of L1AD and L2, this variable is calculated using the same greenspace map resampled to 30 m resolution. A higher value indicates more green area.",0.16,0,
area-level,Physical and Natural Environment,BEC_v2.0,BECTNRGUF,True negative rate (HSR vs GUF),"True negative rate is defined as probability that non-urban HSR pixels are classified as non-urban in GUF (the dataset used to derive the cross-sectional urban patch metrics). The measure was computed using the 2015 data. The true negative rate varies from 0 to 100. Missing values occurred for units that did not have negatives, false positives, true positives, or true negatives (because of missing data, for example) and which had zeroes in the nominator or denominator when computing the rates. Interpretation: Higher values mean greater agreement between HSR and GUF regarding non-urban pixels.",17.44,0,
area-level,Physical and Natural Environment,BEC_v2.0,BECTOTCO2,Total carbon footprint,"Total carbon (CO2) footprint of a geography.Unit for total carbon footprint is ktCO2 (1kt = 1000 ton). Interpretation: total carbon emission (carbon footprint) in a geography based on national or subnational carbon footprint, the geography’s population, purchasing power and expenditure patterns. Higher values indicate greater carbon emissions, which may indicate more emissions of co-pollutants (e.g. NOx, SOx) and anthropogenic heat.",14.55,0,
area-level,Physical and Natural Environment,BEC_v2.0,BECTPERMWATERAREA,Total area of permanent water bodies,Area in hectares covered by permanent water bodies (present at least once a month for all months in a year) of a geographic unit in a year. ,0,0,
area-level,Physical and Natural Environment,BEC_v2.0,BECTPRGUF,True positive rate,"True positive rate is defined as probability of overlap between urban HSR and urban GUF pixels (the dataset used to derive the cross-sectional urban patch metrics) relative to GUF urban. In other words, it is the probability that the pixels classified as urban according to HSR are also classified as urban according to GUF. The measure was computed using the 2015 data. The true positive rate varies from 0 to 100. Missing values occurred for units that did not have negatives, false positives, true positives, or true negatives (because of missing data, for example) and which had zeroes in the numerator or denominator when computing the rates. Interpretation: Higher values mean greater agreement between HSR and GUF regarding urban pixels.",17.04,0,
area-level,Physical and Natural Environment,BEC_v2.0,BECTSEASONWATERAREA,Total area of seasonal water bodies,Area in hectares covered by seasonal water bodies (present only in some months in a year) of a geographic unit in a year. ,0,0,
area-level,Physical and Natural Environment,BEC_v2.0,BECTUAREA,Total urban area,"Total area (in hectares) of 30m x 30m grid cells classified as urbanized inside the geographic boundary. Interpretation: Effective urbanized area, net of water, forest. Large value reflects higher level of urban expansion.",2.09,0,
area-level,Physical and Natural Environment,BEC_v2.0,BECTUAREAGUFFB,Total urban area (GUF+Facebook),Total area (in hectares) of 30m x 30m grid cells classified as urbanized inside the geographic boundary using both Global Urban Footprint (GUF) and Facebook population density maps,0,0,
area-level,Physical and Natural Environment,BEC_v2.0,BECURBLANDP,Urban landscape profiles,Characterize the urban landscape profiles designed by the finite mixture modelling approach. ,100,0,
area-level,Demographics,BTH_v1.0,BTHBIRTHS,Number of births,Number of births,0.97,1,
area-level,Mortality,DTHRED1_v2.0,DTHRED1DEATHS,"Number of deaths with redistributed ill-defined, GHE Tier 1 cause of death","Number of deaths in the geographic region, age, year, male and cause of death combination with redistributed ill-defined.",1.14,1,
area-level,Mortality,DTHRED2_v2.0,DTHRED2DEATHS,"Number of deaths with redistributed ill-defined, GHE Tier 2 cause of death","Number of deaths in the geographic region, age, year, male and cause of death combination with redistributed ill-defined.",1.37,1,
area-level,Mortality,DTH_v2.0,DTHDEATHS,Number of deaths,Number of all-cause deaths,1.25,1,
area-level,Mortality,LEMEDIAN_L1_v1.0,LEALE,Life Expectancy,"Estimated life expectancy at given age, sex at a given geographic area.",83.61,1,
area-level,Mortality,LE_L1_v1.0,LEALESAMPLE,Sex-specific life expectancy,Estimated sex-specific life expectancy at the age specified by LEAGE,0,1,
area-level,Mortality,MR_allcause_v2.0,AADR,Age-adjusted mortality rate,"Age-adjusted mortality rate expressed as per 1,000 population",4.35,1,
area-level,Mortality,MR_allcause_v2.0,CDR,Crude mortality rate,"Crude mortality rate expressed as per 1,000 population",4.35,1,
area-level,Demographics,PRJG_v2.0,PRJPD,Percent population change from 5 years prior to target year,Percent population change from 5 years prior to target year. The percent population change was calculated using the formula: [(PRJ<level>TPY1 - PRJ<level>TPY2) / PRJ<level>TPY2] *100,1.2,1,
area-level,Demographics,PRJG_v2.0,PRJTPY1,Total population at target year,Total population at target year. The total population was calculated by summing the population estimates across all age and sex categories in the population projections datasets for the specified year. This was used as an intermediate variable in the calculation of the percent population change from 5 years prior to target year (PRJPD).,1.2,0,
area-level,Demographics,PRJG_v2.0,PRJTPY2,Total population 5 years prior to target year,Total population 5 years prior to target year. The total population was calculated by summing the population estimates across all age and sex categories in the population projections datasets for the specified year. This was used as an intermediate variable in the calculation of the percent population change from 5 years prior to target year (PRJPD).,1.2,0,
area-level,Demographics,PRJS_v2.0,PRJSPOP,Number of people,Number of people,1.68,0,
area-level,Demographics,PRJT_v2.0,PRJTPOP,Number of people,Number of people at given sex,0.91,1,
area-level,Demographics,PRJ_v2.0,PRJPOP,Number of people,Number of people,1.38,1,
area-level,"Social, Economic, and Services Environment",SECGDPGPC_v1.0,SECGDPGADML,Administrative level of GDP per capita ,"Administrative level of the GDP estimate assigned to each SALID1. For L1ADs which incorporate multiple subnational administrative units, levels of all administrative units included in the GDP estimate are concatenated. For example, an L1AD which overlapped both a department and a federal district would have a value of “Department / Federal District.”",3.85,0,
area-level,"Social, Economic, and Services Environment",SECGDPGPC_v1.0,SECGDPGPPC,GDP per capita,"Gross Domestic Product (GDP) per capita (purchasing power parity in constant 2011 international US Dollars). Subnational GDP estimates are based on an extensive econometric analysis by Genaioli and colleagues in 2013. GDP per capita (purchasing power parity in constant 2011 international USD) was estimated globally using complete data available at the smallest administrative unit possible. Within Latin American countries, this subnational level was generally the first-level administrative unit (departments/states/etc.) in addition to federal districts in Argentina, Brazil, Mexico, and Nicaragua. The exception is Costa Rica, which has one national GDP estimate and no estimates at the subnational level.",3.85,1,
area-level,"Social, Economic, and Services Environment",SEC_Census_v1.0,CNSCROWD25BR,"Overcrowding, bedrooms",Percentage of households with more than 2.5 people per bedroom. ,1.44,1,
area-level,"Social, Economic, and Services Environment",SEC_Census_v1.0,CNSCROWD3RM,"Overcrowding, rooms",Percentage of households with more than 3 people per room. ,0.7,1,
area-level,"Social, Economic, and Services Environment",SEC_Census_v1.0,CNSEMPRAT,"Unemployment, female to male ratio",Ratio of the female (15 years of age and older) unemployment rate to the male (15 years of age and older) unemployment rate.,0.43,1,
area-level,"Social, Economic, and Services Environment",SEC_Census_v1.0,CNSFLOOR,Finished floors,"Percentage of dwellings with finished floors. Finished floors include any material that is not any type of earth (dirt, sand, or loose brick).",0.26,1,
area-level,"Social, Economic, and Services Environment",SEC_Census_v1.0,CNSHSEDRAT,"Completed secondary education, female to male ratio",Ratio of the female population aged 25 or older who completed secondary education or above to the male population aged 25 or older who completed secondary education or above.,0.62,1,
area-level,"Social, Economic, and Services Environment",SEC_Census_v1.0,CNSLABPART,Labor force participation,Percentage of the working-age population 15 years of age or older who participate in the labor force. (Employed + Unemployed)/(Total working age population). ,0.4,1,
area-level,"Social, Economic, and Services Environment",SEC_Census_v1.0,CNSLABPROP,Female labor force,Percentage of the female labor force (15 years of age and older) among the total labor force.,0.4,1,
area-level,"Social, Economic, and Services Environment",SEC_Census_v1.0,CNSLABRAT,"Labor force participation, female to male ratio",Ratio of the female (15 years of age and older) labor force participation rate to the male (15 years of age and older) labor force participation rate.,0.4,1,
area-level,"Social, Economic, and Services Environment",SEC_Census_v1.0,CNSMINHS,Completed secondary education,"Percentage of the population aged 25 or older who completed secondary education or above. In general, completed secondary is considered to be attained at 12 years of education.",0.62,1,
area-level,"Social, Economic, and Services Environment",SEC_Census_v1.0,CNSMINPR,Completed primary education,"Percentage of the population aged 25 or older who completed primary education or above. In general, completed primary is considered to be attained at 6 years of education. ",0.4,1,
area-level,"Social, Economic, and Services Environment",SEC_Census_v1.0,CNSMINUN,Completed university education,"Percentage of the population aged 25 or older who completed university education or above. In general, completed university is considered to be attained at 4 years of university education or above. ",0.66,1,
area-level,"Social, Economic, and Services Environment",SEC_Census_v1.0,CNSPOP,Census population,Population count.,0,0,
area-level,"Social, Economic, and Services Environment",SEC_Census_v1.0,CNSSEWANY,Any sewage connection,"Percentage of households connected to a sewage system of any type. A sewage connection includes a connection to a sewage system or a septic tank. The absence of a sewage connection includes non-sanitary pit latrines, disposal in natural bodies of water, or others.",0.27,1,
area-level,"Social, Economic, and Services Environment",SEC_Census_v1.0,CNSSEWNET,Sewage network connection,Percentage of households connected to a sewage network.,0.37,1,
area-level,"Social, Economic, and Services Environment",SEC_Census_v1.0,CNSST,School attendance,Percentage of the population aged 15 to 17 years attending school.,0.41,1,
area-level,"Social, Economic, and Services Environment",SEC_Census_v1.0,CNSSTRAT,"School attendance, female to male ratio",Ratio of the proportion of the female population aged 15 to 17 attending school to the proportion of the male population aged 15 to 17 attending school.,0.42,1,
area-level,"Social, Economic, and Services Environment",SEC_Census_v1.0,CNSUNEMP,Unemployment,"Percentage of the labor force (15 years of age and older) who are unemployed and are actively seeking employment, unemployment rate. (Unemployed)/(Employed + Unemployed)",0.4,1,
area-level,"Social, Economic, and Services Environment",SEC_Census_v1.0,CNSWALLDUR1,"Walls, durable materials","Percentage of dwellings with exterior walls mostly composed of durable materials. Durable materials include masonry, stone, cement, adobe, metal, glass, and other fabricated materials (sometimes mixed with wood).",1.56,1,
area-level,"Social, Economic, and Services Environment",SEC_Census_v1.0,CNSWALLDUR2,"Walls, masonry type materials","Percentage of dwellings with exterior walls mostly made of brick, stone, concrete, cement and/or similar materials. Walls made of adobe materials are excluded due to variations in how adobe is defined across countries.",1.56,1,
area-level,"Social, Economic, and Services Environment",SEC_Census_v1.0,CNSWALLDUR3,"Walls, country-defined durable",Percentage of all dwellings with exterior walls made of materials that the country has defined as durable. Individual country wall durability definitions are based on descriptions used by the respective national statistics agency.  ,1.56,1,
area-level,"Social, Economic, and Services Environment",SEC_Census_v1.0,CNSWATIN,Indoor piped water,Percentage of households with piped water access inside the dwelling.,0.76,1,
area-level,"Social, Economic, and Services Environment",SEC_Census_v1.0,CNSWATNET,Water network,Percentage of households with water from a public or private water network.,0.35,1,
area-level,"Social, Economic, and Services Environment",SEC_Census_v1.0,CNSWATPIPE,Piped water,"Percentage of households with piped water. Piped water includes all piped water, regardless of whether the water is within or outside the dwelling and property. The water connection may also be exclusive or shared between households. Piped water may not always be from potable sources.",0.66,1,
area-level,"Social, Economic, and Services Environment",SEC_GINICEPAL_v1.0,SECGINICEPAL,Income-based Gini obtained from CEPAL,"The Gini Index is a widely used summary measure of economic inequality that describes the distribution of wealth or income in a population. The final index calculated ranges from 0 to 1 with 0 expressing perfect equality and 1 expressing perfect inequality. 
Some features of the Gini Index as a measure of inequality are: 1)Population independence: The Gini Index does not depend on the size of the population. However, age structure and population mobility may play a role (people generally have low income when they are younger vs. when they are older); 2) Scale independence: The Gini Index does not depend on the size of the economy. However, it is important to keep in mind that small populations or less diverse economies tend to have small Gini Indices; 3) Transfer principle: if income is transferred from a rich person to a poor person the resulting distribution is more equal. The Gini index was calculated based on per capita household income deciles using disaggregated data on monetary income from salaries, rents, capital, transfers, and other from country household surveys. Data were harmonized across surveys to ensure internal consistency and for comparison between countries and cities, including adjusting per capita incomes for purchasing power parity using 2005 as the reference year and the consumer price index of a given survey year. The primary estimates were completed by the Division of Social Development of CEPAL and verified by the Global Urban Observatory of the UN Habitat. ",11.21,0,
area-level,"Social, Economic, and Services Environment",SEC_GINI_v1.0,SECGINICONS,Income GINI index,"A summary measure of economic inequality in terms of the distribution of per capita household income in the defined geographic area. The Gini Index is a widely used summary measure of economic inequality that describes distribution of wealth or income in a population. The Gini Index is based on the Lorenz curve, which plots the cumulative percentage of households (from the poorest to the richest) on the horizontal axis against the cumulative percentage of the income or consumption variable on the vertical axis. The Gini Index is calculated as twice the area between the Lorenz curve and the diagonal line crossing the intersection between the horizontal and vertical axes. The final index calculated ranges from 0 to 1 with 0 expressing perfect equality and 1 expressing perfect inequality. Some features of the Gini Index as a measure of inequality are:  
• Population independence: The Gini Index does not depend on the size of the population. However, age structure and population mobility may play a role (people generally have low income when they are younger vs. when they are older) 
• Scale independence: The Gini Index does not depend on the size of the economy. However, it is important to keep in mind that small populations or less diverse economies tend to have small Gini Indi-ces. 
• Transfer principle: if income is transferred from a rich person to a poor person the resulting distribution is more equal. ",0,1,
area-level,"Social, Economic, and Services Environment",SEC_GINI_v1.0,SECGINIINC,Consumption GINI index,"A summary measure of economic inequality in terms of the distribution of per capita household consumption in the defined geographic area. The Gini Index is a widely used summary measure of economic inequality that describes distribution of wealth or income in a population. The Gini Index is based on the Lorenz curve, which plots the cumulative percentage of households (from the poorest to the richest) on the horizontal axis against the cumulative percentage of the income or consumption variable on the vertical axis. The Gini Index is calculated as twice the area between the Lorenz curve and the diagonal line crossing the intersection between the horizontal and vertical axes. The final index calculated ranges from 0 to 1 with 0 expressing perfect equality and 1 expressing perfect inequality. Some features of the Gini Index as a measure of inequality are:  
• Population independence: The Gini Index does not depend on the size of the population. However, age structure and population mobility may play a role (people generally have low income when they are younger vs. when they are older) 
• Scale independence: The Gini Index does not depend on the size of the economy. However, it is important to keep in mind that small populations or less diverse economies tend to have small Gini Indi-ces. 
• Transfer principle: if income is transferred from a rich person to a poor person the resulting distribution is more equal. ",23.32,0,
area-level,"Social, Economic, and Services Environment",SEC_INDEXSCORES_v1.0,CNSSE1,Living conditions score,"Captures factors related to poverty and general living conditions. This score includes three variables: (1) the percentage of household with piped water inside the dwelling as a marker of living conditions; (2) the percentage of households with overcrowding (defined as more than 3 people per room, excluding kitchen and bathroom); and (3) the percentage of population aged 15-17 attending school. The latter variable is included because low school attendance among adolescents has been linked to poverty and early participation in the labor market, as well as exclusion from productive systems.  The score was created by summing the Z-scores for each component variable. Z-scores were created based on the distributions of all cities (L1AD) or all sub-cities (L2). For the construction of the score, we reverse coded the overcrowding indicator so higher score values signify better living conditions and lower poverty levels. ",9.43,1,
area-level,"Social, Economic, and Services Environment",SEC_INDEXSCORES_v1.0,CNSSE2,Service provision score,"Refers to services that cities provide to dwellings. This score includes two variables: (1) the percentage of households with access to water source from a municipal public or private water network, and (2) the percentage of households with sewage system connected to a municipal public or private sewage network. The score was created by summing the Z-scores for each variable. Z-scores were created based on the distributions of all cities (L1AD) or all sub-cities (L2). Higher score values signify better service provision in cities. ",9.23,1,
area-level,"Social, Economic, and Services Environment",SEC_INDEXSCORES_v1.0,CNSSE3,Population educational attainment score,"Refers to educational achievement in the overall population. We used aggregated data from individual level of education to retrieve (1) the percentage of population age 25 or above that has completed high school level or above, and (2) the percentage of population age 25 or above that completed university level or above. The score was created by summing the Z-scores for each variable. Z-scores were created based on the distributions of all cities (L1AD) or all sub-cities (L2). Higher score values signify better educational achievement in the population.",9,1,
area-level,"Social, Economic, and Services Environment",SEC_INDEXSCORES_v1.0,CNSSEI,Social environment index ,"This index aims to summarize the domains of education, water acces, sanitation and overcrowding. For its construction, one measure from each of the four domains of education (proportion of the population aged 25 or older who completed primary education or above), water access (proportion of households with piped water access inside the dwelling), sanitation (proportion of households connected to a public sewage network), and overcrowding (proportion of households with more than 3 people per room) was selected. Each measure was transformed into a Z-score using the mean and standard deviation from the census data. Overcrowding was reverse coded such that the direction of all measures indicate a better social environment. The four measures were summed then divided by 4 assuming equal weights for all four measures.  This index was developed using data for cities (L1AD), the same method was applied to create the index at sub-city (L2) level. The higher the index the best social environment.",9.43,1,
area-level,Demographics,SEC_MIGRATION_v1.0,CNSMIGRFORBORN,Foreign born,Foreign born as defined as the proportion of the current population that was born in a different country.,13.08,0,
area-level,Demographics,SEC_MIGRATION_v1.0,CNSMIGRINFOR,External migration (proportion of the current population that lived in a different country 5 years ago),External migration into the city (L1AD) or sub-city (L2) in last 5 years defined as the proportion of the current population that lived in a different country 5 years ago.,13.08,0,
area-level,Demographics,SEC_MIGRATION_v1.0,CNSMIGRININT,Internal migration (rural and urban-to-urban) in last 5 years,Internal migration (rural and urban-to-urban) into the city (L1AD) or sub-city (L2) in last 5 years defined as the proportion of the current population that lived elsewhere in the same country 5 years ago.,13.08,0,
area-level,Demographics,SEC_MIGRATION_v1.0,CNSMIGRININTR,Internal migration (rural-to-urban) in last 5 years ,Internal migration (rural-to-urban) into the city (L1AD) or sub-city (L2) in last 5 years defined as the proportion of the current population that lived in NON-SALURBAL (rural) areas of the same country 5 years ago.,13.08,0,
area-level,Demographics,SEC_MIGRATION_v1.0,CNSMIGRININTU,Internal migration (urban-to-urban) in last 5 years ,Internal migration (urban-to-urban) into the city (L1AD) or sub-city (L2) last 5 years defined as the proportion of the current population that lived in other SALURBAL areas of the same country 5 years ago.,13.08,0,
area-level,Demographics,SEC_MIGRATION_v1.0,CNSMIGRINTOTAL,All migration (internal and external) in last 5 years.,All migration into the city (L1AD) or sub-city (L2) (internal and external) in last 5 years defined as the proportion of the current population that lived elsewhere 5 years ago. Internal refers to  migration from elsewhere in the country. External refer to migration from outside the country.,13.08,0,
area-level,Demographics,SEC_MIGRATION_v1.0,CNSMIGROUTINT,Out migration within the same country (urban-to-urban and rural) in last 5 years ,"Out migration within the same country (urban-to-urban and rural) in last 5 years defined as the proportion of the current population that moved out of the city (L1AD) or sub-city (L2) to other parts of the country (whether urban or rural) in the past 5 years. Note that this is technically not a proportion, as the numerator (people moving out) are not included in the denominator (current population). ",13.08,0,
area-level,Demographics,SEC_MIGRATION_v1.0,CNSMIGROUTINTR,Out migration within the same country (urban-to-rural) in last 5 years ,"Out migration within the same country (urban-to-rural) in last 5 years defined as the proportion of the current population that moved out of the city (L1AD) or sub-city (L2) to non-SALURBAL areas within the country in the past 5 years. Note that this is technically not a proportion, as the numerator (people moving out) are not included in the denominator (current population).",13.08,0,
area-level,Demographics,SEC_MIGRATION_v1.0,CNSMIGROUTINTU,Out migration within the same country (urban-to-urban) in last 5 years,"Out migration within the same country (urban-to-urban) in last 5 years defined as the proportion of the current population that moved out of the city (L1AD) or sub-city (L2) to other SALURBAL areas within the country in the past 5 years. Note that this is technically not a proportion, as the numerator (people moving out) are not included in the denominator (current population).",13.08,0,
area-level,"Social, Economic, and Services Environment",SEC_SegregationIdx_v1.0,REGIONBR,Region in Brazil,"Indicates a region in Brazil:
1 = North
2 = Northeast
3 = Southeast
4 = South
5 = Central-West",100,0,
area-level,"Social, Economic, and Services Environment",SEC_SegregationIdx_v1.0,SGDISEDPRCP,"Dissimilarity index, primary incomplete vs complete",Dissimilarity index: primary incomplete vs. primary completed,77.33,1,
area-level,"Social, Economic, and Services Environment",SEC_SegregationIdx_v1.0,SGDISEDPRUN,"Dissimilarity index, primary incomplete vs university complete",Dissimilarity index: primary incomplete vs. university completed,82.5,1,
area-level,"Social, Economic, and Services Environment",SEC_SegregationIdx_v1.0,SGDISETBKWM,"Dissimilarity index, black vs white-mestizo",Dissimilarity index based on race/ethnicity: black vs. white and mestizo,50,1,
area-level,"Social, Economic, and Services Environment",SEC_SegregationIdx_v1.0,SGDISETBXWM,"Dissimilarity index, black-Raizal-Palenquer vs white-mestizo ",Dissimilarity index based on race/ethnicity: black (including Raizal and Palanquero) vs. white and mestizo,50,1,
area-level,"Social, Economic, and Services Environment",SEC_SegregationIdx_v1.0,SGDISIC1VOT,"Dissimilarity index, ≤1 minimum wage vs others",Dissimilarity index based on household income: ≤ 1 vs. > 1 minimum wage,100,1,
area-level,"Social, Economic, and Services Environment",SEC_SegregationIdx_v1.0,SGDISIC2VOT,"Dissimilarity index, ≤2 minimum wages vs others",Dissimilarity index based on household income: ≤ 2 vs. > 2 minimum wages,100,1,
area-level,"Social, Economic, and Services Environment",SEC_SegregationIdx_v1.0,SGDISIC3VOT,"Dissimilarity index, ≤3 minimum wage vs others",Dissimilarity index based on household income: ≤ 3 vs. > 3 minimum wages,100,1,
area-level,"Social, Economic, and Services Environment",SEC_SegregationIdx_v1.0,SGDISICHVOT,"Dissimilarity index, ≤half minimum wage vs others",Dissimilarity index based on household income: ≤ ½ vs. > ½ minimum wages,100,1,
area-level,"Social, Economic, and Services Environment",SEC_SegregationIdx_v1.0,SGDISRCBKWT,"Dissimilarity index, black vs white",Dissimilarity index based on race/ethnicity: black vs. white,100,1,
area-level,"Social, Economic, and Services Environment",SEC_SegregationIdx_v1.0,SGDISRCBWWT,"Dissimilarity index, brown vs white",Dissimilarity index based on race/ethnicity: brown vs. white,100,1,
area-level,"Social, Economic, and Services Environment",SEC_SegregationIdx_v1.0,SGDISRCBXWT,"Dissimilarity index, black brown vs white ",Dissimilarity index based on race/ethnicity: black and brown vs. white,100,1,
area-level,"Social, Economic, and Services Environment",SEC_SegregationIdx_v1.0,SGISOEDPRIC,"Isolation index, primary incomplete","Isolation index based on education, primary incomplete: Based on the educational attainment of people of 25 years or older (in Mexico, those of 15 years or older)",77.33,1,
area-level,"Social, Economic, and Services Environment",SEC_SegregationIdx_v1.0,SGISOEDUNCP,"Isolation index, university complete","Isolation index based on education, university completed. Based on the educational attainment of people of 25 years or older (in Mexico, those of 15 years or older)",82.5,1,
area-level,"Social, Economic, and Services Environment",SEC_SegregationIdx_v1.0,SGISOETBK,"Isolation index, black",Isolation index based on race/ethnicity: black,50,1,
area-level,"Social, Economic, and Services Environment",SEC_SegregationIdx_v1.0,SGISOETBX,"Isolation index, black-Raizal-Palenquer","Isolation index based on race/ethnicity: black, Raizal, and Palenquero",50,1,
area-level,"Social, Economic, and Services Environment",SEC_SegregationIdx_v1.0,SGISOETWM,"Isolation index, white-mestizo",Isolation index based on race/ethnicity: white or mestizo,50,1,
area-level,"Social, Economic, and Services Environment",SEC_SegregationIdx_v1.0,SGISOIC1,"Isolation index, income ≤1 minimum wage",Isolation index based on household income: ≤ 1 minimum wage,100,1,
area-level,"Social, Economic, and Services Environment",SEC_SegregationIdx_v1.0,SGISOIC2,"Isolation index, income ≤2 minimum wages",Isolation index based on household income: ≤ 2 minimum wages,100,1,
area-level,"Social, Economic, and Services Environment",SEC_SegregationIdx_v1.0,SGISOIC3,"Isolation index, income ≤3 minimum wages",Isolation index based on household income: ≤ 3 minimum wages,100,1,
area-level,"Social, Economic, and Services Environment",SEC_SegregationIdx_v1.0,SGISOICH,"Isolation index, income ≤half minimum wages",Isolation index based on household income: ≤ 1/2 minimum wage,100,1,
area-level,"Social, Economic, and Services Environment",SEC_SegregationIdx_v1.0,SGISORCBK,"Isolation index , black",Isolation index based on race/ethnicity: black,100,1,
area-level,"Social, Economic, and Services Environment",SEC_SegregationIdx_v1.0,SGISORCBW,"Isolation index, brown",Isolation index based on race/ethnicity: brown,100,1,
area-level,"Social, Economic, and Services Environment",SEC_SegregationIdx_v1.0,SGISORCBX,"Isolation index, black and brown ",Isolation index based on race/ethnicity: black and brown,100,1,
area-level,"Social, Economic, and Services Environment",SEC_SegregationIdx_v1.0,SGISORCWT,"Isolation index, white",Isolation index based on race/ethnicity: white,100,1,
area-level,"Social, Economic, and Services Environment",SEC_SegregationIdx_v1.0,SGNALL,Number of L3 units ,Number of all L3 units found in the census data within L1AD,85.96,0,
area-level,"Social, Economic, and Services Environment",SEC_SegregationIdx_v1.0,SGNEDALL,Number of people with education information,Number of people who responded to the question on educational attainment,77.33,0,
area-level,"Social, Economic, and Services Environment",SEC_SegregationIdx_v1.0,SGNEDPRCP,Number of people with primary education,Number of people who completed primary school as the highest institution,63.87,0,
area-level,"Social, Economic, and Services Environment",SEC_SegregationIdx_v1.0,SGNEDPRIC,Number of people without primary education,Number of people who did not complete primary school,77.33,0,
area-level,"Social, Economic, and Services Environment",SEC_SegregationIdx_v1.0,SGNEDSCCP,Number of people with secondary education,Number of people who completed secondary school as the highest institution,63.87,0,
area-level,"Social, Economic, and Services Environment",SEC_SegregationIdx_v1.0,SGNEDUNCP,Number of people with undergraduate education,Number of people who completed university as the highest institution,82.5,0,
area-level,"Social, Economic, and Services Environment",SEC_SegregationIdx_v1.0,SGNEMP,Unpopulated L3 units,Number of unpopulated L3 units within L1AD,85.96,0,
area-level,"Social, Economic, and Services Environment",SEC_SegregationIdx_v1.0,SGNETALL,Number of people with ethnicity information,Number of people who responded to the question on ethnicity,50,0,
area-level,"Social, Economic, and Services Environment",SEC_SegregationIdx_v1.0,SGNETBK,Number of black people,"Number of people, black",50,0,
area-level,"Social, Economic, and Services Environment",SEC_SegregationIdx_v1.0,SGNETBX,"Number of black, raizal y palenquero people","Number of people, black (including Raizal and Palanquero)",50,0,
area-level,"Social, Economic, and Services Environment",SEC_SegregationIdx_v1.0,SGNETWM,Number of white and mestizo people,"Number of people, white and mestizo",50,0,
area-level,"Social, Economic, and Services Environment",SEC_SegregationIdx_v1.0,SGNIC1,Number of households with ≤1 minimum wage,Number of private households with an income ≤ 1 minimum wage,100,0,
area-level,"Social, Economic, and Services Environment",SEC_SegregationIdx_v1.0,SGNIC2,Number of households with ≤2 minimum wages,Number of private households with an income ≤ 2 minimum wages,100,0,
area-level,"Social, Economic, and Services Environment",SEC_SegregationIdx_v1.0,SGNIC3,Number of households with ≤3 minimum wages,Number of private households with an income ≤ 3 minimum wages,100,0,
area-level,"Social, Economic, and Services Environment",SEC_SegregationIdx_v1.0,SGNICALL,Number of private households ,Number of private households,100,0,
area-level,"Social, Economic, and Services Environment",SEC_SegregationIdx_v1.0,SGNICH,Number of households with ≤half minimum wages,Number of private households with an income ≤½ minimum wages,100,0,
area-level,"Social, Economic, and Services Environment",SEC_SegregationIdx_v1.0,SGNNAV,Number of unavailable L3 units ,Number of L3 units for which data were not available within L1AD,85.96,0,
area-level,"Social, Economic, and Services Environment",SEC_SegregationIdx_v1.0,SGNRCALL,Number of people with race information,Number of people who responded to the question on race,100,0,
area-level,"Social, Economic, and Services Environment",SEC_SegregationIdx_v1.0,SGNRCBK,Number of black people,"Number of people, black",100,0,
area-level,"Social, Economic, and Services Environment",SEC_SegregationIdx_v1.0,SGNRCBW,Number of brown people,"Number of people, brown",100,0,
area-level,"Social, Economic, and Services Environment",SEC_SegregationIdx_v1.0,SGNRCBX,Number of black and brown people,"Number of people, black and brown",100,0,
area-level,"Social, Economic, and Services Environment",SEC_SegregationIdx_v1.0,SGNRCWT,Number of white people,"Number of people, white",100,0,
area-level,"Social, Economic, and Services Environment",SEC_SegregationIdx_v1.0,SGNUSE,Number of populated L3 units,Number of populated and available L3 units within L1AD,85.96,0,
area-level,"Social, Economic, and Services Environment",SEC_SegregationIdx_v1.0,SGPOP,Number of population in L1AD,Number of people in L1AD used to construct segregation indices,85.96,0,
area-level,"Social, Economic, and Services Environment",SEC_Survey_v1.0,SECEMPRAT,Female to Male Ratio of Unemployment,This is the ratio of female unemployment to male unemployment: SECEMPRAT = SECUNEMPPF (female unemployment rate)/SECUNEMPM (Male Unemployment rate). The ratio of the unemployment rate among females (15+ years of age) to the unemployment rate among males (15+ years of age),0,0,
area-level,"Social, Economic, and Services Environment",SEC_Survey_v1.0,SECLABFEM,The proportion of the total labor force who are female.,The proportion of the total labor force who are female among the population 15 years of age or above.  SECLABFEM= Females in the Labor Force/ (Males+ Females) in the labor Force,0,0,
area-level,"Social, Economic, and Services Environment",SEC_Survey_v1.0,SECLABPART,The labor force participation rate among the total population 15 years or above,The labor force participation rate among the total population 15 years or above,0,0,
area-level,"Social, Economic, and Services Environment",SEC_Survey_v1.0,SECLABRAT,Female to Male Ratio of Labor Force Participation,The ratio of the labor force participation rate among females (15+ years of age) to the labor force participation rate among males (15+ years of age),0,0,
area-level,"Social, Economic, and Services Environment",SEC_Survey_v1.0,SECPOV,Proportion of the population with household income below the national income poverty line.,"The proportion of the population in the defined geographic area living in households with household income below the national income poverty line. Each country has different methods for setting their poverty line, though most use a basic needs approach that is based on a basic food basket and essential non-food basket that is unique to each country",0,1,
area-level,"Social, Economic, and Services Environment",SEC_Survey_v1.0,SECUNEMP,Unemployment rate among the total population 15 years or above,"Unemployment variables reflect the proportion of the labor force (SECLABFOR) 15 years of age or more (with exceptions as noted Argentina where age is 10 and over and Brasil where age is 14 and over) who are unemployed, overall and by gender. Survey results are presented in three categories: employed, unemployed, or inactive. Employed refers to those who are working for payment, whether for money, products, merchandise, benefits, and/or other remuneration for at least 1 hour during a reference time period (usually a specific week). Unemployed refers to those who are not currently employed, but that are actively seeking employment during a certain time period (usually a month reference period) and are considered part of the labor force. Inactive refers to those who are not employed or unemployed and generally consists of retirees, students, volunteers, and those engaged in personal household labor activities.",0,0,
area-level,"Social, Economic, and Services Environment",SEC_marriage_v1.0,CNSFM,Proportion of women formally married among all women ages 15 to 17,Proportion of women 15 to 17 formally married among all women ages 15 to 17,20.44,1,
area-level,"Social, Economic, and Services Environment",SEC_marriage_v1.0,CNSFMARBF18,Proportion of women formally married among all married women,Proportion of women 15 to 17 formally married among all married women,20.44,1,
area-level,"Social, Economic, and Services Environment",SEC_marriage_v1.0,CNSNFM,Proportion of women formally/non-formally married among all women ages 15 to 17,Proportion of women 15 to 17 formally or non-formally married among all women ages 15 to 17,16.85,1,
area-level,"Social, Economic, and Services Environment",SEC_marriage_v1.0,CNSNFMARBF18,Proportion of women formally/ non-formally married among all married women,Proportion of women 15 to 17 formally or non-formally married among all married women,16.85,1,
area-level,Physical and Natural Environment,TMPDAILY_v1.0,TMPPW,Population and area weighted daily mean temperature,Population and area weighted daily mean temperature calculated as the mean of all temperature values available within the day weighted by area*population for the grid cells overlapping the geographic unit.,0,1,
area-level,Physical and Natural Environment,TMPDAILY_v1.0,TMPX,Area weighted daily mean temperature mean,Area weighted daily mean temperature calculated as the mean of all temperature values available within the day weighted by area for the grid cells overlapping the geographic unit.,0,1,
area-level,Physical and Natural Environment,TMP_v1.0,TMPMAX,Maximum temperature within the calendar year ,Maximum yearly temperature in Celsius.,0.85,1,
area-level,Physical and Natural Environment,TMP_v1.0,TMPMEAN,Mean (average) yearly temperature,Mean (average) yearly temperature in Celsius. This is calculated as the mean of all days within the calendar year.,0.85,1,
area-level,Physical and Natural Environment,TMP_v1.0,TMPMEDIAN,Median yearly temperature,Median yearly temperature in Celsius. This is calculated as the median of all days within the calendar year.,0.85,1,
area-level,Physical and Natural Environment,TMP_v1.0,TMPMIN,Minimum temperature within the calendar year,Minimum yearly temperature in Celsius.,0.85,1,
area-level,Physical and Natural Environment,TMP_v1.0,TMPN,Number of days used in calculating average temperature ,Number of days used in calculating the yearly summary measures. This is either 365 or 366 (leap years).,0.85,0,
area-level,Physical and Natural Environment,TMP_v1.0,TMPQRANGE,Interquartile range of yearly temperature measures,Interquartile range of yearly temperature in Celsius. This is calculated as the interquartile range of all days within the calendar year.,0.85,1,
area-level,Physical and Natural Environment,TMP_v1.0,TMPSTD,Standard Deviation of yearly temperature measures. ,Standard deviation of year temperature measure. This is calculated as the standard deviation of all days within the calendar year.,0.85,1,
area-level,Mortality,UCNT_Longit_v2.0,UCNT,Undercounting factor,Estimated sex-specific undercounting factor,4.35,1,
area-level,Physical and Natural Environment,VehicleRegistration_v1.0,BECCM,Number of passenger vehicles and motorbikes,Total number of passenger vehicles and motorbikes per geographical unit (BECPAV + BECMTRB).,1.11,1,
area-level,Physical and Natural Environment,VehicleRegistration_v1.0,BECCMAMOUNT,Number of L2s with available data for passenger vehicles and motorbikes (BECCM) measure,"Number of L2s with available data in that specific city (L1) and year for passenger vehicles and motorbikes (BECCM) measures. In some cities, data is not availale for all sub-city (L2) units.",4.57,0,
area-level,Physical and Natural Environment,VehicleRegistration_v1.0,BECCMCHANGE,Percent change in passenger vehicles and motorbikes (BECCM) motorization rate,Percent change in passenger vehicles and motorbikes (BECCM) motorization for 2010-2015 = (BECCMRATE2015 – BECCMRATE2010)/(BECCMRATE2010). Only included in  for year 2015.,21.47,1,
area-level,Physical and Natural Environment,VehicleRegistration_v1.0,BECCMCORRAMT,Expected number of L2s for passenger vehicles and motorbikes (BECCM) measure,"Total number of subcities (L2) within city (L1). If there were no missing data, the is the number of subcities that should have data for passenger vehicles and motorbikes (BECCM) measures. Compare this variable with BECCM_AMOUNTL2 to assess whether the BECCM measures include data from all L2 units.",4.57,0,
area-level,Physical and Natural Environment,VehicleRegistration_v1.0,BECCMPCTPOP,Percent of city (L1) population with available data for passenger vehicles and motorbikes (BECCM) measures,Percent of city (L1) population with available data for passenger vehicles and motorbikes (BECCM) measures as the sum of population of subcities (L2) with available data divided by total population of city (L1),5.21,0,
area-level,Physical and Natural Environment,VehicleRegistration_v1.0,BECCMPOPADD,Total population for passenger vehicles and motorbikes (BECCM) measures,Population value obtained by summing the population of the subcities (L2) with available data for passenger vehicles and motorbikes (BECCM) measures,5.21,0,
area-level,Physical and Natural Environment,VehicleRegistration_v1.0,BECCMPOPCORR,Expected population for passenger vehicles and motorbikes (BECCM) measures,Expected population for passenger vehicles and motorbikes (BECCM) measures as the sum of population for all subcity (L2) units within the city (L1),5.21,0,
area-level,Physical and Natural Environment,VehicleRegistration_v1.0,BECCMRATE,Motorization rate for passenger vehicles and motorbikes (BECCM),Motorization rate passenger vehicles and motorbikes (BECCM) = (BECCM/BECCMPOPADD)*1000,1.26,1,
area-level,Physical and Natural Environment,VehicleRegistration_v1.0,BECHEV,Number of heavy vehicles,"Number of heavy vehicles per geographical unit (L1/L2 unit.). This includes buses, minibuses and sized trucks.",1.11,1,
area-level,Physical and Natural Environment,VehicleRegistration_v1.0,BECHEVAMOUNT,Number of L2s with available data for heavy vehicles (BECHEV) measure,"Number of L2s with available data in that specific city (L1) and year for heavy vehicles (BECHEV) measures. In some cities, data is not availale for all sub-city (L2) units.",4.57,0,
area-level,Physical and Natural Environment,VehicleRegistration_v1.0,BECHEVCHANGE,Percent change in heavy vehicles (BECHEV) motorization rate,Percent change in heavy vehicles (BECHEV) motorization for 2010-2015 = (BECHEVRATE2015 –BECHEVRATE2010)/(BECHEVRATE2010). Only included in  for year 2015.,21.47,1,
area-level,Physical and Natural Environment,VehicleRegistration_v1.0,BECHEVCORRAMT,Expected number of L2s for heavy vehicles (BECHEV) measure,"Total number of subcities (L2) within city (L1). If there were no missing data, the is the number of subcities that should have data for heavy vehicles (BECHEV) measures. Compare this variable with BECCM_AMOUNTL2 to assess whether the BECHEV measures include data from all L2 units.",4.57,0,
area-level,Physical and Natural Environment,VehicleRegistration_v1.0,BECHEVPCTPOP,Percent of city (L1) population with available data for heavy vehicles (BECHEV) measures,Percent of city (L1) population with available data for heavy vehicles (BECHEV) measures as the sum of population of subcities (L2) with available data divided by total population of city (L1),5.2,0,
area-level,Physical and Natural Environment,VehicleRegistration_v1.0,BECHEVPOPADD,Total population for heavy vehicles (BECHEV) measures,Population value obtained by summing the population of the subcities (L2) with available data for heavy vehicles (BECHEV) measures,5.2,0,
area-level,Physical and Natural Environment,VehicleRegistration_v1.0,BECHEVPOPCORR,Expected population for heavy vehicles (BECHEV) measures,Expected population for heavy vehicles (BECHEV) measures as the sum of population for all subcity (L2) units within the city (L1),5.2,0,
area-level,Physical and Natural Environment,VehicleRegistration_v1.0,BECHEVRATE,Motorization rate for heavy vehicles (BECHEV),Motorization rate heavy vehicles (BECHEV) = (BECHEV/BECHEVPOPADD)*1000,1.26,1,
area-level,Physical and Natural Environment,VehicleRegistration_v1.0,BECMTRB,Number of motorbike vehicles,"Number of motorbike vehicles per geographical unit. This includes motorbikes, motorized tricycle and quadricycle and similar vehicle.",1.11,1,
area-level,Physical and Natural Environment,VehicleRegistration_v1.0,BECMTRBAMOUNT,Number of L2s with available data for motorbike vehicles (BECMTRB) measure,"Number of L2s with available data in that specific city (L1) and year for motorbike vehicles (BECMTRB) measures. In some cities, data is not availale for all sub-city (L2) units.",4.57,0,
area-level,Physical and Natural Environment,VehicleRegistration_v1.0,BECMTRBCHANGE,Percent change in motorbike vehicles (BECMTRB) motorization rate,Percent change in motorbike vehicles (BECMTRB) motorization for 2010-2015 = (BECMTRBRATE2015 –BECMTRBRATE2010)/(BECMTRBRATE2010). Only included in  for year 2015.,21.49,1,
area-level,Physical and Natural Environment,VehicleRegistration_v1.0,BECMTRBCORRAMT,Expected number of L2s for motorbike vehicles (BECMTRB) measure,"Total number of subcities (L2) within city (L1). If there were no missing data, the is the number of subcities that should have data for motorbike vehicles (BECMTRB) measures. Compare this variable with BECCM_AMOUNTL2 to assess whether the BECMTRB measures include data from all L2 units.",4.57,0,
area-level,Physical and Natural Environment,VehicleRegistration_v1.0,BECMTRBPCTPOP,Percent of city (L1) population with available data for motorbike vehicles (BECMTRB) measures,Percent of city (L1) population with available data for motorbike vehicles (BECMTRB) measures as the sum of population of subcities (L2) with available data divided by total population of city (L1),5.2,0,
area-level,Physical and Natural Environment,VehicleRegistration_v1.0,BECMTRBPOPADD,Total population for motorbike vehicles (BECMTRB) measures,Population value obtained by summing the population of the subcities (L2) with available data for motorbike vehicles (BECMTRB) measures,5.2,0,
area-level,Physical and Natural Environment,VehicleRegistration_v1.0,BECMTRBPOPCORR,Expected population for motorbike vehicles (BECMTRB) measures,Expected population for motorbike vehicles (BECMTRB) measures as the sum of population for all subcity (L2) units within the city (L1),5.2,0,
area-level,Physical and Natural Environment,VehicleRegistration_v1.0,BECMTRBRATE,Motorization rate for motorbike vehicles (BECMTRB),Motorization rate motorbike vehicles (BECMTRB) = (BECMTRB/BECMTRBPOPADD)*1000,1.26,1,
area-level,Physical and Natural Environment,VehicleRegistration_v1.0,BECOTHVR,Number of other vehicles,"Number of other vehicles per geographical unit. This includes only other motorized vehicles such as trailer, tractor, and streetcar.",1.18,1,
area-level,Physical and Natural Environment,VehicleRegistration_v1.0,BECOTHVRAMOUNT,Number of L2s with available data for other vehicles (BECOTHVR) measure,"Number of L2s with available data in that specific city (L1) and year for other vehicles (BECOTHVR) measures. In some cities, data is not availale for all sub-city (L2) units.",4.43,0,
area-level,Physical and Natural Environment,VehicleRegistration_v1.0,BECOTHVRCHANGE,Percent change in other vehicles (BECOTHVR) motorization rate,Percent change in other vehicles (BECOTHVR) motorization for 2010-2015 = (BECOTHVRRATE2015 –BECOTHVRRATE2010)/(BECOTHVRRATE2010). Only included in  for year 2015.,24.01,1,
area-level,Physical and Natural Environment,VehicleRegistration_v1.0,BECOTHVRCORRAMT,Expected number of L2s for other vehicles (BECOTHVR) measure,"Total number of subcities (L2) within city (L1). If there were no missing data, the is the number of subcities that should have data for other vehicles (BECOTHVR) measures. Compare this variable with BECCM_AMOUNTL2 to assess whether the BECOTHVR measures include data from all L2 units.",4.43,0,
area-level,Physical and Natural Environment,VehicleRegistration_v1.0,BECOTHVRPCTPOP,Percent of city (L1) population with available data for other vehicles (BECOTHVR) measures,Percent of city (L1) population with available data for other vehicles (BECOTHVR) measures as the sum of population of subcities (L2) with available data divided by total population of city (L1),4.71,0,
area-level,Physical and Natural Environment,VehicleRegistration_v1.0,BECOTHVRPOPADD,Total population for other vehicles (BECOTHVR) measures,Population value obtained by summing the population of the subcities (L2) with available data for other vehicles (BECOTHVR)  measures,4.71,0,
area-level,Physical and Natural Environment,VehicleRegistration_v1.0,BECOTHVRPOPCORR,Expected population for other vehicles (BECOTHVR) measures,Expected population for other vehicles (BECOTHVR) measures as the sum of population for all subcity (L2) units within the city (L1),4.71,0,
area-level,Physical and Natural Environment,VehicleRegistration_v1.0,BECOTHVRRATE,Motorization rate for other vehicles (BECOTHVR),Motorization rate other vehicles (BECOTHVR) = (BECOTHVR/BECOTHVRPOPADD)*1000,1.24,1,
area-level,Physical and Natural Environment,VehicleRegistration_v1.0,BECPAV,Number of passenger vehicles,"Number of passenger vehicles per geograpical unit. This includes car, sport utilitary vehicle (SUV), pick-up truck, light trucks, vans and similar vehicles.",1.11,1,
area-level,Physical and Natural Environment,VehicleRegistration_v1.0,BECPAVAMOUNT,Number of L2s with available data for passenger vehicles (BECPAV) measure,"Number of L2s with available data in that specific city (L1) and year for passenger vehicles (BECPAV) measures. In some cities, data is not availale for all sub-city (L2) units.",4.57,0,
area-level,Physical and Natural Environment,VehicleRegistration_v1.0,BECPAVCHANGE,Percent change in passenger vehicles (BECPAV) motorization rate,Percent change in passenger vehicles (BECPAV) motorization for 2010-2015 = (BECPAVRATE2015 –BECPAVRATE2010)/(BECPAVRATE2010). Only included in  for year 2015.,21.47,1,
area-level,Physical and Natural Environment,VehicleRegistration_v1.0,BECPAVCORRAMT,Expected number of L2s for passenger vehicles (BECPAV) measure,"Total number of subcities (L2) within city (L1). If there were no missing data, the is the number of subcities that should have data for passenger vehicles (BECPAV) measures. Compare this variable with BECCM_AMOUNTL2 to assess whether the BECPAV measures include data from all L2 units.",4.57,0,
area-level,Physical and Natural Environment,VehicleRegistration_v1.0,BECPAVPCTPOP,Percent of city (L1) population with available data for passenger vehicles (BECPAV) measures,Percent of city (L1) population with available data for passenger vehicles (BECPAV) measures as the sum of population of subcities (L2) with available data divided by total population of city (L1),5.2,0,
area-level,Physical and Natural Environment,VehicleRegistration_v1.0,BECPAVPOPADD,Total population for passenger vehicles (BECPAV) measures,Population value obtained by summing the population of the subcities (L2) with available data for passenger vehicles (BECPAV) measures,5.2,0,
area-level,Physical and Natural Environment,VehicleRegistration_v1.0,BECPAVPOPCORR,Expected population for passenger vehicles (BECPAV) measures,Expected population for passenger vehicles (BECPAV) measures as the sum of population for all subcity (L2) units within the city (L1),5.2,0,
area-level,Physical and Natural Environment,VehicleRegistration_v1.0,BECPAVRATE,Motorization rate for passenger vehicles (BECPAV),Motorization rate passenger vehicles (BECPAV) = (BECPAV/BECPAVPOPADD)*1000,1.26,1,
area-level,Physical and Natural Environment,VehicleRegistration_v1.0,BECTOTVR,Number of total registered motorized vehicles,Number of total registered motorized vehicles per geographical unit.,1.11,1,
area-level,Physical and Natural Environment,VehicleRegistration_v1.0,BECTOTVRAMOUNT,Number of L2s with available data for total registered motorized vehicles (BECTOTVR) measure,"Number of L2s with available data in that specific city (L1) and year for total registered motorized vehicles (BECTOTVR) measures. In some cities, data is not availale for all sub-city (L2) units.",4.57,0,
area-level,Physical and Natural Environment,VehicleRegistration_v1.0,BECTOTVRCHANGE,Percent change in total registered motorized vehicles (BECTOTVR) motorization rate,Percent change in total registered motorized vehicles (BECTOTVR) motorization for 2010-2015 = (BECTOTVRRATE2015 –BECTOTVRRATE2010)/(BECTOTVRRATE2010). Only included in  for year 2015.,21.47,1,
area-level,Physical and Natural Environment,VehicleRegistration_v1.0,BECTOTVRCORRAMT,Expected number of L2s for total registered motorized vehicles (BECTOTVR) measure,"Total number of subcities (L2) within city (L1). If there were no missing data, the is the number of subcities that should have data for total registered motorized vehicles (BECTOTVR) measures. Compare this variable with BECCM_AMOUNTL2 to assess whether the BECTOTVR measures include data from all L2 units.",4.57,0,
area-level,Physical and Natural Environment,VehicleRegistration_v1.0,BECTOTVRPCTPOP,Percent of city (L1) population with available data for total registered motorized vehicles (BECTOTVR) measures,Percent of city (L1) population with available data for total registered motorized vehicles (BECTOTVR) measures as the sum of population of subcities (L2) with available data divided by total population of city (L1),5.2,0,
area-level,Physical and Natural Environment,VehicleRegistration_v1.0,BECTOTVRPOPADD,Total population for total registered motorized vehicles (BECTOTVR) measures,Population value obtained by summing the population of the subcities (L2) with available data for total registered motorized vehicles (BECTOTVR) measures,5.2,0,
area-level,Physical and Natural Environment,VehicleRegistration_v1.0,BECTOTVRPOPCORR,Expected population for total registered motorized vehicles (BECTOTVR) measures,Expected population for total registered motorized vehicles (BECTOTVR) measures as the sum of population for all subcity (L2) units within the city (L1),5.2,0,
area-level,Physical and Natural Environment,VehicleRegistration_v1.0,BECTOTVRRATE,Motorization rate for total registered motorized vehicles (BECTOTVR),Motorization rate total registered motorized vehicles (BECTOTVR) = (BECTOTVR/BECTOTVRPOPADD)*1000,1.26,1,
area-level,"Social, Economic, and Services Environment",WomenPP_v1.0,POLFEMELECT,Percent women elected as mayor within city,Percent subcities (or municipalities in Argentina) within a city (L1AD) that have a female elected as mayor in the last known election between 2010-2014 and by 2015 or 2017 for Argentina and by 2015 for Peru,79.62,1,
area-level,"Social, Economic, and Services Environment",WomenPP_v1.0,POLNFEMELECT,Number of subcity (L2) units to calculate POLFEMELECT,Number of subcity (L2) units (or municipalities aggregated up to L1AD in Argentina) used to cal-culate the percent women elected as mayor.,79.73,0,
area-level,"Social, Economic, and Services Environment",WomenPP_v1.0,POLNSEX,Number of municipalities to calculate POLSEX ,Number of municipalities aggregated up to subcities (L2) in Argentina (used to calculate the percent female elected as mayor).,0,0,
area-level,"Social, Economic, and Services Environment",WomenPP_v1.0,POLSEX,Percent women elected as mayor within subcity,"Indicator variable of whether the elected mayor in the election for the specified year was a woman or for Argentina, percent of municipalities within a subcity (L2) that have a female elected as mayor in the last known election in 2015 or 2017.",0,1,
area-level,Health Risk Factors,adult_survey_prevalence_v1.0,SPVBMIOBESE,Adult obesity prevalence,Prevelence estimate for obesity in adults aged 18 and older. Obesity is defined as body mass index (BMI) >=30 based on WHO classification. BMI was calculated from objectively measured height and weight.,18.71,1,
area-level,Health Risk Factors,adult_survey_prevalence_v1.0,SPVBMIOVOB,Adult overweight and obese prevalence,Prevalence estimate for overweight and obese in adults aged 18 and older. Overweight and obese is defined as body mass index (BMI) >=25 based on WHO classification. BMI was calculated from objectively measured height and weight.,18.4,1,
area-level,Health Risk Factors,adult_survey_prevalence_v1.0,SPVBMISOBESE,Adult obesity prevalence,Prevelence estimate for obesity in adults aged 18 and older. Obesity is defined as body mass index (BMI) >=30 based on WHO classification. BMI was calculated from self-reported height and weight.,69.27,1,
area-level,Health Risk Factors,adult_survey_prevalence_v1.0,SPVBMISOVOB,Adult overweight and obese prevalence,Prevalence estimate for overweight and obese in adults aged 18 and older. Overweight and obese is defined as body mass index (BMI) >=25 based on WHO classification. BMI was calculated from self-reported height and weight.,69.27,1,
area-level,Health Risk Factors,adult_survey_prevalence_v1.0,SPVBMISUWT,Adult underweight prevalence,Prevalence estimate for underweight in adults aged 18 and older. Underweight is defined as body mass index (BMI) <18.5 based on WHO classification. BMI was calculated from self-reported height and weight.,69.27,0,
area-level,Health Risk Factors,adult_survey_prevalence_v1.0,SPVBMIUWT,Adult underweight prevalence,Prevalence estimate for underweight in adults aged 18 and older. Underweight is defined as body mass index (BMI) <18.5 based on WHO classification. BMI was calculated from objectively measured height and weight.,19.16,0,
area-level,Health Risk Factors,adult_survey_prevalence_v1.0,SPVCESD7CAT,Clinically significant depressive symptoms prevalence based on CESD-SF7,Prevalence Estimate for clinically significant depressive symptoms based on Center for Epidemiological Studies Depression short form (CESD-SF7) depressive symptoms scale in adults aged 18 and older. Clinically significant depressive symptoms is defined as CESD-SF7 score >=9.,99.31,0,
area-level,Health Risk Factors,adult_survey_prevalence_v1.0,SPVCURRALC1,Prevalence of current alcohol use within past 30 days,Prevalence Estimate for current alcohol use within the past 30 days in adults aged 18 and older. Current alcohol use is defined as drinking at least one alcoholic beverage in the past 30 days.,20.76,0,
area-level,Health Risk Factors,adult_survey_prevalence_v1.0,SPVCURRALC2,Prevalence of current alcohol use within past 12 months,Prevalence estimate for current alcohol use within past 12 months in adults aged 18 and older. Current alcohol use is defined as drinking at least one alcoholic beverage in the past 12 months as recommended by the World Health Organization (WHO) Global Alcohol Report (https://www.who.int/substance_abuse/publications/global_alcohol_report/msbgsruprofiles.pdf).,75,0,
area-level,Health Risk Factors,adult_survey_prevalence_v1.0,SPVDBDX1,Prevalence of diabetes diagnosis excluding gestational diabetes,"Prevelance estimate of diabetes diagnosis excluding gestational diabetes in adults aged 18 and older. Diabetes diagnosis is considered as self-reporting a diagnosis from doctor, physician or other medical professional. Females who reported that the diabetes was diagnosed only during pregnancy are considered to be non-diabetic.",30.75,1,
area-level,Health Risk Factors,adult_survey_prevalence_v1.0,SPVDBDX2,Prevalence of diabetes diagnosis including gestational diabetes,"Prevelance estimate of diabetes diagnosis including gestational diabetes in adults aged 18 and older. Diabetes diagnosis is considered as self-reporting a diagnosis from doctor, physician or other medical professional. Females who reported that the diabetes was diagnosed only during pregnancy are considered to be diabetic.",98.74,1,
area-level,Health Risk Factors,adult_survey_prevalence_v1.0,SPVDXDEP,Prevalence of depression diagnosis,Prevalence estimate for depression diagnosis in adults aged 18 and older. A survey respondent is classified as having depression diagnosis if they self-report having been told by a physician or health care provider that they have depression.,34.77,0,
area-level,Health Risk Factors,adult_survey_prevalence_v1.0,SPVHLTHFP,Prevalece of fair or poor self-rated health,"Prevalence estimate for fair or poor self-rated health in adults aged 18 years and older. Self-reported health status was dichotomized as reporting very poor, poor or fair health vs. good, very good, or excellent health.",46.87,1,
area-level,Health Risk Factors,adult_survey_prevalence_v1.0,SPVHTMED,Prevalence of current pharmacological treatment for hypertension,Prevalence estimate for current pharmacological treatment for hypertension in adults aged 18 and older. Pharmalogical treatment is defined as self-reporting medication use for hypertension or high blood pressure.,27.07,1,
area-level,"Social, Economic, and Services Environment",adult_survey_prevalence_v1.0,SPVMAM2YRS,Prevalence of receiving mammogram in past 2 years amongst women aged 50-79,Prevalence estimate for receiving a mammogram in past 2 years amongst women aged 50-19.,42.36,1,
area-level,Health Risk Factors,adult_survey_prevalence_v1.0,SPVPAGLOBCAT,Prevalence of meeting recommended physical activity through global physical activity,"Prevalence estimate of meeting WHO exercise guidelines through global physical activity in adults aged 18 and older. A cutoff point of 150 minutes per week was used to classify subjects as active versus inactive in accordance with the recommendations from WHO, 2018 definition of active as at least 150 minutes of moderate-intensity physical activity throughout the week, or at least 75 minutes of vigorous-intensity physical activity throughout the week, or an equivalent combination of moderate- and vigorous-intensity activity. Global physical activity includes physical activity from transportation or leisure time activities.",97.31,0,
area-level,Health Risk Factors,adult_survey_prevalence_v1.0,SPVPALEISCAT,Prevalence of meeting recommended physical activity through leisure physical activity,"Prevalence estimate of meeting WHO exercise guidelines through leisure time physical activity in adults aged 18 and older. A cutoff point of 150 minutes per week was used to classify subjects as active versus inactive in accordance with the recommendations from WHO, 2018 definition of active as at least 150 minutes of moderate-intensity physical activity throughout the week, or at least 75 minutes of vigorous-intensity physical activity throughout the week, or an equivalent combination of moderate- and vigorous-intensity activity.",40.65,0,
area-level,"Social, Economic, and Services Environment",adult_survey_prevalence_v1.0,SPVPAP3YRS,Prevalence of receiving pap test in past 3 years amongst women aged 25-49,Prevalence of receiving pap test in past 3 years amongst women aged 25-49.  Three years was chosen to meet the recommended time frame of cancer screening guidelines.,30.65,1,
area-level,Health Risk Factors,adult_survey_prevalence_v1.0,SPVPHQ9DEP,Major depressive symptoms prevalence based on PHQ-9,Prevalence Estimate for major depressive symptoms based on Patient Health Questionnaire (PHQ9) depressive symptoms scale in adults aged 18 and older. Major depressive symptoms is defined as PHQ9 score >=10.,52.7,0,
area-level,Health Risk Factors,adult_survey_prevalence_v1.0,SPVSMKCUR,Prevalence of current smokers,"Prevalence estimate for current smoker amonst adults aged 18 and older. Current smokers are smokers of cigarettes or tobacco products. If a tobacco use question is available, then it is used to create this variable (this follows WHO definitions). If it is absent but a cigarette use question is available, the cigarette use question is used. For CO-ENSIN2010, GT-DHS2015, NI-CAMID2003 and PE-ENDES2016 where lifetime smoking is not available, this uses the version of current smoking available for that survey. NI-CAMDI2003 is current tobacco use > 100 and CO-ENSIN2010, GT-DHS2015, and PE-ENDES2016 are current cigarette use any amount. Recommendations: For most analyses, the combined version of cigarette and tobacco use (SVYSMKHX and SVYSMKCUR) can be used. Caution should be taken in the interpretation given the differences in how tobacco use is collected.",27.14,0,
area-level,Health Risk Factors,child_survey_prevalence_city_v1.0,SVYOVWTCH,Prevalence estimate for percent of children who are overweight,Prevalence estimate for percent of children aged 1-4 years who are overweight. Overweight is defined as weight for height z-score > 2.,20.57,1,
area-level,Health Risk Factors,child_survey_prevalence_city_v1.0,SVYSTUNTCH,Prevalence estimate for percent of children who are stunting,Prevalence estimate for percent of children aged 1-4 years who are stunting. Stunting is defined as height for age z-score < -2.,20.57,1,
area-level,Health Risk Factors,child_survey_prevalence_city_v1.0,SVYWASTECH,Prevalence estimate for percent of children who are wasting,Prevalence estimate for percent of children aged 1-4 years who are wasting. Wasting is defined as weight for height z-score < -2.,20.57,1,
area-level,"Social, Economic, and Services Environment",wescores_v1.0,CNSGIIV1,Gender inequality index (GII),"This measure was adapted from the Gender Inequality Index developed by the United Nations Development Fund (UNDP), which uses country-level data to characterize three dimensions: health (maternal mortality and adolescent birth rates), empowerment (education and government), and the labor market (labor force participation). This index is a measure of the loss in potential human development due to inequality between women and men in these three dimensions. It ranges from 0, indicating a context where women and men fare equally, to 1, indicating a context in which one gender fares poorly compared to the other in all measured dimensions. For SALURBAL cities, we adapted the index to capture gender-based disadvantage and created 2 versions, one including the three dimensions and the other one including only two dimensions: empowerment and the labor market. This is the verion using all three dimentions. It was constructed using city level data from vital registrations and population projections, census: % female and male labor force participation, % female and male population 25+ with at least high school education, and the % women and men in mayoral positions in the government for the period of 2010-2015 obtained from different sources for each country.  To construct the index, we followed the formulas described by UNDP.",90.38,1,
area-level,"Social, Economic, and Services Environment",wescores_v1.0,CNSGIIV2,Gender inequality index (GII) without health component,"This measure was adapted from the Gender Inequality Index developed by the United Nations Development Fund (UNDP), which uses country-level data to characterize three dimensions: health (maternal mortality and adolescent birth rates), empowerment (education and government), and the labor market (labor force participation). This index is a measure of the loss in potential human development due to inequality between women and men in these three dimensions. It ranges from 0, indicating a context where women and men fare equally, to 1, indicating a context in which one gender fares poorly compared to the other in all measured dimensions. For SALURBAL cities, we adapted the index to capture gender-based disadvantage and created 2 versions, one including the three dimensions and the other one including only two dimensions: empowerment and the labor market. This is the verion using two dimentions. It was constructed using city level data from vital registrations and population projections, census: % female and male labor force participation, % female and male population 25+ with at least high school education, and the % women and men in mayoral positions in the government for the period of 2010-2015 obtained from different sources for each country.  To construct the index, we followed the formulas described by UNDP.",100,1,
area-level,"Social, Economic, and Services Environment",wescores_v1.0,CNSWA1,Labor Force Women’s Achievement (or women's achievement score 1),"The variable captures factors related to employment and marriage. This score includes two variables: 1) % of women in the labor force, 2) % women 15-17 married among the female 15-17 population.  For the construction of the score, we reverse coded the marriage indicator so higher score values signify higher achievements. A higher value indicates higher achievement among women. The variable uses census measures: The labor force participation rate among the female population 15 years or above and the proportion of females aged 15-17 who were married among the total female population ages 15 to 17 (reverse coded). Women's achievement scores were derived from a principle components analysis.",100,1,
area-level,"Social, Economic, and Services Environment",wescores_v1.0,CNSWA2,Education Women’s Achievement   (or women's achievement score 2),"The variable captures factors related to women’s education. It includes 2 indicators: 1) % women ages 25+ with at least high school education (Proportion of the female population aged 25 or older who completed secondary education or above), 2) % women ages 25+ with at least university education (Proportion of the female population aged 25 or older who completed university education or above). A higher value indicates higher education among women. This version of Education Woman’s Achievement includes all L1ADs where census measures are available and the z-scores are created using the mean and standard deviation of the whole sample. Women's achievement scores were derived from a principle components analysis.",100,1,
area-level,"Social, Economic, and Services Environment",wescores_v1.0,CNSWA3,Health Care Women’s Achievement (or women's achievement score 3),"The variable refers to health care for women. This score is only available for a limited number of countries (Argentina, Brazil, Chile, and Mexico). We estimated the prevalence of women ages 25 to 49 with a pap test in the last 3 years and the prevalence of women 50 to 49 with a mammogram in the last 2 years. These measures were used as indicators for health care for women.  A higher value indicates better health care among women. Women's achievement scores were derived from a principle components analysis.",100,1,
area-level,"Social, Economic, and Services Environment",wescores_v1.0,CNSWAH1,Labor Force Women’s achievement with health care indictors ,"The variable captures factors related to employment, marriage, and health care indicators. This score includes four variables: 1) % of women in the labor force, 2) % women 15-17 married among the female 15-17 population, 3) % women 25 to 49 with a pap test in the last 3 years, and 4) % women 50 to 79 with a mammogram in the last 2 years. For the construction of the score, we reverse coded the marriage indicator so higher score values signify higher achievements. A higher value indicates higher achievement. This score is available in Argentina, Brazil, Chile, and Mexico. Women's achievement scores were derived from a principle components analysis.",100,1,
area-level,"Social, Economic, and Services Environment",wescores_v1.0,CNSWAH2,Education Women’s achievement excluding countries without health care data,"the variable captures factors related to women’s education standardized only to the countries where health care indicators are available. It includes 2 indicators: 1) % women ages 25+ with at least high school education, 2) % women ages 25+ with at least university education. This version uses the same variables as the Woman’s Achievements score 2 (CNSWA2L1AD) with the only difference being that this version creates Z scores for the score components using only the countries with health care data (Argentina, Brazil, Chile, and Mexico). This variable is created by standardizing education variables to the distribution of the L1ADs with health care measures available. Women's achievement scores were derived from a principle components analysis.",100,1,
area-level,"Social, Economic, and Services Environment",wescores_v1.0,CNSWE1,Women’s empowerment score 1- Labor force participation,"The variable refers to women’s participation in the labor force depicting some aspect of women’s socio-economic position.  Since it includes the relation of female to male in educational attainment and in labor force participation, it is also accounting for gender inequalities in education and labor market that have been described as relevant in low- and middle-income countries.It includes the following indicators: ratio female/ male in population aged 25 and over with high school level or above; ratio female/ male in population aged 25 or above with complete university or above; labor force participation among women; and ratio female/male in labor force participation. Higher score values signify greater participation of women in labor force and greater education of women relative to men. Women's empowerment scores were derived from a principle components analysis.",100,1,
area-level,"Social, Economic, and Services Environment",wescores_v1.0,CNSWE2,Women’s empowerment score 1 -Educational attainment,This variable refers to the level of educational attainment among women and was used as a measure of differences within women. It includes: % female population with at least complete high school among female population aged 25 years or above; and % of female population with complete university or above among female population aged 25 years or above. Higher score values signify greater education achievement among women. Women's empowerment scores were derived from a principle components analysis.,100,1,
record-level,Identifier,HealthSurvey_ADULT_v1.0,HealthSurveyAdult_ISO2,Country Code (ISO-2),A 2-letter Country Code using International Standard Organizations (ISO),0,0,
record-level,Identifier,HealthSurvey_ADULT_v1.0,HealthSurveyAdult_MATCHQUALITYMA,L1MA to L1AD Match Quality,L1MA (metropolitan area) and L1AD (SALURBAL administrative area definition) are not always the exact same definition. A match quality code was created to indicate the level of match.,0,0,
record-level,Identifier,HealthSurvey_ADULT_v1.0,HealthSurveyAdult_MATCHQUALITYMB,L1MB to L1AD Match Quality,L1MB (alternate metropolitan area) and L1AD (SALURBAL administrative area definition) are not always the exact same definition. A match quality code was created to indicate the level of match.,0,0,
record-level,Identifier,HealthSurvey_ADULT_v1.0,HealthSurveyAdult_SALID0,SALURBAL Country ID,A 3-digit SALURBAL Country ID number as defined in the city selection.,0,0,
record-level,Identifier,HealthSurvey_ADULT_v1.0,HealthSurveyAdult_SALID1,SALURBAL Level 1AD ID,A 6-digit SALURBAL Level 1 AD ID number as defined in the the city selection.,0,0,
record-level,Identifier,HealthSurvey_ADULT_v1.0,HealthSurveyAdult_SALID2,SALURBAL Level 2 ID,An 8-digit SALURBAL Level 2 ID number as defined in the the city selection.,0,0,
record-level,Identifier,HealthSurvey_ADULT_v1.0,HealthSurveyAdult_SALID25,SALURBAL Level 2.5 ID,A 13-digit SALURBAL Level 2.5 ID number as defined in the the city selection.,0,0,
record-level,Identifier,HealthSurvey_ADULT_v1.0,HealthSurveyAdult_SALID3,SALURBAL Level 3 ID,"A 13-digit SALURBAL Level 3 ID number as defined in the the city selection. Level 3 is available in Colombia (2005, 2010, 2015) and Mexico (2012, 2016).",0,0,
record-level,Identifier,HealthSurvey_ADULT_v1.0,HealthSurveyAdult_SALMAID1,SALURBAL Level 1MA ID,A 7-digit SALURBAL Level 1 MA ID number as defined in the the city selection.,0,0,
record-level,Identifier,HealthSurvey_ADULT_v1.0,HealthSurveyAdult_SALMBID1,SALURBAL Level 1MB ID,A 7-digit SALURBAL Level 1 MB ID number as defined in the the city selection.,0,0,
record-level,Identifier,HealthSurvey_ADULT_v1.0,HealthSurveyAdult_SALSVYHHID,Household ID,A 13-digit randomly generated individual household ID number. This can be used to cluster household members.,0,0,
record-level,Demographics,HealthSurvey_ADULT_v1.0,HealthSurveyAdult_SVYAFRODEC,Afro-descent Status,Afro-decent as characterized by race.,0,0,
record-level,Demographics,HealthSurvey_ADULT_v1.0,HealthSurveyAdult_SVYAGE,Age in Years,Age in years with range 18-97. We chose to use an age cut-off of 97 as an upper bound for con-sistency across all countries.,0,0,
record-level,Demographics,HealthSurvey_ADULT_v1.0,HealthSurveyAdult_SVYAGECAT,Age Categories (10-year),Age categories in 10-year age groups.,0,0,
record-level,Health Risk Factors,HealthSurvey_ADULT_v1.0,HealthSurveyAdult_SVYATTWEAPON,Weapon Attack (12 months),"Somebody attacked you with knife, firearm, or other weapon in past 12 months.",0,0,
record-level,Health Risk Factors,HealthSurvey_ADULT_v1.0,HealthSurveyAdult_SVYBEAT,Beaten (12 months),Did someone beat you in past 12 months?,0,0,
record-level,Health Risk Factors,HealthSurvey_ADULT_v1.0,HealthSurveyAdult_SVYBINGE1,Binge Drinking V1 (30 days),A respondent is classified as reporting binge drinking if they had 4 or more alcoholic beverages during one occasion at least once in the past 30 days (for females) or if they had 5 or more alco-holic beverages during one occasion at least once in the past 30 days (for men). This version is referred to as binge drinking version 1 (V1).,0,0,
record-level,Health Risk Factors,HealthSurvey_ADULT_v1.0,HealthSurveyAdult_SVYBINGE2,Binge Drinking V2 (30 days),Binge drinking is defined as drinking 5 or more alcoholic beverages on one occasion at least once during the past 30 days. This uses the same definition for both males and females. This version is referred to as binge drinking version 2 (V2).,0,0,
record-level,Health Risk Factors,HealthSurvey_ADULT_v1.0,HealthSurveyAdult_SVYBINGE3,Binge Drinking V3 (15 days),Binge drinking is defined as someone who drank 5 or more alcoholic beverages on one occasion at least once in the past 15 days. This uses the same definition for both males and females. This version is referred to as binge drinking version 3 (V3).,0,0,
record-level,Health Risk Factors,HealthSurvey_ADULT_v1.0,HealthSurveyAdult_SVYBINGE4,Binge Drinking V4 (30 days),Binge drinking version 4 is defined as having had 3 or more alcoholic beverages on one occa-sion at least once in the past 30 days (for women) or 4 or more alcoholic beverages on one oc-casion at least once in the past 30 days (for men).  This version is referred to as binge drinking version 4 (V4).,0,0,
record-level,Health Risk Factors,HealthSurvey_ADULT_v1.0,HealthSurveyAdult_SVYBIT,Bitten (12 months),Somebody bit you in past 12 months.,0,0,
record-level,Health Risk Factors,HealthSurvey_ADULT_v1.0,HealthSurveyAdult_SVYBMI,Body Mass Index (Measured),Body mass index in kg/m2 (continuous numeric value) was calculated using the harmonized measured height and weight.,0,0,
record-level,Health Risk Factors,HealthSurvey_ADULT_v1.0,HealthSurveyAdult_SVYBMICAT,BMI Categories (WHO),BMI classification for BMI calculated from measured height and weight. This was classified based on WHO guidelines.,0,0,
record-level,Health Risk Factors,HealthSurvey_ADULT_v1.0,HealthSurveyAdult_SVYBMICATSELF,BMI Categories (Self-reported),BMI classification for BMI calculated from self-reported height and weight. This was classified based on WHO guidelines.,0,0,
record-level,Health Risk Factors,HealthSurvey_ADULT_v1.0,HealthSurveyAdult_SVYBMISELF,BMI (Self-reported),Body mass index in kg/m2 (continuous numeric value) was calculated using the harmonized self-reported height and weight.,0,0,
record-level,Health Risk Factors,HealthSurvey_ADULT_v1.0,HealthSurveyAdult_SVYBURN,Burned (12 months),Somebody burned you in past 12 months.,0,0,
record-level,Health Risk Factors,HealthSurvey_ADULT_v1.0,HealthSurveyAdult_SVYCESD7,Depression Score (CESD-SF 7),Center of Epidemiologic Studies-Depression Scale (CES-D) Short Form (7 questions) total score. This is calculated as the sum of the response options for the seven questions comprising the CES-D SF questionnaire.,0,0,
record-level,Health Risk Factors,HealthSurvey_ADULT_v1.0,HealthSurveyAdult_SVYCESD7CAT,Depression Category (CESD-SF 7),"Center of Epidemiologic Studies-Depression Scale (CES-D) Short Form (7 questions) categorized as depressive symptoms vs. no depressive symptoms per validated cut points. CES-D SF measures “clinically significant depression.""",0,0,
record-level,Health Risk Factors,HealthSurvey_ADULT_v1.0,HealthSurveyAdult_SVYCESDC,CESD: Could Not Shake Blues,"I felt that I could not shake off the blues, even with help from my family and friends. From Center of Epidemiologic Studies-Depression Scale (CES-D).",0,0,
record-level,Health Risk Factors,HealthSurvey_ADULT_v1.0,HealthSurveyAdult_SVYCESDE,CESD: Trouble Concentrating,I had trouble keeping my mind on what I was doing. From Center of Epidemiologic Studies-Depression Scale (CES-D).,0,0,
record-level,Health Risk Factors,HealthSurvey_ADULT_v1.0,HealthSurveyAdult_SVYCESDF,CESD: Felt Depressed,I felt depressed. From Center of Epidemiologic Studies-Depression Scale (CES-D).,0,0,
record-level,Health Risk Factors,HealthSurvey_ADULT_v1.0,HealthSurveyAdult_SVYCESDG,CESD: Everything Was an Effort,I felt that everything I did was an effort. From Center of Epidemiologic Studies-Depression Scale (CES-D).,0,0,
record-level,Health Risk Factors,HealthSurvey_ADULT_v1.0,HealthSurveyAdult_SVYCESDK,CESD: Restless Sleep,My sleep was restless. From Center of Epidemiologic Studies-Depression Scale (CES-D).,0,0,
record-level,Health Risk Factors,HealthSurvey_ADULT_v1.0,HealthSurveyAdult_SVYCESDP,CESD: Enjoyed Life,I enjoyed life. From Center of Epidemiologic Studies-Depression Scale (CES-D). This question is reverse coded when calculating the CES-D SF score.,0,0,
record-level,Health Risk Factors,HealthSurvey_ADULT_v1.0,HealthSurveyAdult_SVYCESDR,CESD: Felt Sad,I felt sad. From Center of Epidemiologic Studies-Depression Scale (CES-D).,0,0,
record-level,Health Risk Factors,HealthSurvey_ADULT_v1.0,HealthSurveyAdult_SVYCIGCUR1,Current Cigarette Use (100+ in Lifetime),Respondents are classified as current smokers where they have smoked 100 cigarettes in his or her lifetime and who currently smokes cigarettes.,0,0,
record-level,Health Risk Factors,HealthSurvey_ADULT_v1.0,HealthSurveyAdult_SVYCIGCUR2,Current Cigarette Use (Any Amount),Respondents are classified as current smokers where they have smoked any amount of cigarettes in his or her lifetime and who currently smokes cigarettes.,0,0,
record-level,Health Risk Factors,HealthSurvey_ADULT_v1.0,HealthSurveyAdult_SVYCIGHX1,Lifetime Cigarette Use (100+ in Lifetime),"Lifetime cigarette use (100+ or 5 packs). Respondents are classified as never, former or current smokers of at least 100 cigarettes or 5 packs of cigarettes. This variable is defined using the United States Center for Disease Control (CDC) definition: current smoker is “an adult who has smoked 100 cigarettes in his or her life-time and who currently smokes cigarettes;” former smoker is “an adult who has smoked at least 100 cigarettes in his or her lifetime but who had quit smoking at the time of interview;” never smoker is “an adult who has never smoked, or who has smoked less than 100 cigarettes in his or her lifetime.”",0,0,
record-level,Health Risk Factors,HealthSurvey_ADULT_v1.0,HealthSurveyAdult_SVYCIGHX2,Lifetime Cigarette Use (Any Amount),"Lifetime cigarette use (any amount). Respondents are classified as never, former or current smokers (the number of cigarettes is not used). Smoking status is classified as never smokers, former smokers, and current smokers.  A survey participant is classified as never smoker if they report never smoking any cigarettes. Those who have used cigarettes before, but do not currently smoke are considered former smokers. Current smokers are those who have reported smoking cigarettes in their lifetime and are current cigarette smokers.",0,0,
record-level,"Social, Economic, and Services Environment",HealthSurvey_ADULT_v1.0,HealthSurveyAdult_SVYCROWD25BR,Overcrowding - Bedrooms (>2.5 People),Overcrowding with more than 2.5 people per bedroom. Overcrowding with 2.5 persons per bedroom is a consistent definition across countries because bedrooms were defined as rooms used for sleeping.,0,0,
record-level,"Social, Economic, and Services Environment",HealthSurvey_ADULT_v1.0,HealthSurveyAdult_SVYCROWD3RM,Overcrowding - Rooms (>3 People),Overcrowding with more than 3 people per room (excluding kitchen and bathrooms).,0,0,
record-level,Health Risk Factors,HealthSurvey_ADULT_v1.0,HealthSurveyAdult_SVYCURRALC1,Current Alcohol Use V1 (Past 30 days),Current alcohol use is defined as drinking at least one alcoholic beverage in the past 30 days. This version is referred to as current alcohol use version 1 (V1).,0,0,
record-level,Health Risk Factors,HealthSurvey_ADULT_v1.0,HealthSurveyAdult_SVYCURRALC2,Current Alcohol Use V2 (Past 12 months),Current alcohol use as defined as drinking at least one alcoholic beverage in the past 12 months. This version is referred to as current alcohol use version 2 (V2).,0,0,
record-level,Health Risk Factors,HealthSurvey_ADULT_v1.0,HealthSurveyAdult_SVYCURRPREG,Current Pregnancy Status,The current pregnancy variable indicates whether or not an adult female respondent indicates that she is currently pregnant. The universe is all female adults ages 18-49. We limited the age range to 18-49 because almost all of the surveys with pregnancy history only ask the questions amongst females in this age range.,0,0,
record-level,Health Risk Factors,HealthSurvey_ADULT_v1.0,HealthSurveyAdult_SVYDBDX1,Diabetes Diagnosis V1,A survey participant is classified as having diabetes mellitus if they report having been told by a physician or health care provider that they have diabetes or high blood sugar levels. Women who report that a diabetes diagnosis was made during pregnancy are classified as NOT having diabetes. This is referred to as Diabetes V1.,0,0,
record-level,Health Risk Factors,HealthSurvey_ADULT_v1.0,HealthSurveyAdult_SVYDBDX2,Diabetes Diagnosis V2,"A survey participant is classified as having diabetes (diabetes mellitus or gestational diabetes) if they report having been told by a physician or health care provider that they have diabetes or high blood sugar levels, including women who report that this diagnosis was made during pregnancy. This is referred to as Diabetes V2.",0,0,
record-level,Health Risk Factors,HealthSurvey_ADULT_v1.0,HealthSurveyAdult_SVYDBMED,Diabetes Medication Use,A diabetic is defined as receiving any pharmacological treatment if they report using insulin or medications “to lower sugar” or control diabetes prescribed by a health care provider. Those not receiving either of these treatments are considered to not be receiving any pharmacological treatment. The universe is respondents for whom diabetes V1 is “yes” (SVYDBDX1=1).,0,0,
record-level,Health Risk Factors,HealthSurvey_ADULT_v1.0,HealthSurveyAdult_SVYDBP,Diastolic Blood Pressure,Diastolic blood pressure. This is the average of all available diastolic blood pressure measurements.,0,0,
record-level,Health Risk Factors,HealthSurvey_ADULT_v1.0,HealthSurveyAdult_SVYDBPN,Diastolic BP Measures Count,Number of diastolic blood pressure measurements used to create the average for diastolic blood pressure (DBP).,0,0,
record-level,Health Risk Factors,HealthSurvey_ADULT_v1.0,HealthSurveyAdult_SVYDBTX,Diabetes Status and Treatment,"Diabetes status and pharmacological treatment as three categories (no diabetes, diabetes with-out treatment, and diabetes with treatment).",0,0,
record-level,Health Risk Factors,HealthSurvey_ADULT_v1.0,HealthSurveyAdult_SVYDEPCAT,Depression Symptom Categories,Depressive symptom categories based on country distribution.,0,0,
record-level,Health Risk Factors,HealthSurvey_ADULT_v1.0,HealthSurveyAdult_SVYDEPMED,Depression Medication Use,"A participant is defined as currently receiving any pharmacological treatment if they report using medications for depression. Those not receiving treatments are considered to not be receiving any pharmacological treatment for depression. The universe is respondents for whom doctor diagnosis of depression is “yes.""",0,0,
record-level,Health Risk Factors,HealthSurvey_ADULT_v1.0,HealthSurveyAdult_SVYDEPTX,Depression Treatment (Any),"A participant is defined as currently receiving any treatment for depression. This includes any type of treatment including medication, psychotherapy, or other types of non-medication treatment.",0,0,
record-level,Health Risk Factors,HealthSurvey_ADULT_v1.0,HealthSurveyAdult_SVYDXDEP,Depression Diagnosis,Doctor diagnosis of depression. A survey participant is classified as having depression if they report having been told by a physician or health care provider that they have depression.,0,0,
record-level,"Social, Economic, and Services Environment",HealthSurvey_ADULT_v1.0,HealthSurveyAdult_SVYEDU,Education Level (Highest Completed),"Respondent’s education was harmonized using the Integrated Public Use Microdata Series (IPUMS) harmonization definitions representing the highest level of education completed. “Less than Primary” includes those with no education completed and those with less than primary education completed. “Primary” includes those who completed primary education, but with incomplete secondary education. “Secondary” includes those who completed secondary education, those who completed post-secondary education that was not at a university (e.g., technical school), and those who initiated university education but did not complete their university education. “University or higher” includes those who completed a university degree and those who completed more than a university degree, including those with incomplete graduate studies. Graduate studies cannot be distinguished across all countries since not every country asks respondents about any post-university studies (post university is the term sometimes used for masters and doctoral degrees in some countries of the region).",0,0,
record-level,Health Risk Factors,HealthSurvey_ADULT_v1.0,HealthSurveyAdult_SVYEVERPREG,Ever Pregnant,"The ever pregnant variable indicates whether adult female respondents indicate that they have ever been pregnant. Pregnancies include all pregnancies including pregnancies that did not come to full term such as premature birth, miscarriage, stillborn, and/or abortion. The universe is all female adults ages 18-49. We limited the age range to 18-49 because almost all of the surveys with pregnancy history only ask the questions amongst females in this age range.",0,0,
record-level,Health Risk Factors,HealthSurvey_ADULT_v1.0,HealthSurveyAdult_SVYFIREARM,Firearm Violence (12 months),Experienced violence involving firearms in past 12 months.,0,0,
record-level,"Social, Economic, and Services Environment",HealthSurvey_ADULT_v1.0,HealthSurveyAdult_SVYFLOOR,Finished Floors,"Survey participants are classified as having finished floors in their home or dwelling if they responded that the main floor material is not earth, dirt, sand or dung.",0,0,
record-level,Health Risk Factors,HealthSurvey_ADULT_v1.0,HealthSurveyAdult_SVYFRUDYWK1,Fruit Consumption Days Per Week V1,"Number of days per week that fruit is consumed. This will be referred to as Version 1 (V1). For Mexico ENSANUT surveys that have the Food Frequency Questionnaire, this variable is the number of days per week that the fruit of highest intake is consumed (this variable was created selecting the fruit of highest intake in each individual and using the answer “number of days per week” of this specific fruit as a proxy of individual fruit intake). In these cases, this variable can be interpreted as a proxy of the most frequent number of days of fruit consumption.",0,0,
record-level,Health Risk Factors,HealthSurvey_ADULT_v1.0,HealthSurveyAdult_SVYFRUDYWK2,Fruit Consumption Days Per Week V2,"Number of days per week that fruit is consumed as the sum of the number of days for all fruits where fruit consumption is assessed with more than one question. This variable was created by summing the number of days for each fruit on the Food Frequency Questionnaire questions together. NOTE: this version is NOT capped. There may be values greater than 7 days. In these cases, this variable can overestimate the number of days for consumption of fruit because it is not possible to guarantee that each day in the summing is a different day of the week. This will be referred to as Version 2",0,0,
record-level,Health Risk Factors,HealthSurvey_ADULT_v1.0,HealthSurveyAdult_SVYFRUDYWK3,Fruit Consumption Days Per Week V3,"Number of days per week that fruit is consumed as the sum of the number of days for all fruits where fruit consumption is assessed with more than one question from Food Frequency Questionnaires, capped at 7 days. In these cases, this variable can overestimate the number of days for consumption of fruit because it is not possible to guarantee that each day in the summing is a different day of the week. This will be referred to as Version 3.",0,0,
record-level,Health Risk Factors,HealthSurvey_ADULT_v1.0,HealthSurveyAdult_SVYFRUSVDY1,Fruit Servings Per Day V1 (no outliers),"Average number of servings of fruit per day that an individual consumes in a typical week, using in the formula [Days per week*Servings per day]/7. For surveys that have the Food Frequency Questionnaire, the average number of servings of fruit per day is calculated using the formula above for each fruit separately and the maximum is used. For Chile ENS (2010), this version excludes outlier values greater than 23 servings per day. This will be referred to as Version 1.",0,0,
record-level,Health Risk Factors,HealthSurvey_ADULT_v1.0,HealthSurveyAdult_SVYFRUSVDY1A,Fruit Servings Per Day V1 (with outliers),"Average number of servings of fruit per day that an individual consumes in a typical week, using in the formula [Days per week*Servings per day]/7. For surveys that have the Food Frequency Questionnaire, the average number of servings of fruit per day is calculated using the formula above for each fruit separately and the maximum is used. For Chile ENS (2010), this version includes outlier values greater than 23 servings per day. This will be referred to as Version 1a.",0,0,
record-level,Health Risk Factors,HealthSurvey_ADULT_v1.0,HealthSurveyAdult_SVYFRUSVDY2,Fruit Servings Per Day V2,Average number of servings of fruit per day that an individual consumes in a typical week considering all fruits together where fruit consumption is assessed with more than one question. This version is available for surveys that have the FFQ (Mexico). This variable was created using the formula above for each fruit separately and summing all fruits together. This will be referred to as Version 2.,0,0,
record-level,Health Risk Factors,HealthSurvey_ADULT_v1.0,HealthSurveyAdult_SVYFRUVEGAD1,Adequate Fruit and Vegetable Intake V1,Indicator of adequate daily fruit and vegetable consumption (≥ 5 servings) based on WHO recommendation using number of servings per day version 1 (SVYFVGSVDY1) where 1=adequate (≥ 5) and 0=inadequate (<5). This will be referred to as Version 1.,0,0,
record-level,Health Risk Factors,HealthSurvey_ADULT_v1.0,HealthSurveyAdult_SVYFRUVEGAD2,Adequate Fruit and Vegetable Intake V2,Indicator of adequate daily fruit and vegetable consumption (≥ 5 servings) based on WHO recommendation using number of fruit and vegetable servings per day version 2 This version is available for surveys that have the Food Frequency Questionnaire (Mexico). This will be referred to as Version 2.,0,0,
record-level,Health Risk Factors,HealthSurvey_ADULT_v1.0,HealthSurveyAdult_SVYFVGDYWK1,Fruit and Vegetable Consumption Days per Week V1,"Number of days per week that fruits and vegetables are consumed, capped at 7 days. Sum of fruits and vegetables version 1 measures and caps at 7 days. For surveys that have the Food Frequency Questionnaire (Mexico) and where the food screeners ask about cooked versus raw vegetables as separate questions (Brazil, Colombia), this variable will be the number of days per week that the fruit and vegetables of highest intake is consumed, capped at 7 days. In these cases, this variable can be interpreted as a proxy of the most frequent number of days of fruit and vegetable consumption. This will be referred to as Version 1.",0,0,
record-level,Health Risk Factors,HealthSurvey_ADULT_v1.0,HealthSurveyAdult_SVYFVGDYWK2,Fruit and Vegetable Consumption Days per Week V2,"Number of days per week that fruits and vegetables are consumed as the sum of the number of days for all fruits and vegetables where fruit and/or vegetable consumption is assessed with more than one question for either fruits or vegetables (such as the FFQ). This version is available for surveys that have the Food Frequency Questionnaire and where the food screeners ask about cooked versus raw vegetables as separate questions (Brazil, Colombia). NOTE: this version is NOT capped. There may be values greater than 7 days. In these cases, this variable can overestimate the number of days for consumption of fruit and vegetables because it is not possible to guarantee that each day in the summing is a different day of the week. This will be referred to as Version 2.",0,0,
record-level,Health Risk Factors,HealthSurvey_ADULT_v1.0,HealthSurveyAdult_SVYFVGDYWK3,Fruit and Vegetable Consumption Days per Week V3,"Number of days per week that fruits and vegetables are consumed as the sum of the number of days for all fruits and vegetables where fruit and/or vegetable consumption is assessed with more than one question for either fruits or vegetables (such as the FFQ), capped at 7 days. This version is available for surveys that has the Food Frequency Questionnaire (Mexico) and where the food screeners ask about cooked versus raw vegetables as separate questions (Brazil, Colombia). This variable can overestimate the number of days for consumption of fruit and vegetables because it is not possible to guarantee that each day in the summing is a different day of the week. This will be referred to as Version 3.",0,0,
record-level,Health Risk Factors,HealthSurvey_ADULT_v1.0,HealthSurveyAdult_SVYFVGSVDY1,Fruit and Vegetable Servings Per Day V1,"Average number of servings of fruits and vegetables per day that an individual consumes in a typical week. This sums together variables SVYFRUSVDY1 and SVYVEGSVDY1. For surveys that have the Food Frequency Questionnaire (Mexico) and for surveys that ask about cooked versus raw vegetables as separate questions (Brazil, Colombia), the average number of servings of vegetables per day is calculated using each vegetables separately and the maximum is used for this version. This will be referred to as Version 1.",0,0,
record-level,Health Risk Factors,HealthSurvey_ADULT_v1.0,HealthSurveyAdult_SVYFVGSVDY2,Fruit and Vegetable Servings Per Day V2,Average number of servings of fruits and vegetables per day that an individual consumes in a typical week considering all fruits and vegetables together where fruit and/or vegetable consumption is assessed with more than one question. For surveys with Food Frequency Questionnaire (Mexico) this version sums together the number of fruits per day and the number vegetables per day. This will be referred to as Version 2.,0,0,
record-level,"Social, Economic, and Services Environment",HealthSurvey_ADULT_v1.0,HealthSurveyAdult_SVYHHEDU,Household Head Education Level,"Highest Education level completed by head of household. Head of household’s education was harmonized using the Integrated Public Use Microdata Se-ries (IPUMS) harmonization definitions representing the highest level of education complete. “Less than Primary” includes those with no education completed and those with less than primary education completed. “Primary” includes those who completed primary education, but with incomplete secondary education. “Secondary” includes those who completed secondary education, those who completed post-secondary education that was not at a university (e.g., technical school), and those who initiated university education but did not complete their university education. “University or higher” includes those who completed a university degree and those who completed more than a university degree, including those with incomplete graduate studies. Graduate studies cannot be distinguished across all countries since not every country asks respondents about any post-university studies (post university is the term some-times used for masters and doctoral degrees in some countries of the region).",0,0,
record-level,"Social, Economic, and Services Environment",HealthSurvey_ADULT_v1.0,HealthSurveyAdult_SVYHHMALE,Household Head Sex,"Head of household’s sex is defined as male if they have a response of “varón,” “masculino,” or “hombre.” Head of household’s sex is defined as female if they have a response of “mujer” or “femenino.”",0,0,
record-level,Health Risk Factors,HealthSurvey_ADULT_v1.0,HealthSurveyAdult_SVYHITHO,Hit with Hard Object (12 months),Somebody hit you with a hard object in past 12 months.,0,0,
record-level,Health Risk Factors,HealthSurvey_ADULT_v1.0,HealthSurveyAdult_SVYHLTHFP,Self-rated Health (Fair/Poor),"General self-reported health status dichotomized as reporting poor or fair health vs. good, very good, or excellent health.",0,0,
record-level,Health Risk Factors,HealthSurvey_ADULT_v1.0,HealthSurveyAdult_SVYHLTHSTAT1,Self-rated Health Status V1,"General self-reported health status (In general, would you say your health is..) with a five-point Likert-scale response rating of health of “Poor” to “Excellent.”",0,0,
record-level,Health Risk Factors,HealthSurvey_ADULT_v1.0,HealthSurveyAdult_SVYHLTHSTAT2,Self-rated Health Status V2,"General self-reported health status (In general, would you say your health is..) with a five-point Likert-scale response rating of health of “Very Poor” to “Very Good.”",0,0,
record-level,Health Risk Factors,HealthSurvey_ADULT_v1.0,HealthSurveyAdult_SVYHLTHSTAT3,Self-rated Health Satisfaction,General self-reported health status (How satisfied are you with your health?) with a four-point Likert-scale response rating of health of “Very Unsatisfied” to “Very Satisfied.”,0,0,
record-level,Health Risk Factors,HealthSurvey_ADULT_v1.0,HealthSurveyAdult_SVYHTCM,Height (Measured),"Respondent’s height in centimeters as measured by the interviewer. If more than one measurement was taken, this is the average of all available measurements.",0,0,
record-level,Health Risk Factors,HealthSurvey_ADULT_v1.0,HealthSurveyAdult_SVYHTCMSELF,Height (Self-reported),Respondent’s height in centimeters as self-reported by a respondent to the interviewer.,0,0,
record-level,Health Risk Factors,HealthSurvey_ADULT_v1.0,HealthSurveyAdult_SVYHTCTRL,Hypertension Control,Hypertension control is defined as persons currently using hypertension medication AND systolic blood pressure<140 AND diastolic blood pressure<90.  Uncontrolled hypertension is defined as persons currently using hypertension medication AND [systolic blood pressure ≥ 140 OR diastolic blood pressure ≥ 90]. Hypertension control is only defined amongst respondents who answered “yes” to using hypertension medications. Hypertension control (SVYHTCTRL) should only be used when the research question is specifi-cally about hypertension control. It SHOULD NOT be used to assess hypertension prevalence.,0,0,
record-level,Health Risk Factors,HealthSurvey_ADULT_v1.0,HealthSurveyAdult_SVYHTDX1,Hypertension Diagnosis V1,"Presence of hypertension diagnosis by a health care provider among all adults, where adult fe-male respondents who report a hypertension diagnosis during pregnancy are considered to be non-hypertensive. A survey participant is classified as having hypertension if they report having been told by a physician or health care provider that they have high blood pressure or hyperten-sion. This is referred to as Hypertension version 1 (V1).",0,0,
record-level,Health Risk Factors,HealthSurvey_ADULT_v1.0,HealthSurveyAdult_SVYHTDX2,Hypertension Diagnosis V2,Presence of hypertension diagnosis by a health care provider among adults regardless of whether hypertension was diagnosed during pregnancy or not (adult female respondents who report a hypertension diagnosis during pregnancy are considered to be hypertensive). A survey participant is classified as having hypertension (hypertension or hypertension during pregnancy) if they report having been told by a physician or health care provider that they have hypertension or high blood pressure. This is referred to as Hypertension version 2 (V2).,0,0,
record-level,Health Risk Factors,HealthSurvey_ADULT_v1.0,HealthSurveyAdult_SVYHTMBP,Hypertension Status (Medication or BP),Hypertension status defined as hypertension medication use OR systolic blood pressure ≥ 140 OR diastolic blood pressure ≥ 90. This is referred to as Hypertension version (V4).,0,0,
record-level,Health Risk Factors,HealthSurvey_ADULT_v1.0,HealthSurveyAdult_SVYHTMED,Hypertension Medication Use,"A participant is defined as hypertensive if they report that a physician told them that they had hypertension AND if they report using medications “to lower blood pressure” or control hyperten-sion prescribed by a health care provider. We include self-reported hypertension by a physician because in all surveys except Chile ENS (2010, 2017) medication use is only asked of those who answer “yes” to self-reported physician diagnosis of hypertension. Therefore, we condition on self-report to align the Chile ENS definition with the definition used in other surveys (in which medication use is only asked among those who self-report physician diagnosed hypertension). Participants are deemed not hypertensive under this definition if they report “NO” to physician diagnosed hypertension or report YES to physician diagnosed hypertension but NO to medica-tion use. This is referred to as Hypertension version 3 (V3).",0,0,
record-level,Demographics,HealthSurvey_ADULT_v1.0,HealthSurveyAdult_SVYINDIGCL,Indigenous (Chile Specific),Indigenous specific to Chile.,0,0,
record-level,Demographics,HealthSurvey_ADULT_v1.0,HealthSurveyAdult_SVYINDIGENOUS,Indigenous Identification,Indigenous identification based on self-report.,0,0,
record-level,Demographics,HealthSurvey_ADULT_v1.0,HealthSurveyAdult_SVYMALE,Sex of Respondent,"Self-reported sex of respondent. A survey participant is defined as male if they have a response of “varón,” “masculine,” or “hom-bre.” A survey participant is defined as female if they have a response of “mujer” or “femenino.”",0,0,
record-level,"Social, Economic, and Services Environment",HealthSurvey_ADULT_v1.0,HealthSurveyAdult_SVYMAM2YRS,Mammography Test (Last 2 Years),"Defined as at least one mammography in the past two years. Two years was chosen due to most countries, except Peru, having no frequency guidelines. Only available amongst females. Mammography is the radiological inspection of the breast tissue looking for agglomeration of calcified tissue which, depending on the pattern, could be suggestive of early stages of malignant tissue transformation that could turn with time into breast cancer. This intervention is extensively available in low-complex health care services, easily to perform by health practitioners, and targeted to all women within a certain age. Thus, measures on coverage of mammogram tests are frequently used as an indicator of accessibility to preventive resources within women’s population.",0,0,
record-level,"Social, Economic, and Services Environment",HealthSurvey_ADULT_v1.0,HealthSurveyAdult_SVYMAMEVER,Ever Had Mammography Test,"Defined as at least one mammogram received at any time in the woman’s life. Only available amongst females. Mammography is the radiological inspection of the breast tissue looking for agglomeration of calcified tissue which, depending on the pattern, could be suggestive of early stages of malignant tissue transformation that could turn with time into breast cancer. This intervention is extensively available in low-complex health care services, easily to perform by health practitioners, and targeted to all women within a certain age. Thus, measures on coverage of mammogram tests are frequently used as an indicator of accessibility to preventive resources within women’s population.",0,0,
record-level,Demographics,HealthSurvey_ADULT_v1.0,HealthSurveyAdult_SVYMARSTAT,Marital Status,Marital Status of respondent.,0,0,
record-level,"Social, Economic, and Services Environment",HealthSurvey_ADULT_v1.0,HealthSurveyAdult_SVYNPER25BR,Persons Per Bedroom,Number of people per bedroom in the household.,0,0,
record-level,"Social, Economic, and Services Environment",HealthSurvey_ADULT_v1.0,HealthSurveyAdult_SVYNPER3RM,Persons Per Room,Number of people per room in the household (excluding kitchen and bathroom).,0,0,
record-level,"Social, Economic, and Services Environment",HealthSurvey_ADULT_v1.0,HealthSurveyAdult_SVYOWNCAR,Household Car Ownership,Car ownership. Survey participants are classified as owning a car if they or someone in their household reports owning at least one car.,0,0,
record-level,Health Risk Factors,HealthSurvey_ADULT_v1.0,HealthSurveyAdult_SVYPAGLOB,Global Physical Activity (Truncated),Continuous variable for global physical activity expressed as the number of minutes per week WITH truncation for implausible values. This is computed as the sum of minutes/week of walking (leisure or transport or undifferentiated) and moderate activity and twice the minutes/week of vigorous activity (leisure or work or undifferentiated). Twice the minutes of vigorous activity is used because WHO recommends at least 150 minutes of moderate and 75 minutes of vigorous physical activity or an equivalent combination of moderate and vigorous intensity activity.,0,0,
record-level,Health Risk Factors,HealthSurvey_ADULT_v1.0,HealthSurveyAdult_SVYPAGLOBCAT,Global Physical Activity: Meeting Recommendations,"Categorical variable for global physical activity. A cutoff point of 150 minutes per week was used to classify subjects as active versus inactive, in accordance with the recommendations from WHO definition of active as at least 150 minutes of moderate-intensity physical activity throughout the week, or at least 75 minutes of vigorous-intensity physical activity throughout the week, or an equivalent combination of moderate- and vigorous-intensity activity.",0,0,
record-level,Health Risk Factors,HealthSurvey_ADULT_v1.0,HealthSurveyAdult_SVYPAGLOBNT,Global Physical Activity (Untruncated),Continuous variable for global physical activity expressed as the number of minutes per week WITHOUT truncation for implausible values. This is computed as the sum of minutes/week of walking (leisure or transport or undifferentiated) and moderate activity and twice the minutes/week of vigorous activity (leisure or work or undifferentiated). Twice the minutes of vigorous activity is used because WHO recommends at least 150 minutes of moderate and 75 minutes of vigorous physical activity or an equivalent combination of moderate and vigorous intensity activity.,0,0,
record-level,Health Risk Factors,HealthSurvey_ADULT_v1.0,HealthSurveyAdult_SVYPALEIS,Leisure Physical Activity (Truncated),"Continuous variable for moderate and vigorous leisure physical activity (carried out solely for leisure time (recreation, sport, exercise or leisure activities)) expressed as the number of minutes per week WITH truncation for implausible values (per IPAQ scoring protocol guidelines). This is computed as the sum of minutes/week of walking and moderate physical activity for leisure and twice the minutes/week of vigorous activity for leisure. Twice the minutes of vigorous activity is used because WHO recommends at least 150 minutes of moderate and 75 minutes of vigorous physical activity or an equivalent combination of moderate and vigorous intensity activity.",0,0,
record-level,Health Risk Factors,HealthSurvey_ADULT_v1.0,HealthSurveyAdult_SVYPALEISCAT,Leisure Physical Activity: Meeting Recommendations,"Categorical variable for leisure physical activity (carried out solely for leisure time (recreation, sport, exercise or leisure activities)). A cutoff point of 150 minutes per week was used to classify adults as active versus inactive, in accordance with the recommendations from WHO 2018 definition of active as at least 150 minutes of moderate-intensity physical activity throughout the week, or at least 75 minutes of vigorous-intensity physical activity throughout the week, or an equivalent combination of moderate- and vigorous-intensity activity.",0,0,
record-level,Health Risk Factors,HealthSurvey_ADULT_v1.0,HealthSurveyAdult_SVYPALEISNT,Leisure Physical Activity (Untruncated),"Continuous variable for moderate and vigorous leisure physical activity (carried out solely for leisure time (recreation, sport, exercise or leisure activities) expressed as the number of minutes per week WITHOUT truncation for implausible values (per IPAQ scoring protocol guidelines). This is computed as the sum of minutes/week of walking and moderate physical activity for leisure and twice the minutes/week of vigorous activity for leisure. Twice the minutes of vigorous activity is used because WHO recommends at least 150 minutes of moderate and 75 minutes of vigorous physical activity or an equivalent combination of moderate and vigorous intensity activity.",0,0,
record-level,Health Risk Factors,HealthSurvey_ADULT_v1.0,HealthSurveyAdult_SVYPAMLEI,Moderate Leisure Physical Activity (Truncated),"Continuous variable for moderate physical activities carried out solely for leisure time (recreation, sport, exercise or leisure activities) expressed as the number of minutes per week WITH truncation for implausible values (per IPAQ scoring protocol guidelines).",0,0,
record-level,Health Risk Factors,HealthSurvey_ADULT_v1.0,HealthSurveyAdult_SVYPAMLEINT,Moderate Leisure Physical Activity (Untruncated),"Continuous variable for moderate physical activities carried out solely for leisure time (recreation, sport, exercise or leisure activities) expressed as the number of minutes per week WITHOUT truncation for implausible values (per IPAQ scoring protocol guidelines).",0,0,
record-level,Health Risk Factors,HealthSurvey_ADULT_v1.0,HealthSurveyAdult_SVYPAMOD,Moderate Physical Activity (Truncated),"Continuous variable for moderate physical activity expressed as the number of minutes per week WITH truncation for implausible values. Moderate physical activity, including WORK, HOUSEHOLD, TRASNPORT, LEISURE (summing leisure and work-related when asked separately) or total (when not differentiated), This is the moderate physical activity component from the global physical activity measure.",0,0,
record-level,Health Risk Factors,HealthSurvey_ADULT_v1.0,HealthSurveyAdult_SVYPAMODNT,Moderate Physical Activity (Untruncated),"Continuous variable for moderate physical activity expressed as the number of minutes per week WITHOUT truncation for implausible values. Moderate physical activity, including WORK, HOUSEHOLD, TRASNPORT, LEISURE (summing leisure and work-related when asked separately) or total (when not differentiated), This is the moderate physical activity component from the global physical activity measure.",0,0,
record-level,"Social, Economic, and Services Environment",HealthSurvey_ADULT_v1.0,HealthSurveyAdult_SVYPAP3YRS,Pap Test (Last 3 Years),"Defined as having received a pap test in the past three years. Only available amongst females. Three years was chosen due to most countries, except Peru, having country guidelines that women should be tested every 3 years. The Pap test (or smear) is a screening test used to detect changes in the cells of the cervix that might become cervical cancer, through the examination of cervical cells under microscopy. This intervention is extensively available in low-complex health care services, easily to perform by health practitioners, and targeted to all women within a certain age. Thus, measures on coverage of PAP smear tests are frequently used as an indicator of accessibility to preventive resources within women’s population.",0,0,
record-level,"Social, Economic, and Services Environment",HealthSurvey_ADULT_v1.0,HealthSurveyAdult_SVYPAPEVER,Ever Had Pap Test,"Ever received a pap test at any time in the woman's life. Only available amongst females. The Pap test (or smear) is a screening test used to detect changes in the cells of the cervix that might become cervical cancer, through the examination of cervical cells under microscopy. This intervention is extensively available in low-complex health care services, easily to perform by health practitioners, and targeted to all women within a certain age. Thus, measures on coverage of PAP smear tests are frequently used as an indicator of accessibility to preventive resources within women’s population.",0,0,
record-level,Health Risk Factors,HealthSurvey_ADULT_v1.0,HealthSurveyAdult_SVYPATRAN,Transportation Physical Activity (Truncated),Continuous variable for physical activity from cycling and walking undertaken to go from place to place (transportation) expressed as the number of minutes per week WITH truncation for implausible values (per IPAQ scoring protocol guidelines). This is computed as the sum of minutes/week of bicycling and walking for transportation.,0,0,
record-level,Health Risk Factors,HealthSurvey_ADULT_v1.0,HealthSurveyAdult_SVYPATRANCAT,Transportation Physical Activity: Meeting Recommendations,"Categorical variable for physical activity from cycling and walking undertaken to go from place to place (transportation). A cutoff point of 150 minutes per week was used to classify subjects as active versus inactive, in accordance with the recommendations from WHO, 2018 of active as ≥150 minutes/week.",0,0,
record-level,Health Risk Factors,HealthSurvey_ADULT_v1.0,HealthSurveyAdult_SVYPATRANNT,Transportation Physical Activity (Untruncated),Continuous variable for physical activity from cycling and walking undertaken to go from place to place (transportation) expressed as the number of minutes per week WITHOUT truncation for implausible values (per IPAQ scoring protocol guidelines). This is computed as the sum of minutes/week of bicycling and walking for transportation.,0,0,
record-level,Health Risk Factors,HealthSurvey_ADULT_v1.0,HealthSurveyAdult_SVYPAVIG,Vigorous Physical Activity (Truncated),"Continuous variable for vigorous physical activity expressed as the number of minutes per week WITH truncation for implausible values. Vigorous physical activity, including WORK, HOUSEHOLD, TRASNPORT, LEISURE (summing leisure and work-related when asked separately) or total (when not differentiated), This is the vigorous physical activity component from the global physical activity measure.",0,0,
record-level,Health Risk Factors,HealthSurvey_ADULT_v1.0,HealthSurveyAdult_SVYPAVIGNT,Vigorous Physical Activity (Untruncated),"Continuous variable for vigorous physical activity expressed as the number of minutes per week WITHOUT truncation for implausible values. Vigorous physical activity, including WORK, HOUSEHOLD, TRASNPORT, LEISURE (summing leisure and work-related when asked separately) or total (when not differentiated), This is the vigorous physical activity component from the global physical activity measure.",0,0,
record-level,Health Risk Factors,HealthSurvey_ADULT_v1.0,HealthSurveyAdult_SVYPAVLEI,Vigorous Leisure Physical Activity (Truncated),"Continuous variable for vigorous physical activity carried out solely for leisure time (recreation, sport, exercise or leisure activities) expressed as the number of minutes per week WITH truncation for implausible values (per IPAQ scoring protocol guidelines).",0,0,
record-level,Health Risk Factors,HealthSurvey_ADULT_v1.0,HealthSurveyAdult_SVYPAVLEINT,Vigorous Leisure Physical Activity (Untruncated),"Continuous variable for vigorous physical activity carried out solely for leisure time (recreation, sport, exercise or leisure activities) expressed as the number of minutes per week WITHOUT truncation for implausible values (per IPAQ scoring protocol guidelines).",0,0,
record-level,Health Risk Factors,HealthSurvey_ADULT_v1.0,HealthSurveyAdult_SVYPAWALK,Walking Physical Activity (Truncated),Continuous variable for global walking (walking for leisure and/or walking for transportation) expressed as the number of minutes per week WITH truncation for implausible values (per IPAQ scoring protocol guidelines). This is computed as the sum of minutes/week of walking for leisure and walking for transportation.,0,0,
record-level,Health Risk Factors,HealthSurvey_ADULT_v1.0,HealthSurveyAdult_SVYPAWALKCAT,Walking Physical Activity: Meeting Recommendations,"Categorical variable for global walking (walking for leisure and/or walking for transportation). A cutoff point of 150 minutes per week was used to classify subjects as active or inactive, in accordance with the recommendations from WHO of active as ≥150 minutes/week.",0,0,
record-level,Health Risk Factors,HealthSurvey_ADULT_v1.0,HealthSurveyAdult_SVYPAWALKNT,Walking Physical Activity (Untruncated),Continuous variable for global walking (walking for leisure and/or walking for transportation) expressed as the number of minutes per week WITHOUT truncation for implausible values (per IPAQ scoring protocol guidelines). This is computed as the sum of minutes/week of walking for leisure and walking for transportation.,0,0,
record-level,Health Risk Factors,HealthSurvey_ADULT_v1.0,HealthSurveyAdult_SVYPAWLEI,Leisure Walking (Truncated),Continuous variable for leisure walking expressed as the number of minutes per week WITH truncation for implausible values (per IPAQ scoring protocol guidelines).,0,0,
record-level,Health Risk Factors,HealthSurvey_ADULT_v1.0,HealthSurveyAdult_SVYPAWLEINT,Leisure Walking (Untruncated),Continuous variable for leisure walking expressed as the number of minutes per week WITHOUT truncation for implausible values (per IPAQ scoring protocol guidelines).,0,0,
record-level,Health Risk Factors,HealthSurvey_ADULT_v1.0,HealthSurveyAdult_SVYPAWTRN,Transportation Walking (Truncated),Continuous variable for walking for transportation expressed as the number of minutes per week WITH truncation for implausible values (per IPAQ scoring protocol guidelines).,0,0,
record-level,Health Risk Factors,HealthSurvey_ADULT_v1.0,HealthSurveyAdult_SVYPAWTRNNT,Transportation Walking (Untruncated),Continuous variable for walking for transportation expressed as the number of minutes per week WITHOUT truncation for implausible values (per IPAQ scoring protocol guidelines).,0,0,
record-level,Health Risk Factors,HealthSurvey_ADULT_v1.0,HealthSurveyAdult_SVYPHQ9,PHQ-9 Depression Score,"Patient Health Questionnaire (PHQ-9) Score, calculated as the sum of the response options for the nine questions comprising the PHQ-9 questionnaire.",0,0,
record-level,Health Risk Factors,HealthSurvey_ADULT_v1.0,HealthSurveyAdult_SVYPHQ9A,PHQ-9: Little Interest,Little interest or pleasure in doing things. From Patient Health Questionnaire (PHQ-9).,0,0,
record-level,Health Risk Factors,HealthSurvey_ADULT_v1.0,HealthSurveyAdult_SVYPHQ9B,PHQ-9: Feeling Down,"Feeling down, depressed, or hopeless. From Patient Health Questionnaire (PHQ-9).",0,0,
record-level,Health Risk Factors,HealthSurvey_ADULT_v1.0,HealthSurveyAdult_SVYPHQ9C,PHQ-9: Sleep Issues,"Trouble falling or staying asleep, or sleeping too much. From Patient Health Questionnaire (PHQ-9).",0,0,
record-level,Health Risk Factors,HealthSurvey_ADULT_v1.0,HealthSurveyAdult_SVYPHQ9D,PHQ-9: Fatigue,Feeling tired or having little energy. From Patient Health Questionnaire (PHQ-9).,0,0,
record-level,Health Risk Factors,HealthSurvey_ADULT_v1.0,HealthSurveyAdult_SVYPHQ9DEP,PHQ-9 Major Depression,Patient Health Questionnaire (PHQ-9) major depression indicator.,0,0,
record-level,Health Risk Factors,HealthSurvey_ADULT_v1.0,HealthSurveyAdult_SVYPHQ9E,PHQ-9: Appetite Changes,Poor appetite or overeating. From Patient Health Questionnaire (PHQ-9).,0,0,
record-level,Health Risk Factors,HealthSurvey_ADULT_v1.0,HealthSurveyAdult_SVYPHQ9F,PHQ-9: Feeling Bad About Self,Feeling bad about yourself or that you are a failure or have let your-self or your family down From Patient Health Questionnaire (PHQ-9)..,0,0,
record-level,Health Risk Factors,HealthSurvey_ADULT_v1.0,HealthSurveyAdult_SVYPHQ9G,PHQ-9: Concentration Trouble,"Trouble concentrating on things, such as reading the newspaper or watching television. From Patient Health Questionnaire (PHQ-9).",0,0,
record-level,Health Risk Factors,HealthSurvey_ADULT_v1.0,HealthSurveyAdult_SVYPHQ9H,PHQ-9: Slow/Restless Movement,Moving or speaking so slowly that other people could have noticed. Or the opposite – being so figety or restless that you have been moving around a lot more than usual. From Patient Health Questionnaire (PHQ-9).,0,0,
record-level,Health Risk Factors,HealthSurvey_ADULT_v1.0,HealthSurveyAdult_SVYPHQ9I,PHQ-9: Self-Harm Thoughts,"Thoughts that you would be better off dead, or of hurting yourself. From Patient Health Questionnaire (PHQ-9).",0,0,
record-level,Health Risk Factors,HealthSurvey_ADULT_v1.0,HealthSurveyAdult_SVYPHQ9SEV,PHQ-9 Depression Severity Categories,Patient Health Questionnaire (PHQ-9) Depression severity. This categorizes the PHQ-9 score into depression severity as determined by the PHQ-9 algo-rithm instructions.,0,0,
record-level,Health Risk Factors,HealthSurvey_ADULT_v1.0,HealthSurveyAdult_SVYPUSHED,Pushed or Shaken (12 months),Somebody pushed or shaken you in past 12 months.,0,0,
record-level,Demographics,HealthSurvey_ADULT_v1.0,HealthSurveyAdult_SVYRACE,Race (Harmonized),Race harmonized across countries,0,0,
record-level,Demographics,HealthSurvey_ADULT_v1.0,HealthSurveyAdult_SVYRACEBR,Race (Brazil Specific),Race specific to Brazil.,0,0,
record-level,Demographics,HealthSurvey_ADULT_v1.0,HealthSurveyAdult_SVYRACECO,Race (Colombia ENSIN),Race specific to Colombia ENSIN survey.,0,0,
record-level,Demographics,HealthSurvey_ADULT_v1.0,HealthSurveyAdult_SVYRACENI,Race (Nicaragua Specific),Race specific to Nicaragua.,0,0,
record-level,Demographics,HealthSurvey_ADULT_v1.0,HealthSurveyAdult_SVYRACEPE,Race (Peru Specific),Race specific to Peru.,0,0,
record-level,Health Risk Factors,HealthSurvey_ADULT_v1.0,HealthSurveyAdult_SVYRAPE,Sexual Assault (12 months),Somebody raped or sexually assaulted you in past 12 months.,0,0,
record-level,Health Risk Factors,HealthSurvey_ADULT_v1.0,HealthSurveyAdult_SVYSBP,Systolic Blood Pressure,Systolic blood pressure. This is the average of all available systolic blood pressure measurements.,0,0,
record-level,Health Risk Factors,HealthSurvey_ADULT_v1.0,HealthSurveyAdult_SVYSBPN,Systolic BP Measures Count,Number of systolic blood presure measures average for systolic blood pressure (SBP).,0,0,
record-level,"Social, Economic, and Services Environment",HealthSurvey_ADULT_v1.0,HealthSurveyAdult_SVYSEWANY,Sewage System (Any Type),"Sewage system of any type. Survey participants are classified as having sewage connection if they responded they have connection to a municipal sewage system, privately owned sewage system or a septic tank located on or near the property.",0,0,
record-level,"Social, Economic, and Services Environment",HealthSurvey_ADULT_v1.0,HealthSurveyAdult_SVYSEWNET,Sewage Network Connection,Sewage network. Survey participants are classified as having sewage network connection if they responded they have any public/private sewage network connection.,0,0,
record-level,Health Risk Factors,HealthSurvey_ADULT_v1.0,HealthSurveyAdult_SVYSMKCUR,Current Smoking Status,"Current smokers are smokers of cigarettes or tobacco products. If a tobacco use question is available, then it is used to create this variable (this follows WHO definitions). If it is absent but a cigarette use question is available, the cigarette use question is used.",0,0,
record-level,Health Risk Factors,HealthSurvey_ADULT_v1.0,HealthSurveyAdult_SVYSMKHX,Lifetime Smoking History,"Lifetime smoking history. Respondents are classified as never, former or current tobacco/cigarette user.  If a tobacco use question is available, then it is used to create this variable (this follows WHO definitions). If it is absent but a cigarette use question is available, the cigarette use question is used.",0,0,
record-level,Health Risk Factors,HealthSurvey_ADULT_v1.0,HealthSurveyAdult_SVYSRDEP1,Self-reported Depression V1,"Self-reported depressive feelings version 1 is defined using a survey questions which directly ask the respondent “in relation to depression/anxiety today, what best describes how you feel?” From the EuroQol5D (EQ-5D) scale.",0,0,
record-level,Health Risk Factors,HealthSurvey_ADULT_v1.0,HealthSurveyAdult_SVYSRDEP2,Self-reported Depression V2,"Self-reported depressive feelings version 2 is defined using survey questions which directly ask the respondent “do you feel depressed” or “how often do you feel depressed” or approximate equivalent. Question from PHQ9 (Brazil, Peru), CIDI-SF (Chile), or CES-D SF (Mexico) where available.",0,0,
record-level,Health Risk Factors,HealthSurvey_ADULT_v1.0,HealthSurveyAdult_SVYSSBDYWK1,SSB Consumption Days V1,"Number of days per week sugar sweetened beverages (SSB) are consumed. For surveys where more than one question related to SSB intake are available, this variable is the number of days per week that the SSB of highest intake is consumed (this variable will be created selecting the SSB of highest intake in each individual). In these cases, this variable can be interpreted as a proxy of the most frequent number of days of SSB consumption. This will be referred to as Version 1.",0,0,
record-level,Health Risk Factors,HealthSurvey_ADULT_v1.0,HealthSurveyAdult_SVYSSBDYWK2,SSB Consumption Days V2,"Number of days per week sugar sweetened beverages (SSB) are consumed. This version is available for surveys where more than one question related to SSB intake is asked. This variable was created summing the questions together. NOTE: this version is NOT capped. There may be values greater than 7 days. In these cases, this variable can overestimate the number of days for consumption of SSB because it is not possible to guarantee that each day in the summing is a different day of the week. This will be referred to as Version 2.",0,0,
record-level,Health Risk Factors,HealthSurvey_ADULT_v1.0,HealthSurveyAdult_SVYSSBDYWK3,SSB Consumption Days V3,"Number of days per week sugar sweetened beverages are consumed. This variable was created summing the questions together and capped at 7 days.
This version is available for surveys where two or more questions related to SSB intake were asked. This variable was created by using the created variable SSB Version 2 and capping at 7 days. In these cases, this variable can overestimate the number of days for consumption of SSB because it is not possible to guarantee that each day in the summing is a different day of the week. This will be referred to as Version 3.",0,0,
record-level,Health Risk Factors,HealthSurvey_ADULT_v1.0,HealthSurveyAdult_SVYSSBSVDY1,SSB Servings Per Day V1,"Average number of sugar-sweetened beverages (SSB) per day that an individual consumes in a typical week, using in the formula: [Days per week*Servings per day]/7. For surveys where two or more questions related to SSB intake were assessed the average number of servings of SSB per day is calculated using the formula above for each SSB separately and the maximum is used for this version. This will be referred to as Version 1. For Chile ENS (2017), this version excludes outlier values greater than 36 servings per day.",0,0,
record-level,Health Risk Factors,HealthSurvey_ADULT_v1.0,HealthSurveyAdult_SVYSSBSVDY1A,SSB Servings Per Day V1 (No Outliers),"Average number of sugar-sweetened beverages per day that an individual consumes in a typical week WITH OUTLIERS INCLUDED, using in the formula: [Days per week*Servings per day]/7. For Chile ENS (2017), this version includes outlier values greater than 36 servings per day.",0,0,
record-level,Health Risk Factors,HealthSurvey_ADULT_v1.0,HealthSurveyAdult_SVYSSBSVDY2,SSB Servings Per Day V2,Average number of servings of sugar-sweetened beverages (SSB) per day that an individual consumes in a typical week considering all SSB together where SSB consumption is assessed with more than one question. This version is available for surveys where two or more questions related to SSB intake are assessed. This variable was created using the formula above for each SSB separately and summing all SSB together. This will be referred to as Version 2.,0,0,
record-level,Health Risk Factors,HealthSurvey_ADULT_v1.0,HealthSurveyAdult_SVYSSBTYPE,SSB Type Usually Consumed,"Indicator of whether sugar-sweetened beverage usually consumed is diet (or similar – light/zero), regular, both, or none.",0,0,
record-level,Health Risk Factors,HealthSurvey_ADULT_v1.0,HealthSurveyAdult_SVYSTRANGLE,Strangled or Burned (12 months),Somebody tried to strangle or burn you in past 12 months.,0,0,
record-level,Health Risk Factors,HealthSurvey_ADULT_v1.0,HealthSurveyAdult_SVYSWEETAD1,Sweet Food Intake Category V1,"Categorization of daily sweet food consumption (≥ 1 day per week), using variable number of days sweet food is consumed Version 1. This will be referred to as Version 1.",0,0,
record-level,Health Risk Factors,HealthSurvey_ADULT_v1.0,HealthSurveyAdult_SVYSWEETAD2,Sweet Food Intake Category V2,"Categorization of daily sweet food consumption (≥ 1 day per week), using variable number of days sweet food is consumed Version 2. This will be referred to as Version 2.",0,0,
record-level,Health Risk Factors,HealthSurvey_ADULT_v1.0,HealthSurveyAdult_SVYSWTDYWK1,Sweet Food Consumption Days V1,"Number of days per week sweet food are consumed. For surveys that have the Food Frequency Questionnaire (Mexico), this variable is the number of days per week that the sweet food of highest intake is consumed (this variable will be created selecting the sweet food of highest intake in each individual and using the answer “number of days per week” of this specific sweet food as a proxy of individual sweet food intake). In these cases, this variable can be interpreted as a proxy of the most frequent number of days of sweet food consumption. This will be referred to as Version 1.",0,0,
record-level,Health Risk Factors,HealthSurvey_ADULT_v1.0,HealthSurveyAdult_SVYSWTDYWK2,Sweet Food Consumption Days V2,"Number of days per week that sweet food is consumed as the sum of the number of days for all sweet foods where sweet food consumption is assessed with more than one question. This variable was created by summing the number of days for each sweet food on the FFQ questions together. NOTE: this version is NOT capped. There may be values greater than 7 days. In these cases, this variable can overestimate the number of days for consumption of sweet foods because it is not possible to guarantee that each day in the summing is a different day of the week. This will be referred to as Version 2.",0,0,
record-level,Health Risk Factors,HealthSurvey_ADULT_v1.0,HealthSurveyAdult_SVYSWTDYWK3,Sweet Food Consumption Days V3,"Number of days per week that sweet food is consumed as the sum of the number of days for all sweet foods where sweet food consumption is assessed with more than one question, capped at 7 days. This version is available for surveys that have the Food Frequency Questionnaire. This variable was created by using the created number of days per week that sweet food is consumed version 2 and capping at 7 days. In these cases, this variable can overestimate the number of days for consumption of sweet foods because it is not possible to guarantee that each day in the summing is a different day of the week. This will be referred to as Version 3.",0,0,
record-level,Health Risk Factors,HealthSurvey_ADULT_v1.0,HealthSurveyAdult_SVYTHREATWEAPON,Weapon Threat (12 months),"Somebody threatened you with knife, firearm, or other weapon in past 12 months.",0,0,
record-level,Health Risk Factors,HealthSurvey_ADULT_v1.0,HealthSurveyAdult_SVYTOBCUR1,Current Tobacco Use (100+ in Lifetime),"Current smoking of >100 tobacco products defines current smoked tobacco use when the number of cigarettes, cigars, or pipe tobacco ever smoked is 100 or more units.",0,0,
record-level,Health Risk Factors,HealthSurvey_ADULT_v1.0,HealthSurveyAdult_SVYTOBCUR2,Current Tobacco Use (Any Amount),"Current smoking of any amount of tobacco products defines current smoked tobacco use when the number of cigarettes, cigars, or pipe tobacco ever smoked is any amount.",0,0,
record-level,Health Risk Factors,HealthSurvey_ADULT_v1.0,HealthSurveyAdult_SVYTOBHX1,Lifetime Tobacco Use (100+ in Lifetime),"Lifetime smoked tobacco use (100+ any smoked tobacco). Respondents are classified as never, former or current smokers of at least 100 or more cigarettes/cigars/pipes. A respondent is classified as a never smoker if they report not having smoked 100 cigarettes/cigars/pipes in their lifetime. Former smokers are those who have smoked at least 100 cigarettes/cigars/pipes in their lifetime, but do not currently smoke. Those who have smoked at least 100 cigarettes/cigars/pipes and who current smoke are considered current smokers.",0,0,
record-level,Health Risk Factors,HealthSurvey_ADULT_v1.0,HealthSurveyAdult_SVYTOBHX2,Lifetime Tobacco Use (Any Amount),"Lifetime smoked tobacco use (any amount). Respondents are classified as never, former or current smokers (the number of tobacco prod-ucts smoked is not used). Smoking status is classified as never smokers, former smokers, and current smokers. A survey participant is classified as never smoker if they report never smoking any tobacco. Those who have smoked any tobacco before, but do not currently smoke are con-sidered former smokers. Current smokers are those who have reported smoking any tobacco in their lifetime and are current tobacco smokers.",0,0,
record-level,Health Risk Factors,HealthSurvey_ADULT_v1.0,HealthSurveyAdult_SVYVEGDYWK1,Vegetable Consumption Days V1,"Number of days per week that vegetables are consumed. For surveys that have the Food Frequency Questionnaire (Mexico) and where the food screeners ask about cooked versus raw vegetables as separate questions (Brazil, Colombia), this variable is the number of days per week that the vegetable of highest intake is consumed (this variable will be created selecting the vegetable of highest intake in each individual and using the answer “number of days per week” of this specific vegetable as a proxy of individual vegetable intake). In these cases, this variable can be interpreted as a proxy of the most frequent number of days of vegetable consumption. This will be referred to as Version 1.",0,0,
record-level,Health Risk Factors,HealthSurvey_ADULT_v1.0,HealthSurveyAdult_SVYVEGDYWK2,Vegetable Consumption Days V2,"Number of days per week that vegetables are consumed as the sum of the number of days for all vegetables where vegetable consumption is assessed with more than one question. This variable was created by summing the number of days for each vegetable on the Food Frequency Questionnaire questions together or summing the cooked and raw vegetables together. NOTE: this version is NOT capped. There may be values greater than 7 days. In these cases, this variable can overestimate the number of days for consumption of vegetables because it is not possible to guarantee that each day in the summing is a different day of the week. This will be referred to as Version 2",0,0,
record-level,Health Risk Factors,HealthSurvey_ADULT_v1.0,HealthSurveyAdult_SVYVEGDYWK3,Vegetable Consumption Days V3,"Number of days per week that vegetables are consumed as the sum of the number of days for all vegetables where vegetable consumption is assessed with more than one question, capped at 7 days. This variable can overestimate the number of days for consumption of vegetables because it is not possible to guarantee that each day in the summing is a different day of the week. This will be referred to as Version 3.",0,0,
record-level,Health Risk Factors,HealthSurvey_ADULT_v1.0,HealthSurveyAdult_SVYVEGSVDY1,Vegetable Servings Per Day V1,"Average number of servings of vegetables per day that an individual consumes in a typical week, using in the formula:[Days per week*Servings per day]/7. For surveys that have the Food Frequency Questionnaire (Mexico) and for surveys that ask about cooked versus raw vegetables as separate questions (Brazil, Colombia), the average number of servings of vegetables per day is calculated using the formula above for each vegetable separately and the maximum is used for this version. For Chile ENS (2010), this version excludes outlier values greater than 35 servings per day. This will be referred to as Version 1.",0,0,
record-level,Health Risk Factors,HealthSurvey_ADULT_v1.0,HealthSurveyAdult_SVYVEGSVDY1A,Vegetable Servings Per Day V1 (No Outliers),"Average number of servings of vegetables per day that an individual consumes in a typical week, using in the formula:[Days per week*Servings per day]/7. For Chile ENS (2010), this version includes outlier values greater than 35 servings per day. This will be referred to as Version 1.",0,0,
record-level,Health Risk Factors,HealthSurvey_ADULT_v1.0,HealthSurveyAdult_SVYVEGSVDY2,Vegetable Servings Per Day V2,"Average number of servings of vegetables per day that an individual consumes in a typical week considering all vegetables together where vegetable consumption is assessed with more than one question. This version is available for surveys that have the Food Frequency Questionnaire and surveys where the food screeners ask about cooked versus raw vegetables as separate questions (Brazil, Colombia). This variable was created using the formula above for each vegetable separately and summing all vegetables together. This will be referred to as Version 2.",0,0,
record-level,Health Risk Factors,HealthSurvey_ADULT_v1.0,HealthSurveyAdult_SVYVHOWKNOWN,Violence Method (Known Person),How threatened/injured for most serious violence suffered from a known person in past 12 months.,0,0,
record-level,Health Risk Factors,HealthSurvey_ADULT_v1.0,HealthSurveyAdult_SVYVHOWUNK,Violence Method (Unknown Person),How threatened/injured for most serious violence suffered from an unknown person in past 12 months.,0,0,
record-level,Health Risk Factors,HealthSurvey_ADULT_v1.0,HealthSurveyAdult_SVYVIOLENCE,Victim of Violence (12 months),Experienced any type of violence or aggression in past 12 months.,0,0,
record-level,Health Risk Factors,HealthSurvey_ADULT_v1.0,HealthSurveyAdult_SVYVIOLKNOWN,Violence from Known Person (12 months),Experience any violence or aggression from a known person in past 12 months.,0,0,
record-level,Health Risk Factors,HealthSurvey_ADULT_v1.0,HealthSurveyAdult_SVYVIOLN,Violence Victimization Frequency,Number of times the respondent experienced a violent event in past 12 months.,0,0,
record-level,Health Risk Factors,HealthSurvey_ADULT_v1.0,HealthSurveyAdult_SVYVIOLUNK,Violence from Unknown Person (12 months),Experience any violence or aggression from an unknown person in past 12 months.,0,0,
record-level,Health Risk Factors,HealthSurvey_ADULT_v1.0,HealthSurveyAdult_SVYVOFTENKNOWN,Violence Frequency (Known Person),How often experienced violence from a known person in past 12 months.,0,0,
record-level,"Social, Economic, and Services Environment",HealthSurvey_ADULT_v1.0,HealthSurveyAdult_SVYWALLDUR1,Wall Durability (IPUMS Definition),"Survey participants are classified as having durable walls if they responded that their exterior walls are mostly composed of durable materials as defined by IPUMS. IPUMS defined durable walls as masonry, stone, cement, adobe, metal, glass, and other fabricated materials (sometimes mixed with wood).",0,0,
record-level,"Social, Economic, and Services Environment",HealthSurvey_ADULT_v1.0,HealthSurveyAdult_SVYWALLDUR2,Masonry Walls,"Survey participants are classified as having masonry walls if they responded that their exterior walls are mostly composed of brick, stone, concrete, cement and/or similar materials.",0,0,
record-level,"Social, Economic, and Services Environment",HealthSurvey_ADULT_v1.0,HealthSurveyAdult_SVYWALLDUR3,Wall Durability (Country Definition),Survey participants are classified as having durable walls if they responded that their exterior walls are mostly composed of durable materials as defined by countries.,0,0,
record-level,"Social, Economic, and Services Environment",HealthSurvey_ADULT_v1.0,HealthSurveyAdult_SVYWATIN,Piped Water Inside Dwelling,Survey participants are classified as having piped water access inside the dwelling in the household if they responded they have access to piped water inside the dwelling.,0,0,
record-level,"Social, Economic, and Services Environment",HealthSurvey_ADULT_v1.0,HealthSurveyAdult_SVYWATNET,Piped Water from Public Network,Piped water from a public network. Survey participants are classified as having piped water from a public network if the responded they have water from a municipal public or private water network.,0,0,
record-level,"Social, Economic, and Services Environment",HealthSurvey_ADULT_v1.0,HealthSurveyAdult_SVYWATPIPE,Piped Water in Household,"Piped water in the household. Survey participants are classified as having piped water in the household if they responded they have access to piped water in the dwelling, the property of the dwelling, or outside the dwelling and property as long as the water is piped.",0,0,
record-level,Health Risk Factors,HealthSurvey_ADULT_v1.0,HealthSurveyAdult_SVYWTKG,Weight (Measured),"Respondent’s weight in kilograms as measured by the interviewer. If more than one measurement was taken, this is the average of all available measurements.",0,0,
record-level,Health Risk Factors,HealthSurvey_ADULT_v1.0,HealthSurveyAdult_SVYWTKGSELF,Weight (Self-reported),Respondent’s weight in kilograms as self-reported by a respondent to the interviewer.,0,0,
record-level,Identifier,HealthSurvey_ADULT_v1.0,HealthSurveyAdult_SVY_FILE_YEAR,Survey Year,"Calendar year of survey administration as defined by the survey label or protocol.,Assigned by year associated with survey files",0,0,
record-level,Identifier,HealthSurvey_ADULT_v1.0,HealthSurveyAdult_SVY_VISIT_MONTH,Survey Visit Month,Month of survey interview date. This is based on the actual date of the survey interview.,0,0,
record-level,Identifier,HealthSurvey_ADULT_v1.0,HealthSurveyAdult_SVY_VISIT_YEAR,Survey Visit Year,Year of survey interview date. This is based on the actual date of the survey interview.,0,0,
record-level,Identifier,HealthSurvey_CHILD_v1.0,HealthSurveyChild_ISO2,Country Code (ISO-2),A 2-letter Country Code using International Standard Organizations (ISO),0,,
record-level,Identifier,HealthSurvey_CHILD_v1.0,HealthSurveyChild_MATCHQUALITYMA,L1MA to L1AD Match Quality,L1MA (metropolitan area) and L1AD (SALURBAL administrative area definition) are not always the exact same definition. A match quality code was created to indicate the level of match.,0,,
record-level,Identifier,HealthSurvey_CHILD_v1.0,HealthSurveyChild_MATCHQUALITYMB,L1MB to L1AD Match Quality,L1MB (alternate metropolitan area) and L1AD (SALURBAL administrative area definition) are not always the exact same definition. A match quality code was created to indicate the level of match.,0,,
record-level,Identifier,HealthSurvey_CHILD_v1.0,HealthSurveyChild_SALID0,SALURBAL Country ID,A 3-digit SALURBAL Country ID number as defined in the city selection.,0,,
record-level,Identifier,HealthSurvey_CHILD_v1.0,HealthSurveyChild_SALID1,SALURBAL Level 1AD ID,A 6-digit SALURBAL Level 1 AD ID number as defined in the the city selection.,0,,
record-level,Identifier,HealthSurvey_CHILD_v1.0,HealthSurveyChild_SALID2,SALURBAL Level 2 ID,An 8-digit SALURBAL Level 2 ID number as defined in the the city selection.,0,,
record-level,Identifier,HealthSurvey_CHILD_v1.0,HealthSurveyChild_SALID3,SALURBAL Level 3 ID,"A 13-digit SALURBAL Level 3 ID number as defined in the the city selection. Level 3 is available in Colombia (2005, 2010, 2015) and Mexico (2012, 2016).",0,,
record-level,Identifier,HealthSurvey_CHILD_v1.0,HealthSurveyChild_SALMAID1,SALURBAL Level 1MA ID,A 7-digit SALURBAL Level 1 MA ID number as defined in the the city selection.,0,,
record-level,Identifier,HealthSurvey_CHILD_v1.0,HealthSurveyChild_SALMBID1,SALURBAL Level 1MB ID,A 7-digit SALURBAL Level 1 MB ID number as defined in the the city selection.,0,,
record-level,Identifier,HealthSurvey_CHILD_v1.0,HealthSurveyChild_SALSVYHHID,Household ID,A 13-digit randomly generated individual household ID number. This can be used to cluster household members.,0,,
record-level,Identifier,HealthSurvey_CHILD_v1.0,HealthSurveyChild_SALSVYID,SALURBAL defined survey ID,A 13-digit randomly generated individual survey respondent ID number,0,,
record-level,Demographics,HealthSurvey_CHILD_v1.0,HealthSurveyChild_SVYAFRODEC,Afro-descent Status,Afro-decent as characterized by race.,0,,
record-level,Demographics,HealthSurvey_CHILD_v1.0,HealthSurveyChild_SVYAGE,Age in Years,Age in years with range 0-17 years,0,,
record-level,Demographics,HealthSurvey_CHILD_v1.0,HealthSurveyChild_SVYAGEMO,Age in Months,Age in months,0,,
record-level,Health Risk Factors,HealthSurvey_CHILD_v1.0,HealthSurveyChild_SVYBMI,Body Mass Index (Measured),"Body mass index in kg/m2 (continuous numeric value) was calculated using the harmonized measured height and weight. In general, this is not the best measure for BMI for children. Calculated for all ages 0-17 years.",0,,
record-level,Health Risk Factors,HealthSurvey_CHILD_v1.0,HealthSurveyChild_SVYBMIF,Body Mass Index Z-score Flag,Extreme value flag for BMI-for-age z-score. The WHO program flags extreme values regarding the biologically plausible values according to the reference data. These flag variables are binary variables with 1 indicating an extremely low or high value (<-5 or >5) and 0 for a value within the acceptable range (between -5 to 5). This measure is available for all children aged 0-17.,0,,
record-level,Health Risk Factors,HealthSurvey_CHILD_v1.0,HealthSurveyChild_SVYBMIZ,Body Mass Index (BMI)-for-age z-score,Body Mass Index (BMI)-for-age z-score. This measure is calculated from the child’s weight and length/height. This measure is especially useful for screening for overweight and obesity. This measure is available for all children aged 0-17 but recommended for use only in children aged 5-17. A flag was created to indicate biologically implausible values. It is recommended that children with implausible values are excluded from analyses.,0,,
record-level,"Social, Economic, and Services Environment",HealthSurvey_CHILD_v1.0,HealthSurveyChild_SVYCROWD25BR,Overcrowding - Bedrooms (>2.5 People),Overcrowding with more than 2.5 people per bedroom. Overcrowding with 2.5 persons per bedroom is a consistent definition across countries because bedrooms were defined as rooms used for sleeping.,0,,
record-level,"Social, Economic, and Services Environment",HealthSurvey_CHILD_v1.0,HealthSurveyChild_SVYCROWD3RM,Overcrowding - Rooms (>3 People),Overcrowding with more than 3 people per room (excluding kitchen and bathrooms).,0,,
record-level,"Social, Economic, and Services Environment",HealthSurvey_CHILD_v1.0,HealthSurveyChild_SVYEDU,Education Level (Highest Completed),"Child’s education was harmonized using the Integrated Public Use Microdata Series (IPUMS) harmonization definitions representing the highest level of education completed. “Less than Primary” includes those with no education completed and those with less than primary education completed. “Primary” includes those who completed primary education, but with incomplete secondary education. “Secondary” includes those who completed secondary education, those who completed post-secondary education that was not at a university (e.g., technical school), and those who initiated university education but did not complete their university education. “University or higher” includes those who completed a university degree and those who completed more than a university degree, including those with incomplete graduate studies. Graduate studies cannot be distinguished across all countries since not every country asks respondents about any post-university studies (post university is the term sometimes used for masters and doctoral degrees in some countries of the region).",0,,
record-level,"Social, Economic, and Services Environment",HealthSurvey_CHILD_v1.0,HealthSurveyChild_SVYFLOOR,Finished Floors,"Survey participants are classified as having finished floors in their home or dwelling if they re-sponded that the main floor material is not earth, dirt, sand or dung.",0,,
record-level,Health Risk Factors,HealthSurvey_CHILD_v1.0,HealthSurveyChild_SVYGRTHST,Growth Standard Category (Age 0-17),Growth Standard Category AGES 0-17. Based on BMI Z-score for those over 60 months and weight for height Z-score for those 60 months and younger. Severe underweight only defined in those 60 months and younger.,0,,
record-level,"Social, Economic, and Services Environment",HealthSurvey_CHILD_v1.0,HealthSurveyChild_SVYHHEDU,Household Head Education Level,"Highest Education level completed by head of household. Head of household’s education was harmonized using the Integrated Public Use Microdata Series (IPUMS) harmonization definitions representing the highest level of education complete. “Less than Primary” includes those with no education completed and those with less than primary education completed. “Primary” includes those who completed primary education, but with incomplete secondary education. “Secondary” includes those who completed secondary education, those who completed post-secondary education that was not at a university (e.g., technical school), and those who initiated university education but did not complete their university education. “University or higher” includes those who completed a university degree and those who completed more than a university degree, including those with incomplete graduate studies. Graduate studies cannot be distinguished across all countries since not every country asks respondents about any post-university studies (post university is the term some-times used for masters and doctoral degrees in some countries of the region).",0,,
record-level,"Social, Economic, and Services Environment",HealthSurvey_CHILD_v1.0,HealthSurveyChild_SVYHHMALE,Household Head Sex,"Head of household’s sex is defined as male if they have a response of “varón,” “masculino,” or “hombre.” Head of household’s sex is defined as female if they have a response of “mujer” or “femenino.”",0,,
record-level,Health Risk Factors,HealthSurvey_CHILD_v1.0,HealthSurveyChild_SVYHTAGF,Height-for-Age Z-score Flag (>6),Extreme value flag for length/height-for-age z-score. The WHO program flags extreme values regarding the biologically plausible val-ues according to the reference data. These flag variables are binary variables with 1 indicating an extremely low or high value (<-6 or >6) and 0 for a value within the acceptable range (between -6 to 6). This measure is available for all children aged 0-17.,0,,
record-level,Health Risk Factors,HealthSurvey_CHILD_v1.0,HealthSurveyChild_SVYHTAGZ,Height-for-Age Z-score,"Length/height-for-age z-score. This measure reflects the attained growth in length or height at the child’s age. This indicator can identi-fy children with stunted growth. Children who are tall for their age can also be identified, but tallness is rarely a problem unless it is excessive and may reflect uncommon endocrine disorders. This measure is available for all children aged 0-17. A flag was created to indicate biologically implausible values. It is recommended that children with implausible values are excluded from analyses.",0,,
record-level,Health Risk Factors,HealthSurvey_CHILD_v1.0,HealthSurveyChild_SVYHTCM,Height (Measured),"Child’s height in centimeters as measured by the interviewer. If the child was younger than 2 years this measure corresponds to the length laying down (recumbent length). If the child is over 2 years old and able to stand this measure corresponds to height standing up. If more than one measurement was taken, this is the average of all available measurements.",0,,
record-level,Demographics,HealthSurvey_CHILD_v1.0,HealthSurveyChild_SVYINDIGENOUS,Indigenous Identification,Indigenous identification based on self-report.,0,,
record-level,Demographics,HealthSurvey_CHILD_v1.0,HealthSurveyChild_SVYMALE,Sex of respondent,"Self-reported sex of respondent. A survey participant is defined as male if they have a response of “varón,” “masculine,” or “hom-bre.” A survey participant is defined as female if they have a response of “mujer” or “femenino.”",0,,
record-level,Demographics,HealthSurvey_CHILD_v1.0,HealthSurveyChild_SVYMARSTAT,Marital Status,Marital Status of child. Available for ages 12-17.,0,,
record-level,"Social, Economic, and Services Environment",HealthSurvey_CHILD_v1.0,HealthSurveyChild_SVYMTHEDU,Mother's Education Level,"Highest Education level completed for the mother. Mother’s education was harmonized using the Integrated Public Use Microdata Series (IPUMS) harmonization definitions representing the highest level of education complete. “Less than Primary” includes those with no education completed and those with less than primary education completed. “Primary” includes those who completed primary education, but with incomplete secondary education. “Secondary” includes those who completed secondary education, those who completed post-secondary education that was not at a university (e.g., technical school), and those who initiated university education but did not complete their university education. “University or higher” includes those who completed a university degree and those who completed more than a university degree, including those with incomplete graduate studies. Graduate studies cannot be distinguished across all countries since not every country asks respondents about any post-university studies (post university is the term some-times used for masters and doctoral degrees in some countries of the region).",0,,
record-level,"Social, Economic, and Services Environment",HealthSurvey_CHILD_v1.0,HealthSurveyChild_SVYNPER25BR,Persons per Bedroom,Number of people per bedroom in the household.,0,,
record-level,"Social, Economic, and Services Environment",HealthSurvey_CHILD_v1.0,HealthSurveyChild_SVYNPER3RM,Persons per Room,Number of people per room in the household (excluding kitchen and bathroom).,0,,
record-level,"Social, Economic, and Services Environment",HealthSurvey_CHILD_v1.0,HealthSurveyChild_SVYOWNCAR,Household Car Ownership,Car ownership. Survey participants are classified as owning a car if they or someone in their household reports owning at least one car.,0,,
record-level,Demographics,HealthSurvey_CHILD_v1.0,HealthSurveyChild_SVYRACECO,Race (Colombia ENSIN),Race specific to Colombia ENSIN survey.,0,,
record-level,"Social, Economic, and Services Environment",HealthSurvey_CHILD_v1.0,HealthSurveyChild_SVYSEWANY,Sewage System (Any Type),"Sewage system of any type. Survey participants are classified as having sewage connection if they responded they have connection to a municipal sewage system, privately owned sewage system or a septic tank located on or near the property.",0,,
record-level,"Social, Economic, and Services Environment",HealthSurvey_CHILD_v1.0,HealthSurveyChild_SVYSEWNET,Sewage Network Connection,Sewage network. Survey participants are classified as having sewage network connection if they responded they have any public/private sewage network connection.,0,,
record-level,"Social, Economic, and Services Environment",HealthSurvey_CHILD_v1.0,HealthSurveyChild_SVYWALLDUR1,Wall Durability (IPUMS Definition),"Survey participants are classified as having durable walls if they responded that their exterior walls are mostly composed of durable materials as defined by IPUMS. IPUMS defined durable walls as masonry, stone, cement, adobe, metal, glass, and other fabricated materials (sometimes mixed with wood).",0,,
record-level,"Social, Economic, and Services Environment",HealthSurvey_CHILD_v1.0,HealthSurveyChild_SVYWALLDUR2,Masonry Walls,"Survey participants are classified as having masonry walls if they responded that their exterior walls are mostly composed of brick, stone, concrete, cement and/or similar materials.",0,,
record-level,"Social, Economic, and Services Environment",HealthSurvey_CHILD_v1.0,HealthSurveyChild_SVYWALLDUR3,Wall Durability (Country Definition),Survey participants are classified as having durable walls if they responded that their exterior walls are mostly composed of durable materials as defined by countries.,0,,
record-level,"Social, Economic, and Services Environment",HealthSurvey_CHILD_v1.0,HealthSurveyChild_SVYWATIN,Piped Water Inside Dwelling,Survey participants are classified as having piped water access inside the dwelling in the household if they responded they have access to piped water inside the dwelling.,0,,
record-level,"Social, Economic, and Services Environment",HealthSurvey_CHILD_v1.0,HealthSurveyChild_SVYWATNET,Piped Water from Public Network,Piped water from a public network. Survey participants are classified as having piped water from a public network if the responded they have water from a municipal public or private water network.,0,,
record-level,"Social, Economic, and Services Environment",HealthSurvey_CHILD_v1.0,HealthSurveyChild_SVYWATPIPE,Piped Water in Household,"Piped water in the household. Survey participants are classified as having piped water in the household if they responded they have access to piped water in the dwelling, the property of the dwelling, or outside the dwelling and property as long as the water is piped.",0,,
record-level,Health Risk Factors,HealthSurvey_CHILD_v1.0,HealthSurveyChild_SVYWTAGF,Weight-for-Age Z-score Flag,Extreme value flag for weight-for-age z-score. The WHO program flags extreme values regard-ing the biologically plausible values according to the reference data. These flag variables are binary variables with 1 indicating an extremely low or high value (<-6 or >5) and 0 for a value within the acceptable range (between -6 to 5). This measure is available for all children aged 0-120 months.,0,,
record-level,Health Risk Factors,HealthSurvey_CHILD_v1.0,HealthSurveyChild_SVYWTAGZ,Weight-for-Age Z-score,"Weight-for-age z-score reflects body weight relative to the child’s age. This indicator can identify whether a child is underweight or severely underweight, but it is not used to classify a child as overweight or obese. It is important to note also that a child may be underweight either because of short length/height (stunting) or thinness or both. This measure is available for all children aged 0-120 months.",0,,
record-level,Health Risk Factors,HealthSurvey_CHILD_v1.0,HealthSurveyChild_SVYWTHTF,Weight-for-Height Z-score Flag,Extreme value flag for Weight-for-length/height z-score. The WHO program flags extreme val-ues regarding the biologically plausible values according to the reference data. These flag varia-bles are binary variables with 1 indicating an extremely low or high value (<-5 or >5) and 0 for a value within the acceptable range (between -5 to 5). This measure is available for all children aged 0-60 months.,0,,
record-level,Health Risk Factors,HealthSurvey_CHILD_v1.0,HealthSurveyChild_SVYWTHTZ,Weight-for-Height Z-score,Weight-for-length/height z-score. This measure reflects body weight in proportion to attained growth in length or height. This measure can be used to identify is children with low weight-for-height who may be wasted or severely wasted as well as identify children with high weight-for-length/height who may be at risk of becoming overweight or obese. This measure is available and recommended for children aged 0-60 months. It is not calculated for children aged 5-17.,0,,
record-level,Health Risk Factors,HealthSurvey_CHILD_v1.0,HealthSurveyChild_SVYWTKG,Weight (Measured),"Child’s weight in kilograms as measured by the interviewer. If more than one measurement was taken, this is the average of all available measurements.",0,,
record-level,Identifier,HealthSurvey_CHILD_v1.0,HealthSurveyChild_SVY_FILE_YEAR,Survey Year,"Calendar year of survey administration as defined by the survey label or protocol.,Assigned by year associated with survey files",0,,
record-level,Identifier,HealthSurvey_CHILD_v1.0,HealthSurveyChild_SVY_VISIT_MONTH,Survey Visit Month,Month of survey interview date. This is based on the actual date of the survey interview.,0,,
record-level,Identifier,HealthSurvey_CHILD_v1.0,HealthSurveyChild_SVY_VISIT_YEAR,Survey Visit Year,Year of survey interview date. This is based on the actual date of the survey interview.,0,,
