keep,public_any,var_name,var_label,var_def,domain,subdomain,dataset_instance
0,yes,APMPM25DMEAN,Average daily PM2.5 concentration from monitors ,"The arithmetic mean of PM2.5 measurements for all monitors within the geographic unit. All days during the time span where data is available are included in the dataset. If PM2.5 data is not available for a particular day, then the PM2.5 mean are missing values.",Physical and Natural Environment,Air Pollution,APM_DAILY_v1.0
0,yes,APMPM25DNSTN,Standard Deviation of daily PM2.5 concentration from monitors ,"Standard deviation of PM2.5 measurements for all monitors within the geographic unit. All days during the time span where data is available are included in the dataset. If PM2.5 data is not available for a particular day, then the PM2.5 standard deviation are missing values. A higher value indictates more variability in the PM2.5 measures used to calculated the mean and median values.",Physical and Natural Environment,Air Pollution,APM_DAILY_v1.0
0,yes,APMPM25DSD,Number of PM2.5 monitors,"Number of monitors used to calculate daily PM2.5 average and variance measures for the geographic unit. All days during the time span where data is available are included in the dataset. If PM2.5 data is not available for a particular day, then the PM2.5 number of monitors are missing values. A higher number indicates more monitors were used to calculate the PM2.5 metrics.",Physical and Natural Environment,Air Pollution,APM_DAILY_v1.0
0,yes,APSMPM25GRIDPTS,Number of grid points used to calculate PM2.5 measures,Number of grid point centroids used to calculate PM2.5 average and variance measures. This can be used as a measure of size of the area.  (PM2.5 – particulate matter with less 2.5 µm of diameter),Physical and Natural Environment,Air Pollution,APS_MONTH_v1.0
1,yes,APSMPM25MEAN,Average PM2.5 concentration,Arithmetic mean of PM2.5 measurements for all grid cells where the centroid falls within the defined boundary (PM2.5 – particulate matter with less 2.5 µm of diameter),Physical and Natural Environment,Air Pollution,APS_MONTH_v1.0
0,yes,APSMPM25MEDIAN,Median PM2.5 concentration,Median of PM2.5 measurements for all grid cells where the centroid falls within the defined boundary. (PM2.5 – particulate matter with less 2.5 µm of diameter),Physical and Natural Environment,Air Pollution,APS_MONTH_v1.0
1,yes,APSMPM25POPWT,Population-weighted Average PM2.5 concentration,Population-weighted mean of PM2.5 measurements for all grid cells where the centroid falls within the geographic unit (PM2.5 – particulate matter with less 2.5 µm of diameter),Physical and Natural Environment,Air Pollution,APS_MONTH_v1.0
1,yes,APSMPM25STD,Standard deviation of the mean value of PM2.5,Standard deviation of PM2.5 measurements for any grid cells where the centroid falls within the defined boundary (PM2.5 – particulate matter with less 2.5 µm of diameter),Physical and Natural Environment,Air Pollution,APS_MONTH_v1.0
0,yes,APSMPM25THRES,Average PM2.5 is above threshold,Average PM2.5 is above threshold of 10 µg/m3. Threshold defined based on WHO Guidelines.  (PM2.5 – particulate matter with less 2.5 µm of diameter),Physical and Natural Environment,Air Pollution,APS_MONTH_v1.0
0,yes,APSDNO2GRIDPTS,Number of grid points used to calculate NO2 measures,Number of grid points used to calculate NO2 average and variance measures. This can be used as a measure of size of the area. (NO2 - Nitrogen Dioxide),Physical and Natural Environment,Air Pollution,APS_v2.0
1,yes,APSDNO2MEAN,Area-weighted NO2 average concentration,Weighted arithmetic mean of NO2 measurements for all grid cells with any part of the grid cell contained in the defined boundary weighted by the percent of the total area  contained within the boundary. (NO2 - Nitrogen Dioxide),Physical and Natural Environment,Air Pollution,APS_v2.0
0,yes,APSDNO2MEDIAN,Area-weighted NO2 median concentration,Weighted median of NO2 measurements for all grid cells with any part of the grid cell contained in the defined boundary weighted by the percent of the total area contained within the boundary. (NO2 - Nitrogen Dioxide),Physical and Natural Environment,Air Pollution,APS_v2.0
1,yes,APSDNO2POPWT,Population- and Area-weighted NO2 mean concentration,Weighted arithmetic mean of NO2 measurements for all grid cells with any part of the grid cell contained in the defined boundary weighted by the percent of the total area and population contained within the boundary. (NO2 - Nitrogen Dioxide),Physical and Natural Environment,Air Pollution,APS_v2.0
0,yes,APSDNO2PROPDATA,Proportion of area that has NO2 data coverage.,Proportion of area of the geographic unit that has NO2 data coverage. (NO2 - Nitrogen Dioxide),Physical and Natural Environment,Air Pollution,APS_v2.0
1,yes,APSDNO2STD,Standard deviation of the area-weighted mean value of NO2,Weighted standard deviation of NO2 measurements for all grid cells with any part of the grid cell contained in the defined boundary weighted by the percent of the total area contained within the boundary. (NO2 - Nitrogen Dioxide),Physical and Natural Environment,Air Pollution,APS_v2.0
0,yes,APSNO2GRIDPTS,Number of grid points used to calculate NO2 measures,Number of grid points used to calculate NO2 average and variance measures. This can be used as a measure of size of the area. (NO2 - Nitrogen Dioxide),Physical and Natural Environment,Air Pollution,APS_v2.0
1,yes,APSNO2MEAN,Average NO2 concentration,Arithmetic mean of NO2 measurements for all grid cells where the centroid falls within the defined boundary (NO2 - Nitrogen Dioxide),Physical and Natural Environment,Air Pollution,APS_v2.0
0,yes,APSNO2MEDIAN,Median NO2 concentration,Median of NO2 measurements for all grid cells where the centroid falls within the defined boundary. (NO2 - Nitrogen Dioxide),Physical and Natural Environment,Air Pollution,APS_v2.0
1,yes,APSNO2POPWT,Population-weighted Average NO2 concentration,Population-weighted mean of NO2 measurements for all grid cells where the centroid falls within the geographic unit. (NO2 - Nitrogen Dioxide),Physical and Natural Environment,Air Pollution,APS_v2.0
1,yes,APSNO2STD,Standard Deviation of NO2,Standard deviation of NO2 measurements for any grid cells where the centroid falls within the defined boundary (NO2 - Nitrogen Dioxide),Physical and Natural Environment,Air Pollution,APS_v2.0
0,yes,APSPM25GRIDPTS,Number of grid points used to calculate PM2.5 measures,Number of grid point centroids used to calculate PM2.5 average and variance measures. This can be used as a measure of size of the area.  (PM2.5 – particulate matter with less 2.5 µm of diameter),Physical and Natural Environment,Air Pollution,APS_v2.0
1,yes,APSPM25MEAN,Average PM2.5 concentration,Arithmetic mean of PM2.5 measurements for all grid cells where the centroid falls within the defined boundary (PM2.5 – particulate matter with less 2.5 µm of diameter),Physical and Natural Environment,Air Pollution,APS_v2.0
0,yes,APSPM25MEDIAN,Median PM2.5 concentration,Median of PM2.5 measurements for all grid cells where the centroid falls within the defined boundary. (PM2.5 – particulate matter with less 2.5 µm of diameter),Physical and Natural Environment,Air Pollution,APS_v2.0
1,yes,APSPM25POPWT,Population-weighted Average PM2.5 concentration,Population-weighted mean of PM2.5 measurements for all grid cells where the centroid falls within the geographic unit (PM2.5 – particulate matter with less 2.5 µm of diameter),Physical and Natural Environment,Air Pollution,APS_v2.0
1,yes,APSPM25STD,Standard deviation of the mean value of PM2.5,Standard deviation of PM2.5 measurements for any grid cells where the centroid falls within the defined boundary (PM2.5 – particulate matter with less 2.5 µm of diameter),Physical and Natural Environment,Air Pollution,APS_v2.0
0,yes,APSPM25THRES,Average PM2.5 is above threshold,Average PM2.5 is above threshold of 10 µg/m3. Threshold defined based on WHO Guidelines.  (PM2.5 – particulate matter with less 2.5 µm of diameter),Physical and Natural Environment,Air Pollution,APS_v2.0
1,yes,ATUSCOLCNT,Total number of collisions.,"Total number of collisions, this is the count of all the collisions that occurred in the month.",Physical and Natural Environment,Transportation,ATUS_MONTHLY_v1.0
1,yes,ATUSCOLCNTWKWT,Total number of weekend collisions,Total number of collisions that occurred on weekends. Weekends extend from Friday to Sunday.,Physical and Natural Environment,Transportation,ATUS_MONTHLY_v1.0
1,yes,ATUSCOUNTDEAD,Total deaths due to collisions,Total number of people who died because of a collision that occurred in the month. ,Physical and Natural Environment,Transportation,ATUS_MONTHLY_v1.0
1,yes,ATUSCOUNTETOH,Total number of collisions with alcohol involvement,"Total number of collisions where alcohol had involvement, the alcohol use was detected for the responsible driver via a breathalyzer test. The breathalyzer used by police in Mexico indicates alcohol was detected or not and does not indicate the blood alcohol level. It is a screening tool to obtain a legal blood draw test of blood alcohol content.",Physical and Natural Environment,Transportation,ATUS_MONTHLY_v1.0
1,yes,ATUSCOUNTETOHWK,Total number of weekend collisions with alcohol involvement,"Total number of collisions where alcohol had involvement on the weekend, the alcohol use was detected for the responsible driver via a breathalyzer test. The breathalyzer used by police in Mexico indicates alcohol was detected or not and does not indicate the blood alcohol level. It is a screening tool to obtain a legal blood draw test of blood alcohol content. Weekends extend from Friday to Sunday.",Physical and Natural Environment,Transportation,ATUS_MONTHLY_v1.0
1,yes,ATUSCOUNTINJ,Total people injured in collision,Total number of people that resulted injured because of a collision.,Physical and Natural Environment,Transportation,ATUS_MONTHLY_v1.0
1,yes,ATUSTCOLFATAL,Total number of fatal collisions,"Total number of fatal collisions, this is the total count where a person died due to a collision.",Physical and Natural Environment,Transportation,ATUS_MONTHLY_v1.0
1,yes,ATUSTCOLFATALWK,Total number of fatal weekend collisions,"Total number of fatal collisions, this is the total count where a person died due to a collision. Weekends extend from Friday to Sunday.",Physical and Natural Environment,Transportation,ATUS_MONTHLY_v1.0
1,yes,ATUSTCOLINJ,Total number of collisions with injured person (without deaths),"Total number of collisions that had at least one injured person excluding collisions in which a death occurred, this variable excludes collisions that had at least one person die.",Physical and Natural Environment,Transportation,ATUS_MONTHLY_v1.0
1,yes,ATUSTCOLINJWD,Total number of collisions that had at least one injured person,"Total number of collisions that had at least one injured person regardless of whether a death occurred. This variable includes collisions with injuries and deaths, and collisions with injuries but without deaths.",Physical and Natural Environment,Transportation,ATUS_MONTHLY_v1.0
1,yes,ATUSTCOLINJWDWKWT,Total number of weekend collisions with injured person (without deaths),"Total number of collisions that had at least one injured person excluding collisions in which a death occurred, this variable excludes collisions that had at least one person die. Weekends extend from Friday to Sunday.",Physical and Natural Environment,Transportation,ATUS_MONTHLY_v1.0
1,yes,ATUSTCOLINJWKWT,Total number of weekend collisions that had at least one injured person,"Total number of collisions that had at least one injured person regardless of whether a death occurred. This variable includes collisions with injuries and deaths, and collisions with injuries but without deaths. Weekends extend from Friday to Sunday.",Physical and Natural Environment,Transportation,ATUS_MONTHLY_v1.0
0,yes,BECADAREA,Administrative unit total area,"Area in km2 of the administrative boundary. This is the total area, including land and water, within L3's boundary.",Physical and Natural Environment,Urban Form Metrics,BEC_v2.0
0,yes,BECADCRCTYAVG,Circuity average,"Measures the average ratio of network distances to straight-line distances. Average of the length of each edge divided by the great circle distances between the nodes of each edge.  Interpretation: For each edge in the network, its circuity is the ratio between the edge length and the straight line distance between its two end points. Varies from 1 to infinity, where streets that are straight lines have circuity of 1, and curved streets have higher circuity. Year of data: September 2017 for L1, January 2018 for L2",Physical and Natural Environment,Street Design,BEC_v2.0
0,yes,BECADINTCOUNT,Total number of intersections,"Each intersection (a point where more than 2 streets meet) becomes a node of the network. Total number of intersections measures the number of nodes with more than one street emanating from them (thus excluding dead-ends). Year of data: September 2017 for L1_AD, January 2018 for L2, 2020 for L3.",Physical and Natural Environment,Street Design,BEC_v2.0
0,yes,BECADINTDENS,Intersection density,"Measures the amount of intersections per km2 of area. Each intersection (a point where more than 2 streets meet) becomes a node of the network. Node density of the set of nodes with more than one street emanating from them (thus excluding dead-ends). Higher values means more connected. Interpretation: Varies from 0 to infinity. Cities with higher values have a lot of intersections by unit of area. Year of data: September 2017 for L1_AD, January 2018 for L2, 2020 for L3.",Physical and Natural Environment,Street Design,BEC_v2.0
0,yes,BECADINTDENS3,Intersection density 3-way,"Measures the amount of intersections where exactly 3 streets meet per km2 of area. Each intersection (a point where more than 2 streets meet) becomes a node of the network. Node density of the set of nodes with 3 streets emanating from them. Higher values means more connected. Interpretation: Varies from 0 to infinity. Cities with higher values have a lot of intersections with 3 incoming streets by unit of area.Year of data: September 2017 for L1_AD, January 2018 for L2",Physical and Natural Environment,Street Design,BEC_v2.0
0,yes,BECADINTDENS4,Intersection density 4-way,"Measures the amount of intersections where exactly 4 streets meet per km2 of area. Each intersection (a point where more than 2 streets meet) becomes a node of the network. Node density of the set of nodes with 4 streets emanating from them. Higher values means more connected. Interpretation: Varies from 0 to infinity. Cities with higher values have a lot of intersections with 4 incoming streets by unit of area.Year of data: September 2017 for L1_AD, January 2018 for L2",Physical and Natural Environment,Street Design,BEC_v2.0
0,yes,BECADLRDENS,Large road density,"Measures the total length of streets in meters with four or more lanes per km2 of area. Interpretation: Varies from 0 to infinity. Cities with higher values have more large streets per unit of area; Higher values means more traffic, more obstacles, less walkability. Year of data: September 2017 for L1_AD, January 2018 for L2. ",Physical and Natural Environment,Street Design,BEC_v2.0
0,yes,BECADSTTDENS,Street density,"Measures the total length of streets in meters per km2 of area. Each intersection (a point where more than 2 streets meet) becomes a node of the network and each street segment connecting two intersections becomes an edge in the network. Street density sums of all links in the undirected representation of the network divided by the area. Interpretation: Varies from 0 to infinity. Cities with higher values have a lot of streets by unit of area. Year of data:  September 2017 for L1_AD, January 2018 for L2, 2020 for L3.",Physical and Natural Environment,Street Design,BEC_v2.0
0,yes,BECADSTTLGAVG,Street length average,"Measures the average length of streets in the street network. Each intersection (a point where more than 2 streets meet) becomes a node of the network and each street segment connecting two intersections becomes an edge in the network. Interpretation: Small values represent smaller blocks and large values represent larger street segments or blocks. Year of data: September 2017 for L1_AD, January 2018 for L2.",Physical and Natural Environment,Street Design,BEC_v2.0
0,yes,BECADSTTPNODEAVG,Streets per node average,"Measures the distribution of the number of streets that meet at each intersection of the street network. Each intersection (a point where more than 2 streets meet) becomes a node of the network and each street segment connecting two intersections becomes an edge in the network. Interpretation: Varies from 2 to infinity. Higher values mean on average intersections connect to more intersections. Year of data: September 2017 for L1_AD, January 2018 for L2.",Physical and Natural Environment,Street Design,BEC_v2.0
0,yes,BECADSTTPNODESD,Streets per node standard deviation,"Measures the distribution of the number of streets that meet at each intersection of the street network.  Each intersection (a point where more than 2 streets meet) becomes a node of the network and each street segment connecting two intersections becomes an edge in the network. The standard deviation of the number of physical streets (i.e., edges in the undirected representation of the graph) that emanate from each intersection and dead-end. Interpretation: Higher values mean more variability in the number of incoming edges (streets) for each node in the network; the statistical and spatial distributions of number of streets per intersection characterize the type, prevalence, and dispersion of intersection connectedness in the network. Year of data: September 2017 for L1_AD, January 2018 for L2.",Physical and Natural Environment,Street Design,BEC_v2.0
0,yes,BECADSTTTLENGTH,Total street length,"Total street length considering all types of streets within the areal unit. Each intersection (a point where more than 2 streets meet) becomes a node of the network and each street segment connecting two intersections becomes an edge in the network. Street length sums of all links in the undirected representation of the network. Year of data: September 2017 for L1_AD, January 2018 for L2, 2020 for L3.",Physical and Natural Environment,Street Design,BEC_v2.0
0,yes,BECADTYPE,L3 source type,An indicator variable for sources of L3 boundary,Physical and Natural Environment,Urban Form Metrics,BEC_v2.0
0,no,BECAERTRAMLNGTH,Aerial tram length,"Measure of the Aerial Tram system supply. The aerial tramway is based on the principle of cableways in sightseeing tours in alpine resorts. The aerial tramway is a type or aerial lift which uses one or two stationary support ropes and a third moving rope to move a cabin through a defined path. For the cities where it does not exist, we assume zero as the value of the city. Interpretation: The total length in km of Aerial Tram. A unit with higher values has a bigger aerial tram system. Country team input: The draft of measures was sent to each country team to check for face validity.  Country teams used their expert knowledge and/or any existing criteria used to suggest any changes to the aerial tram variables at L1 and L2 “subcity”.  Year of data: December 2017",Physical and Natural Environment,Transportation,BEC_v2.0
0,yes,BECAVGPTCHAREA,Mean patch size,"Total urban area (in hectares) divided by number of urban patches. Interpretation: Indicator of urban fragmentation. Larger values reflect a larger size of urban development; low values reflect scattered, small development.",Physical and Natural Environment,Urban Landscape,BEC_v2.0
0,yes,BECAWAVGPTCHAREA,Area-weighted mean patch size,"Weighted average of urban patch size (in hectares). This value is weighted by the area of each patch. By weighting by patch size, larger urban patches have a higher influence in this weighted-average metric. Researchers could decide at their own discretion on using this weighted index or the corresponding unweighted one. Interpretation: Indicator of fragmentation. Larger values reflect a larger size of urban development; low values reflect scattered, small development.",Physical and Natural Environment,Urban Landscape,BEC_v2.0
0,yes,BECAWEDGDENS,Area-weighted edge density,"Total perimeter of all patches multiplied by the corresponding area weight, and divided by the total area of the geographic unit. This is the area-weighted version of edge density. By weighting by patch size, larger urban patches have a higher influence in this weighted-average metric. Researchers could decide at their own discretion on using this weighted index or the corresponding unweighted one. Interpretation: Indicator of fragmentation and shape complexity. A higher value indicates, for the same total area of urban patches: (1) there are likely to be more smaller patches versus fewer larger patches, and (2) on average, patches have a more complex shape.",Physical and Natural Environment,Urban Landscape,BEC_v2.0
0,yes,BECAWMNNNGH,Area-weighted Mean Nearest Neighbor Distance,"Mean distance (in meters) to the nearest urban patch within the geographic boundary. This value is weighted by the area of each patch. Interpretation: Indicator of isolation among patches of a similar class, a higher value indicates higher level of isolation. By weighting by patch size, larger urban patches have a higher influence in this weighted-average metric.",Physical and Natural Environment,Urban Landscape,BEC_v2.0
0,yes,BECAWMNSHPINDX,Area-weighted mean shape index,"Shape index is a ratio of the actual perimeter of a patch to the minimum perimeter possible for a maximally compact patch with the same size. The area-weighted mean shape index is the weighted average of the shape index for each patch within the geographic boundary. This index is weighted by the area of each patch. Interpretation: Shape index ranges from 1 to infinity, with 1 being the index for a patch that is maximally compact. A lower value indicates higher levels of compactness of each individual patch. By weighting by patch size, larger urban patches have a higher influence in this weighted-average metric.",Physical and Natural Environment,Urban Landscape,BEC_v2.0
0,yes,BECBRTLNGTH,Bus Rapid Transit length,Measure of overall levels of Bus Rapid Transit (BRT) supply. For cities where there is no BRT system we assign zero as the value of the geographic level. The BRT is a bus-based public transport system designed to improve upon the capacity and reliability of a conventional bus system. A BRT system includes roadways specially designated as corridors for buses and stations for boarding. BRT aims to combine the capacity and speed of a metro and the flexibility and lower cost of a bus system. The total length in km of BRT in the geographic unit. A unit with higher values have a bigger BRT system. Year of data: September 2017. Country team input: The draft of measures was sent to each country team to check for face validity.  Country teams used their expert knowledge and/or any existing criteria used to suggest any changes to the BRT variables at L1 and L_2 “subcity”. ,Physical and Natural Environment,Transportation,BEC_v2.0
0,yes,BECBRTPRCTRIP,Bus Rapid Transit price trip,One-way Bus Rapid Transit (BRT) fare in USD. The BRT price trip standard in USD.  The BRT is a bus-based public transport system designed to improve upon the capacity and reliability of a conventional bus system. A BRT system includes roadways specially designated as corridors for buses and stations for boarding. BRT aims to combine the capacity and speed of a metro and the flexibility and lower cost of a bus system. A unit with a higher travel price indicates a higher cost for the user per trip. Year of data: September 2017,Physical and Natural Environment,Transportation,BEC_v2.0
0,yes,BECBYLANELNGTH,Bicycle lane length,"Measure of bicycle lane system supply.  Bicycle facilities: public infrastructure and other areas aimed at the exclusive or shared use of bicycles. This can be an exclusive lane of a public road or an independent way where bicycles can transit. Interpretation: The total length in km of bicycle lane. A unit with higher values has more and larger bicycle lanes. Country team input: The draft of measures was sent to each country team to check for face validity.  Country teams used their expert knowledge and/or any existing criteria used to suggest any changes to the bicycle lanes variables at L and L2 “subcity”. In a preliminary audit, we modified the values according to the information of the experts in the countries and the information collected from OpenStreetMap. For each city with a value different from zero or missing, we take the highest value between the value from the official source and OpenStreetMap. Year of data: December 2017",Physical and Natural Environment,Transportation,BEC_v2.0
0,no,BECCITYAGE,City foundation year,Foundation year for cities at Level 1 (Applicable only to L1AD and L1UX units). Interpretation: Colonial foundation of the city. Earliest date of colonial settlement is used as foundation year when official date was not available or when discrepancies were found between data sources. City foundation years range from 1502 to 1992. ,Physical and Natural Environment,Urban Form Metrics,BEC_v2.0
0,yes,BECCOAST,Coastal city,"Binary indicator that distinguishes between coastal (with a value of 1) and inland geographies (with a value of 0). Coastal geographies are those with parts of their boundaries within 1 km from the closest coastline, whereas inland regions represent the rest. Interpretation: Coastal regions should be treated differently as they are more influenced by oceans.",Physical and Natural Environment,Natural Environment and Parks,BEC_v2.0
0,yes,BECCVPTCHAREA,Coefficient of variation of the urban patch size,"The standard deviation of the patch size within the geographic boundary, divided by the mean patch size within the geographic boundary. Interpretation: A higher value indicates a higher level of variation of patch sizes; a lower value indicates a more even distribution of patch sizes",Physical and Natural Environment,Urban Landscape,BEC_v2.0
0,yes,BECCZ,Major climate zone within boundary,"Major climate zone in a geography, indicating its seasonal precipitation and temperature patterns. Interpretation: Representative climate patterns of seasonal precipitation and temperature patterns in a geography. These patterns control for background difference in climate (precipitation and temperature) and biophysical environment (e.g., availability of greenspace and blue space).",Physical and Natural Environment,Natural Environment and Parks,BEC_v2.0
0,yes,BECDEMBRT,Demand of Bus Rapid Transit,Measure level of demand of the Bus Rapid Transit (BRT) system.  The BRT is a bus-based public transport system designed to improve upon the capacity and reliability of a conventional bus system. A BRT system includes roadways specially designated as corridors for buses and stations for boarding. BRT aims to combine the capacity and speed of a metro and the flexibility and lower cost of a bus system. Interpretation: It is calculated as the ratio between number of users of BRT and total population (applicable only to L1). A unit with higher BRT demand values indicates a system with higher level of demand. Year of data: September 2017. ,Physical and Natural Environment,Transportation,BEC_v2.0
0,yes,BECEDGDENS,Edge density,"Total perimeter of all urban patches, divided by the total area of the geographic unit measured in meters per hectare. Interpretation: Indicator of fragmentation and shape complexity. A higher value indicates, for the same total area of urban patches: (1) on average, there are likely to be more smaller patches, versus fewer larger patches, and (2) on average, patches have more complex shapes.",Physical and Natural Environment,Urban Landscape,BEC_v2.0
0,yes,BECEFFMESHSIZE,Effective Mesh Size,"The sum of squares of urban patch size, divided by the total area of the geographic unit in hectare. Interpretation: Indicator of fragmentation where larger patches have higher weights. Larger values reflect a larger size of urban development; low values reflect scattered, small development.",Physical and Natural Environment,Urban Landscape,BEC_v2.0
0,yes,BECELEVATIONAVE,Average elevation,Average elevation over land area (excluding water) in meters. Large value reflects more hilliness.,Physical and Natural Environment,Natural Environment and Parks,BEC_v2.0
0,yes,BECELEVATIONMAX,Maximum elevation,Maximum elevation over land area (excluding water) in meters. Large value reflects more hilliness.,Physical and Natural Environment,Natural Environment and Parks,BEC_v2.0
0,yes,BECELEVATIONMEDIAN,Median elevation,Median elevation over land area (excluding water) in meters. Large value reflects more hilliness.,Physical and Natural Environment,Natural Environment and Parks,BEC_v2.0
0,yes,BECELEVATIONMIN,Minimum elevation,Minimum elevation over land area (excluding water) in meters. Large value reflects more hilliness.,Physical and Natural Environment,Natural Environment and Parks,BEC_v2.0
0,yes,BECELEVATIONP25,25th percentile of elevation,25th percentile of elevation over land area (excluding water) in meters. Large value reflects more hilliness or more variations in hilliness.,Physical and Natural Environment,Natural Environment and Parks,BEC_v2.0
0,yes,BECELEVATIONP75,75th percentile of elevation,75th percentile of elevation over land area (excluding water) in meters. Large value reflects more hilliness or more variations in hilliness.,Physical and Natural Environment,Natural Environment and Parks,BEC_v2.0
0,yes,BECELEVATIONSTD,Standard deviation of elevation,Standard deviation of elevation over land area (excluding water) in meters. Large value reflects more variation in hilliness.,Physical and Natural Environment,Natural Environment and Parks,BEC_v2.0
0,yes,BECERRORWP,Differences between worldpop- and census-based population,"Worldpop estimated population minus census-based population then divided by the census-based population. Interpretation: A larger value shows Worldpop-estimated population is higher than census-based population, and vice versa.",Physical and Natural Environment,Urban Form Metrics,BEC_v2.0
0,yes,BECFNRGUF,False negative rate (HSR vs GUF),"False negative rate is the probability that pixels classified as non-urban according to HSR are classified as urban according to GUF (the dataset used to derive the cross-sectional urban patch metrics). The measure was computed using the 2015 data. The false negative rate varies from 0 to 100. Missing values occurred for units that did not have negatives, false positives, true positives, or true negatives (because of missing data, for example) and which had zeroes in the nominator or denominator when computing the rates. Interpretation: Higher values mean a greater probability that non-urban areas per HSR to be classified as urban per GUF.",Physical and Natural Environment,Urban Form Metrics,BEC_v2.0
0,yes,BECFPRGUF,False positive rate (HSR vs GUF),"False positive rate is defined as probability of overlap between urban HSR pixels with non-urban GUF pixels (the dataset used to derive the cross-sectional urban patch metrics) relative to GUF non-urban. In other words, it is the probability that the pixels classified as urban according to HSR are classified as non-urban according to GUF. The measure was computed using the 2015 data. The false positive rate varies from 0 to 100. Missing values occurred for units that did not have negatives, false positives, true positives, or true negatives (because of missing data, for example) and which had zeroes in the nominator or denominator when computing the rates. Interpretation: Higher values mean greater disagreement between HSR and GUF regarding urban pixels.",Physical and Natural Environment,Urban Form Metrics,BEC_v2.0
0,no,BECGASPRICE,Gasoline price,Measure the price per gallon. Price per gallon of standard gasoline in USD per lite. Interpretation: Price per gallon of standard gasoline in USD per liter. A unit with higher values indicates a transportation system with higher cost for the users and the drivers. The year of the data is from 2017 and range between March to September. A unit with higher values indicates a transportation system with higher cost for the users and the drivers.,Physical and Natural Environment,Transportation,BEC_v2.0
0,no,BECGASPRICEADJ,Adjusted gasoline price,"Measure the capacity of payment of a unit of fuel, according to the minimum wage. Interpretation: Price of standard gasoline in USD per liter /minimum wage. A unit with higher values indicates a transportation system with higher cost for the users and the drivers. ",Physical and Natural Environment,Transportation,BEC_v2.0
0,yes,BECGEOFLAG,L3 boundary quality flag,"A variable indicating whether the L3s in an L1AD on average are correctly georeferenced, i.e., have the correct alignment with other geospatial data. BECGEOFLAGL3 = 0 indicates that L3s in an L1AD overall have correct alignment. BECGEOFLAGL3 = 1 indicates that L3s in an L1AD overall have incorrect alignment and we recommend not using these L3s in the analysis.",Physical and Natural Environment,Urban Form Metrics,BEC_v2.0
0,yes,BECGSAVGPTCHAREA,Mean greenspace patch size,"Total greenspace area (in hectares) divided by number of greenspace patches. Greenspace patches are net of water bodies and exclude limited no observation areas in remote sensing images (due to cloud and shadow). This variable is calculated for L1UX using a 2017 greenspace map at 10 m resolution. Due to the large size of L1AD and L2, this variable is calculated using the same greenspace map resampled to 30 m resolution. Interpretation: Indicator of fragmentation. Larger values reflect a larger size of greenness; low values reflect scattered, small greenness.",Physical and Natural Environment,Natural Environment and Parks,BEC_v2.0
0,yes,BECGSAWAVGPTCHAREA,Area-weighted mean greenspace patch size,"Weighted average of urban patch size (in hectares). This value is weighted by the area of each patch. Greenspace patches and total area are net of water bodies and exclude limited no observation areas in remote sensing images (due to cloud and shadow). This variable is calculated for L1UX using a 2017 greenspace map at 10 m resolution. Due to the large size of L1AD and L2, this variable is calculated using the same greenspace map resampled to 30 m resolution. Interpretation: Indicator of fragmentation. Larger values reflect a larger size of greenness; low values reflect scattered, small greenness. By weighting by patch size, larger urban patches have a higher influence in this weighted-average metric. Researchers could decide at their own discretion on using this weighted index or the corresponding unweighted one.",Physical and Natural Environment,Natural Environment and Parks,BEC_v2.0
0,yes,BECGSAWMNNNGH,Area-weighted Mean Nearest Neighbor Distance of greenspace patches,"Mean distance (in meters) to the nearest greenspace patch within the geographic boundary. This value is weighted by the area of each patch. Greenspace patches are net of water bodies and exclude limited no observation areas in remote sensing images (due to cloud and shadow). This variable is calculated for L1UX using a 2017 greenspace map at 10 m resolution. Due to the large size of L1AD and L2, this variable is calculated using the same greenspace map resampled to 30 m resolution. Interpretation: Indicator of isolation among patches of a similar class, a higher value indicates higher level of isolation. By weighting by patch size, larger green patches have a higher influence in this weighted-average metric.",Physical and Natural Environment,Natural Environment and Parks,BEC_v2.0
0,yes,BECGSAWMNSHPINDX,Area-weighted mean shape index of greenspace patches,"Shape index is a ratio of the actual perimeter of a patch to the minimum perimeter possible for a maximally compact patch with the same size. The area-weighted mean shape index is the weighted average of the shape index for each patch within the geographic boundary. This index is weighted by the area of each patch. Greenspace patches are net of water bodies and exclude limited no observation areas in remote sensing images (due to cloud and shadow). This variable is calculated for L1UX using a 2017 greenspace map at 10 m resolution. Due to the large size of L1AD and L2, this variable is calculated using the same greenspace map resampled to 30 m resolution. Interpretation: Shape index ranges from 1 to infinity, with 1 being the index for a patch that is maximally compact. A lower value indicates higher levels of compactness of each individual patch. By weighting by patch size, larger green patches have a higher influence in this weighted-average metric.",Physical and Natural Environment,Natural Environment and Parks,BEC_v2.0
0,yes,BECGSCLUMP,Clumpy of greenspace patches,"Clumpy measures the clustering of greenspace patches. Greenspace patches are net of water bodies and exclude limited no observation areas in remote sensing images (due to cloud and shadow). This variable is calculated for L1UX using a 2017 greenspace map at 10 m resolution. Due to the large size of L1AD and L2, this variable is calculated using the same greenspace map resampled to 30 m resolution. Interpretation: Indicator of spatial clustering of greenspace patches. A value closer to 1 indicates more spatial aggregation, whereas a value closer to -1 indicates more spatial disaggregation.",Physical and Natural Environment,Natural Environment and Parks,BEC_v2.0
0,yes,BECGSCOHESION,Cohesion of greenspace patches,"Cohesion measures physical connectedness of greenspace patches. Cohesion increases monotonically as the proportion of the landscape occupied by greenspace increases until an asymptote is reached near the percolation threshold (beyond which a giant connected component exists). Cohesion=0 if the landscape only has one greenspace cell. Greenspace patches are net of water bodies and exclude limited no observation areas in remote sensing images (due to cloud and shadow). This variable is calculated for L1UX using a 2017 greenspace map at 10 m resolution. Due to the large size of L1AD and L2, this variable is calculated using the same greenspace map resampled to 30 m resolution.  Interpretation: Indicator of physical connectedness of greenspace patches. A value closer to 0 indicates less connection and less presence of greenspace patches. The value is sensitive to and increases with clumpy of greenspace patches, before the percolation threshold when a giant connected component forms (e.g., a green belt along the city perimeter). Beyond the percolation threshold, cohesion is insensitive to patch configuration.",Physical and Natural Environment,Natural Environment and Parks,BEC_v2.0
0,yes,BECGSEDGDENDS,Edge density of greenspace patches,"Total edge of all greenspace patches, divided by the total are of the geographic unit (meters per hectare). Edge is the patch boundary separating greenspace from non-greenspace and does not include the boundary on the landscape boarder. Greenspace patches and total area are net of water bodies and exclude limited no observation areas in remote sensing images (due to cloud and shadow). This variable is calculated for L1UX using a 2017 greenspace map at 10 m resolution. Due to the large size of L1AD and L2, this variable is calculated using the same greenspace map resampled to 30 m resolution. Interpretation: Indicator of fragmentation and shape complexity. A higher value indicates, for the same total area of green patches: (1) on average, there are likely to be more smaller patches, versus fewer larger patches, and (2) on average, patches have more complex shapes.",Physical and Natural Environment,Natural Environment and Parks,BEC_v2.0
0,yes,BECGSMNNNGH,Mean Nearest Neighbor Distance of greenspace patches,"Mean distance (in meters) to the nearest greenspace patch within the geographic boundary. Greenspace patches are net of water bodies and exclude limited no observation areas in remote sensing images (due to cloud and shadow). This variable is calculated for L1UX using a 2017 greenspace map at 10 m resolution. Due to the large size of L1AD and L2, this variable is calculated using the same greenspace map resampled to 30 m resolution.  Interpretation: Indicator of isolation among patches of a similar class, a higher value indicates higher level of isolation. By weighting by patch size, larger green patches have a higher influence in this weighted-average metric.",Physical and Natural Environment,Natural Environment and Parks,BEC_v2.0
0,yes,BECGSMNSHPINDX,Mean shape index of greenspace patches,"Shape index is a ratio of the actual perimeter of a patch to the minimum perimeter possible for a maximally compact patch with the same size. Greenspace patches are net of water bodies and exclude limited no observation areas in remote sensing images (due to cloud and shadow). This variable is calculated for L1UX using a 2017 greenspace map at 10 m resolution. Due to the large size of L1AD and L2, this variable is calculated using the same greenspace map resampled to 30 m resolution. Interpretation: Shape index ranges from 1 to infinity, with 1 being the index for a patch that is maximally compact. A lower value indicates higher levels of compactness of each individual patch. By weighting by patch size, larger urban patches have a higher influence in this weighted-average metric.",Physical and Natural Environment,Natural Environment and Parks,BEC_v2.0
0,yes,BECGSNPTCH,Number of greenspace patches,"Number of contiguous areas of greenspace (greenspace patches hereafter). Greenspace patches are net of water bodies and exclude limited no observation areas in remote sensing images (due to cloud and shadow). This variable is calculated for L1UX using a 2017 greenspace map at 10 m resolution. Due to the large size of L1AD and L2, this variable is calculated using the same greenspace map resampled to 30 m resolution.  Interpretation: Higher number of patches reflects fragmentation of green spaces.",Physical and Natural Environment,Natural Environment and Parks,BEC_v2.0
0,yes,BECGSPCT,Percentage of greenspace,"Total greenspace area divided by the land area of the geographic unit, and multiplied by 100. Greenspace area and land area  are net of water bodies and exclude limited no observation areas in remote sensing images (due to cloud and shadow). This variable is calculated for L1UX and L3 using a 2017 greenspace map at 10 m resolution. Due to the large size of L1AD and L2, this variable is calculated using the same greenspace map resampled to 30 m resolution. Interpretation: Large value indicates a higher level of greeness of the geographic unit.",Physical and Natural Environment,Natural Environment and Parks,BEC_v2.0
0,yes,BECGSPCTLAND,Land area for calculating percentage of greenspace ,Land area in hectares for calculating percentage of greenspace (denominator),Physical and Natural Environment,Natural Environment and Parks,BEC_v2.0
0,yes,BECGSPTCHDENS,Greenspace patch density,"Number of greenspace patches divided by the total area of the geographic unit (number of patches/hectare). Greenspace patches and total area are net of water bodies and exclude limited no observation areas in remote sensing images (due to cloud and shadow). This variable is calculated for L1UX using a 2017 greenspace map at 10 m resolution. Due to the large size of L1AD and L2, this variable is calculated using the same greenspace map resampled to 30 m resolution. Interpretation: Higher patch density reflects fragmentation of green spaces.",Physical and Natural Environment,Natural Environment and Parks,BEC_v2.0
0,yes,BECGUFFLAG,Quality flag  (HSR vs GUF),"The flag is used to mark records where the true positive rate – or the extent of overlap between urban HSR and urban GUF pixels at L1AD in 2015 – is less than 50%. If the true positive rate is < 50%, the flag takes on ‘1’, otherwise it is set to ‘0’.  The flag was computed for 2015 and is available for L1AD, L1UX, and L2.",Physical and Natural Environment,Urban Form Metrics,BEC_v2.0
0,yes,BECINCREASEFLAG,Flag for % increase in urban area between 1985 and 2015,"Flag for the percentage increase in urban area between 1985 and 2015. If percentage increase in urban area between 1985-2015 is greater than 149%, the flag is set as ‘1’; ‘0’ otherwise. Interpretation: ‘1’ means that a unit’s urbanized area saw an increase of greater than 149% -- or increased by at least 2.5 times -- by 2015 compared to 1985.",Physical and Natural Environment,Urban Landscape,BEC_v2.0
0,yes,BECMAXNDVINW,Maximum of annual maximum NDVI (water excluded),"Annual maximum Normalized Difference Vegetation Index (NDVI) in an area. NDVI is an indicator of vegetation ‘greenness’. NDVI ranges from -1 to 1, with higher values indicating more vegetated areas that are also greener. Interpretation: Maximum of the annual maximum NDVI values in effective urbanized area (excluding water and vegetation) with bias-corrections for cloud, heavy aerosols, and shadows. Large value reflects higher prevalence of vegetation, particularly greener vegetation.",Physical and Natural Environment,Natural Environment and Parks,BEC_v2.0
0,yes,BECMEDNDVINW,Median of annual maximum NDVI (water excluded),"Annual median Normalized Difference Vegetation Index (NDVI) in an area. NDVI is an indicator of vegetation ‘greenness’. NDVI ranges from -1 to 1, with higher values indicating more vegetated areas that are also greener. Interpretation: Median of the annual maximum NDVI values in effective urbanized area (excluding water and vegetation) with bias-corrections for cloud, heavy aerosols, and shadows. Large value reflects higher prevalence of vegetation, particularly greener vegetation.",Physical and Natural Environment,Natural Environment and Parks,BEC_v2.0
0,yes,BECMINWAGE,Minimim wage,Value of minimum wage per country in USD. Interpretation: USD at 2017 September,Physical and Natural Environment,Transportation,BEC_v2.0
0,no,BECNBHDCENT,Distance to city center,Measures distance to the center of Level 1 units (in km). (Applicable only to Level 2 and Level 3 units). Interpretation: Measures the distance between each L2 and L3 unit’s centroid to L1 city center. A higher value indicates longer distance to the city center.,Physical and Natural Environment,Urban Form Metrics,BEC_v2.0
0,yes,BECNUMBRTUS,Number of Bus Rapid Transit users,Measure of the Bus Rapid Transit (BRT) system demand (users per day). The BRT is a bus-based public transport system designed to improve upon the capacity and reliability of a conventional bus system. A BRT system includes roadways specially designated as corridors for buses and stations for boarding. BRT aims to combine the capacity and speed of a metro and the flexibility and lower cost of a bus system. Interpretation: The number of BRT users (applicable only to L1). A unit with higher values indicate that the BRT system transport more users. Year of data: September 2017,Physical and Natural Environment,Transportation,BEC_v2.0
0,yes,BECNURBPTCH,Number of urban patches,Number of contiguous areas of urban development. Interpretation: Higher number of patches reflects fragmentation of urban expansion.,Physical and Natural Environment,Urban Landscape,BEC_v2.0
0,yes,BECOPSTTSYSLNGTH,Open street system length,"Measure the open street or ciclovías system supply. The  Ciclovías Recreativas in Latin America, Open Streets in North America are programs where streets are open temporarily exclusively for people so they can enjoy safe, free space in their city for cycling, skating, walking, jogging or other activities. Interpretation: The total length in km of streets that are used for the Open Streets or Ciclovía program for recreational purposes (applicable only to L1). A unit with higher values has a bigger open street system. Year of data: December 2017",Physical and Natural Environment,Transportation,BEC_v2.0
0,yes,BECPAYCAPBRT,Payment capacity of Bus Rapid Transit,"Measues the capacity of payment of a city in the Bus Rapid Transit (BRT), according to the minimum wage (applicable only to L1). The BRT is a bus-based public transport system designed to improve upon the capacity and reliability of a conventional bus system. A BRT system includes roadways specially designated as corridors for buses and stations for boarding. BRT aims to combine the capacity and speed of a metro and the flexibility and lower cost of a bus system. The year of the minimum wage is from September of 2017 in USD. A unit with higher values indicates more expensive systems according to the minimum wage of each country. ",Physical and Natural Environment,Transportation,BEC_v2.0
0,yes,BECPAYCAPSUB,Payment capacity of subway,"Measures the capacity of payment of a city in the Subway, according to the minimum wage (applicable only to L1). The year of the minimum wage is from September of 2017 in USD. Interpretation: It is calculated as the ratio between price trip of subway*10 and minimum wage. A unit with higher values indicates more expensive systems according to the minimum wage of each country.",Physical and Natural Environment,Transportation,BEC_v2.0
0,yes,BECPCTINCREASE,% increase in urban area between 1985 and 2015,A percentage increase in total urban area in 2015 compared to 1985. This is calculated as ((total urban area in 2015- total urban area in 1985)/total urban area in 1985)*100. Interpretation: Higher values mean a more expansive urban growth.,Physical and Natural Environment,Urban Landscape,BEC_v2.0
0,yes,BECPCTPERMWATER,Percent area covered by permanent water bodies,Percentage of area covered by permanent water bodies (present at least once a month for all months in a year) of a geographic unit in a year. Interpretation: higher percentages indicate a stronger presence of water bodies.,Physical and Natural Environment,Natural Environment and Parks,BEC_v2.0
0,yes,BECPCTSEASONWATER,Percent area covered by seasonal water bodies,Percentage of area covered by seasonal water bodies (present only in some months in a year) of a geographic unit in a year. Interpretation: higher percentages indicate a stronger presence of water bodies.,Physical and Natural Environment,Natural Environment and Parks,BEC_v2.0
0,yes,BECPCTURBAN,Percentage of urban area,"Total urban area divided by the total area of the geographic unit, and multiplied by 100. Ranges from 0 to 100. Interpretation: Large value indicates a higher level of urbanization of the geographic unit.",Physical and Natural Environment,Urban Landscape,BEC_v2.0
0,yes,BECPCTURBANGUFFB,Percentage of urban area,"Total urban area (using both Global Urban Footprint (GUF) and Facebook population density maps) divided by the total area of the geographic unit, and multiplied by 100. Ranges from 0 to 100. Interpretation: Large value indicates a higher level of urbanization of the geographic unit.",Physical and Natural Environment,Urban Landscape,BEC_v2.0
0,yes,BECPCTWATERAREA,Total area for calculating percentage of blue space,Total area in hectares for calculating percentage of blue space,Physical and Natural Environment,Natural Environment and Parks,BEC_v2.0
0,yes,BECPERCAPCO2,Per capita carbon footprint,"Per capita carbon (CO2) footprint of a geography. Interpretation: total and per capita carbon emission (carbon footprint) in a geography based on national or subnational carbon footprint, the geography’s population, purchasing power and expenditure patterns. Higher values indicate greater carbon emissions, which may indicate more emissions of co-pollutants (e.g. NOx, SOx) and anthropogenic heat. To get per capita carbon footprint, we first derived gridded population counts by dividing GGMCF’s total carbon footprint by its per capita carbon footprint. We then calculated total population in a geography using area-weighted sum. We finally calculated a geography’s capita carbon footprint by dividing the geography’s total carbon footprint by its total population.",Physical and Natural Environment,Carbon Footprint,BEC_v2.0
0,yes,BECPOPCONC,Population concentration,Gini coefficient of population in all urban patches inside the geographic boundary. Measures the evenness of the distribution of population in units of 100m x 100m grid cells. Ranges from 0 (uniform population) to 1 (highly concentrated population). Population is adjusted for United Nations' country-level population projections. Interpretation: Measures how evenly distributed is the population over the urban area. A higher value indicates an uneven distribution. Using adjusted and unadjusted population will generate the same values.,Physical and Natural Environment,Urban Form Metrics,BEC_v2.0
0,yes,BECPOPDENS,Population density,Population per square kilometer in all the urban patches or administrative area inside the geographic boundary. Interpretation: A higher value indicates a denser urban development pattern.,Physical and Natural Environment,Urban Form Metrics,BEC_v2.0
0,no,BECPRSAERTRAM,Presence of aerial tram,"Measure of the existence of Aerial tram system. The aerial tramway is based on the principle of cableways in sightseeing tours in alpine resorts. The aerial tramway is a type or aerial lift which uses one or two stationary support ropes and a third moving rope to move a cabin through a defined path. Interpretation: A binary variable indicating 1 if an Aerial tram system exists in the city, 0 in the other case.  Year of data: December 2017",Physical and Natural Environment,Transportation,BEC_v2.0
0,yes,BECPRSBRT,Presence of a Bus Rapid Transit,"Measure the existence of a Bus Rapid Transit (BRT) system. The BRT is a bus-based public transport system designed to improve upon the capacity and reliability of a conventional bus system. A BRT system includes roadways specially designated as corridors for buses and stations for boarding. BRT aims to combine the capacity and speed of a metro and the flexibility and lower cost of a bus system. Year of data: September 2017. Interpretation: A binary variable indicating 1 if a BRT system exists in the city, 0 in the other case.",Physical and Natural Environment,Transportation,BEC_v2.0
0,yes,BECPRSSUBWAY,Presence of subway,"Measure of the existence of Subway system. The mass rapid transit, also known as heavy rail, metro or subway, is a type of high-capacity public transport. The subway systems are compounds of electrical railways that operate on an exclusive right-of-way which is often separated in tunnels or elevated railways. Interpretation: A binary variable indicating 1 if a Subway system exists in the city, 0 in the other case. ",Physical and Natural Environment,Transportation,BEC_v2.0
0,yes,BECPTCHDENS,Patch density,Number of urban patches divided by the total area of the geographic unit (in 100 hectares). Interpretation: Higher patch density reflects fragmentation of urban expansion.,Physical and Natural Environment,Urban Landscape,BEC_v2.0
0,yes,BECSLOPEAVE,Average slope in geographic unit.,"Average slope over land area (excluding water) in meters. Large value reflects more hilliness. Slope is derived from Shuttle Radar Topography Mission (SRTM) elevation model, by calculating elevation gradient (slope) using the 4-connected neighbors of each pixel",Physical and Natural Environment,Natural Environment and Parks,BEC_v2.0
0,yes,BECSLOPEMAX,Maximum slope in geographic unit.,"Maximum slope over land area (excluding water) in meters. Large value reflects more hilliness. Slope is derived from Shuttle Radar Topography Mission (SRTM) elevation model, by calculating elevation gradient (slope) using the 4-connected neighbors of each pixel",Physical and Natural Environment,Natural Environment and Parks,BEC_v2.0
0,yes,BECSLOPEMEDIAN,Median slope in geographic unit.,"Median slope over land area (excluding water) in meters. Large value reflects more hilliness. Slope is derived from Shuttle Radar Topography Mission (SRTM) elevation model, by calculating elevation gradient (slope) using the 4-connected neighbors of each pixel",Physical and Natural Environment,Natural Environment and Parks,BEC_v2.0
0,yes,BECSLOPEMIN,Minimum slope in geographic unit.,"Minimum slope over land area (excluding water) in meters. Large value reflects more hilliness. Slope is derived from Shuttle Radar Topography Mission (SRTM) elevation model, by calculating elevation gradient (slope) using the 4-connected neighbors of each pixel",Physical and Natural Environment,Natural Environment and Parks,BEC_v2.0
0,yes,BECSLOPEP25,25th percentile of slope in geographic unit.,"25th percentile of slope over land area (excluding water) in meters. Large value reflects more hilliness or variation in hilliness. Slope is derived from Shuttle Radar Topography Mission (SRTM) elevation model, by calculating elevation gradient (slope) using the 4-connected neighbors of each pixel",Physical and Natural Environment,Natural Environment and Parks,BEC_v2.0
0,yes,BECSLOPEP75,75th percentile of slope in geographic unit.,"75th percentile of slope over land area (excluding water) in meters. Large value reflects more hilliness or variation in hilliness. Slope is derived from Shuttle Radar Topography Mission (SRTM) elevation model, by calculating elevation gradient (slope) using the 4-connected neighbors of each pixel",Physical and Natural Environment,Natural Environment and Parks,BEC_v2.0
0,yes,BECSLOPESTD,Standard deviation of slope in geographic unit.,"Standard deviation of slope over land area (excluding water) in meters. Large value reflects more variation in hilliness. Slope is derived from Shuttle Radar Topography Mission (SRTM) elevation model, by calculating elevation gradient (slope) using the 4-connected neighbors of each pixel",Physical and Natural Environment,Natural Environment and Parks,BEC_v2.0
0,no,BECSTTP,Street design profiles,Characterize the street design profiles designed by the finite mixture modelling approach. Profiles includes several other SALURBAL Built Environement measures please reference to the variable origin section for details. ,Physical and Natural Environment,Street Design,BEC_v2.0
0,yes,BECSUBWAYLNGTH,Subway length,"Measure of the overall levels of subway supply. The mass rapid transit, also known as heavy rail, metro or subway, is a type of high-capacity public transport. The subway systems are compounds of electrical railways that operate on an exclusive right-of-way which is often separated in tunnels or elevated railways. Interpretation: The total length in km of Subway. A unit with higher values has a bigger subway system. Year of data: December 2017",Physical and Natural Environment,Transportation,BEC_v2.0
0,yes,BECSUBWAYPRCTRIP,Subway price trip,"Measure Subway transport services affordability. The mass rapid transit, also known as heavy rail, metro or subway, is a type of high-capacity public transport. The subway systems are compounds of electrical railways that operate on an exclusive right-of-way which is often separated in tunnels or elevated railways. Interpretation: The Subway price for one-way trip standard in USD (applicable only to L1, for the L2 cities it is the same as L1). A unit with a higher travel price indicates a higher cost for the user per trip. Year of data: December 2017",Physical and Natural Environment,Transportation,BEC_v2.0
0,yes,BECSUPBIKEFAC,Supply of bike facilities,"Measure the offer of km of Bike facilities. Bicycle facilities is a public infrastructure and other areas aimed at the exclusive or shared use of bicycles. This can be an exclusive lane of a public road or an independent way where bicycles can transit. Interpretation: It is calculated as the ratio between bike facilities system length and population unadjusted. A unit with higher values of supply of bicycle lanes indicates the presence of a system with greater capacity for attention to the population. Year of data: December 2017.
",Physical and Natural Environment,Transportation,BEC_v2.0
0,yes,BECSUPBRT,Supply of Bus Rapid Transit,Measure the supply of Bus Rapid Transit (BRT) in km per person. The BRT is a bus-based public transport system designed to improve upon the capacity and reliability of a conventional bus system. A BRT system includes roadways specially designated as corridors for buses and stations for boarding. BRT aims to combine the capacity and speed of a metro and the flexibility and lower cost of a bus system. Interpretation: It is calculated as the ratio between BRT system length and total population. A unit with higher values of supply of BRT indicates the presence of a system with greater capacity for attention to the population. Year of data: September 2017.,Physical and Natural Environment,Transportation,BEC_v2.0
0,yes,BECSUPSUB,Supply of subway,"Measures the subway length per capita. The mass rapid transit, also known as heavy rail, metro or subway, is a type of high-capacity public transport. The subway systems are compounds of electrical railways that operate on an exclusive right-of-way which is often separated in tunnels or elevated railways. Interpretation: It is calculated as the ratio between subway system length and population unadjusted. A unit with higher values of supply of subway indicates the presence of a system with greater capacity for attention to the population. Year of data: December 2017",Physical and Natural Environment,Transportation,BEC_v2.0
0,yes,BECTGSAREA,Total greenspace area,"Total area (in hectares) of grid cells classified as greenspace inside the geographic boundary. Greenspace excludes water bodies and limited no observation areas in remote sensing images (due to cloud and shadow). This variable is calculated for L1UX and L3 using a 2017 greenspace map at 10 m resolution. Due to the large size of L1AD and L2, this variable is calculated using the same greenspace map resampled to 30 m resolution. A higher value indicates more green area.",Physical and Natural Environment,Natural Environment and Parks,BEC_v2.0
0,yes,BECTNRGUF,True negative rate (HSR vs GUF),"True negative rate is defined as probability that non-urban HSR pixels are classified as non-urban in GUF (the dataset used to derive the cross-sectional urban patch metrics). The measure was computed using the 2015 data. The true negative rate varies from 0 to 100. Missing values occurred for units that did not have negatives, false positives, true positives, or true negatives (because of missing data, for example) and which had zeroes in the nominator or denominator when computing the rates. Interpretation: Higher values mean greater agreement between HSR and GUF regarding non-urban pixels.",Physical and Natural Environment,Urban Landscape,BEC_v2.0
0,yes,BECTOTCO2,Total carbon footprint,"Total carbon (CO2) footprint of a geography.Unit for total carbon footprint is ktCO2 (1kt = 1000 ton). Interpretation: total carbon emission (carbon footprint) in a geography based on national or subnational carbon footprint, the geography’s population, purchasing power and expenditure patterns. Higher values indicate greater carbon emissions, which may indicate more emissions of co-pollutants (e.g. NOx, SOx) and anthropogenic heat.",Physical and Natural Environment,Carbon Footprint,BEC_v2.0
0,yes,BECTPERMWATERAREA,Total area of permanent water bodies,Area in hectares covered by permanent water bodies (present at least once a month for all months in a year) of a geographic unit in a year. ,Physical and Natural Environment,Natural Environment and Parks,BEC_v2.0
0,yes,BECTPRGUF,True positive rate,"True positive rate is defined as probability of overlap between urban HSR and urban GUF pixels (the dataset used to derive the cross-sectional urban patch metrics) relative to GUF urban. In other words, it is the probability that the pixels classified as urban according to HSR are also classified as urban according to GUF. The measure was computed using the 2015 data. The true positive rate varies from 0 to 100. Missing values occurred for units that did not have negatives, false positives, true positives, or true negatives (because of missing data, for example) and which had zeroes in the numerator or denominator when computing the rates. Interpretation: Higher values mean greater agreement between HSR and GUF regarding urban pixels.",Physical and Natural Environment,Urban Landscape,BEC_v2.0
0,yes,BECTSEASONWATERAREA,Total area of seasonal water bodies,Area in hectares covered by seasonal water bodies (present only in some months in a year) of a geographic unit in a year. ,Physical and Natural Environment,Natural Environment and Parks,BEC_v2.0
0,yes,BECTUAREA,Total urban area,"Total area (in hectares) of 30m x 30m grid cells classified as urbanized inside the geographic boundary. Interpretation: Effective urbanized area, net of water, forest. Large value reflects higher level of urban expansion.",Physical and Natural Environment,Urban Landscape,BEC_v2.0
0,yes,BECTUAREAGUFFB,Total urban area (GUF+Facebook),Total area (in hectares) of 30m x 30m grid cells classified as urbanized inside the geographic boundary using both Global Urban Footprint (GUF) and Facebook population density maps,Physical and Natural Environment,Urban Landscape,BEC_v2.0
0,no,BECURBLANDP,Urban landscape profiles,Characterize the urban landscape profiles designed by the finite mixture modelling approach. ,Physical and Natural Environment,Urban Landscape,BEC_v2.0
1,yes,BTHBIRTHS,Number of births,Number of births,Demographics,Birth/Fertility,BTH_v1.0
1,yes,DTHRED1DEATHS,"Number of deaths with redistributed ill-defined, GHE Tier 1 cause of death","Number of deaths in the geographic region, age, year, male and cause of death combination with redistributed ill-defined.",Mortality,Mortality Counts,DTHRED1_v2.0
1,yes,DTHRED2DEATHS,"Number of deaths with redistributed ill-defined, GHE Tier 2 cause of death","Number of deaths in the geographic region, age, year, male and cause of death combination with redistributed ill-defined.",Mortality,Mortality Counts,DTHRED2_v2.0
1,yes,DTHDEATHS,Number of deaths,Number of all-cause deaths,Mortality,Mortality Counts,DTH_v2.0
0,no,HealthSurveyAdult_ISO2,Survey - ISO-2 Country Code,ISO-2 country code. ,Demographics,Population,HealthSurvey_ADULT_v1.0
0,no,HealthSurveyAdult_MATCHQUALITYMA,Survey - Match Quality L1MA to L1AD,Match quality indicator for match of L1MA to L1AD. ,Demographics,Population,HealthSurvey_ADULT_v1.0
0,no,HealthSurveyAdult_MATCHQUALITYMB,Survey - Match Quality L1MB to L1AD,Match quality indicator for match of L1MB to L1AD.,Demographics,Population,HealthSurvey_ADULT_v1.0
0,no,HealthSurveyAdult_SALID0,Survey - SALURBAL Country ID,SALURBAL Country ID number.,Demographics,Population,HealthSurvey_ADULT_v1.0
0,no,HealthSurveyAdult_SALID1,Survey - SALURBAL Level 1AD ID,SALURBAL Level 1AD ID number.,Demographics,Population,HealthSurvey_ADULT_v1.0
0,no,HealthSurveyAdult_SALID2,Survey - SALURBAL Level 2 ID,SALURBAL Level 2 ID number.,Demographics,Population,HealthSurvey_ADULT_v1.0
0,no,HealthSurveyAdult_SALID25,Survey - SALURBAL Level 2.5 ID,SALURBAL Level 2.5 ID number.,Demographics,Population,HealthSurvey_ADULT_v1.0
0,no,HealthSurveyAdult_SALID3,Survey - SALURBAL Level 3 ID,SALURBAL Level 3 ID number.,Demographics,Population,HealthSurvey_ADULT_v1.0
0,no,HealthSurveyAdult_SALMAID1,Survey - SALURBAL Level 1MA ID,SALURBAL Level 1MA ID number.,Demographics,Population,HealthSurvey_ADULT_v1.0
0,no,HealthSurveyAdult_SALMBID1,Survey - SALURBAL Level 1MB ID,SALURBAL Level 1 MB ID number.,Demographics,Population,HealthSurvey_ADULT_v1.0
0,no,HealthSurveyAdult_SALSVYHHID,Survey Household ID,"Randomly generated survey household ID number. ,Can be used to cluster household members",Demographics,Population,HealthSurvey_ADULT_v1.0
0,no,HealthSurveyAdult_SVYAFRODEC,Survey - Afro-descent Status,Afro-decent.,Demographics,Population,HealthSurvey_ADULT_v1.0
0,no,HealthSurveyAdult_SVYAGE,Survey - Age in Years,Age in years.,Demographics,Population,HealthSurvey_ADULT_v1.0
0,no,HealthSurveyAdult_SVYAGECAT,Survey - Age Categories (10-year),Age in 10-year categories.,Demographics,Population,HealthSurvey_ADULT_v1.0
0,no,HealthSurveyAdult_SVYATTWEAPON,Survey - Weapon Attack (12 months),Someone attacked you with a weapon in past 12 months.,Health Risk Factors,Adult General and Mental Health,HealthSurvey_ADULT_v1.0
0,no,HealthSurveyAdult_SVYBEAT,Survey - Beaten (12 months),Someone beat you in past 12 months.,Health Risk Factors,Adult General and Mental Health,HealthSurvey_ADULT_v1.0
0,no,HealthSurveyAdult_SVYBINGE1,Survey - Binge Drinking V1 (30 days),"Binge drinking Version 1 (last 30 days; 4 or more drinks for female, 5 or more drinks for males).",Health Risk Factors,Adult Behavioral Risk Factors,HealthSurvey_ADULT_v1.0
0,no,HealthSurveyAdult_SVYBINGE2,Survey - Binge Drinking V2 (30 days),Binge drinking Version 2 (last 30 days; 5 or more drinks both sexes).,Health Risk Factors,Adult Behavioral Risk Factors,HealthSurvey_ADULT_v1.0
0,no,HealthSurveyAdult_SVYBINGE3,Survey - Binge Drinking V3 (15 days),Binge drinking Version 3 (last 15 days; 5 or more drinks both sexes).,Health Risk Factors,Adult Behavioral Risk Factors,HealthSurvey_ADULT_v1.0
0,no,HealthSurveyAdult_SVYBINGE4,Survey - Binge Drinking V4 (30 days),"Binge drinking Version 4 (last 30 days; 3 or more drinks female, 4 or more drinks males).",Health Risk Factors,Adult Behavioral Risk Factors,HealthSurvey_ADULT_v1.0
0,no,HealthSurveyAdult_SVYBIT,Survey - Bitten (12 months),Someone bit you in past 12 months.,Health Risk Factors,Adult Behavioral Risk Factors,HealthSurvey_ADULT_v1.0
0,no,HealthSurveyAdult_SVYBMI,Survey - Body Mass Index (Measured),BMI calculated from measured height and weight.,Health Risk Factors,Adult Biomedical Risk Factors,HealthSurvey_ADULT_v1.0
0,no,HealthSurveyAdult_SVYBMICAT,Survey - BMI Categories (WHO),Measured BMI WHO Classifications.,Health Risk Factors,Adult Biomedical Risk Factors,HealthSurvey_ADULT_v1.0
0,no,HealthSurveyAdult_SVYBMICATSELF,Survey - BMI Categories (Self-reported),Self-report BMI WHO Classifications.,Health Risk Factors,Adult Biomedical Risk Factors,HealthSurvey_ADULT_v1.0
0,no,HealthSurveyAdult_SVYBMISELF,Survey - BMI (Self-reported),BMI calculated from self-reported height and weight.,Health Risk Factors,Adult Biomedical Risk Factors,HealthSurvey_ADULT_v1.0
0,no,HealthSurveyAdult_SVYBURN,Survey - Burned (12 months),Someone tried to burned you in past 12 months.,Health Risk Factors,Adult Behavioral Risk Factors,HealthSurvey_ADULT_v1.0
0,no,HealthSurveyAdult_SVYCESD7,Survey - Depression Score (CESD-SF 7),CESD-SF 7 questions total score.,Health Risk Factors,Adult General and Mental Health,HealthSurvey_ADULT_v1.0
0,no,HealthSurveyAdult_SVYCESD7CAT,Survey - Depression Category (CESD-SF 7),CESD-SF 7 questions depression category.,Health Risk Factors,Adult General and Mental Health,HealthSurvey_ADULT_v1.0
0,no,HealthSurveyAdult_SVYCESDC,Survey - CESD: Could Not Shake Blues,"I felt that I could not shake off the blues, even with help from my family and friends.",Health Risk Factors,Adult General and Mental Health,HealthSurvey_ADULT_v1.0
0,no,HealthSurveyAdult_SVYCESDE,Survey - CESD: Trouble Concentrating,I had trouble keeping my mind on what I was doing.,Health Risk Factors,Adult General and Mental Health,HealthSurvey_ADULT_v1.0
0,no,HealthSurveyAdult_SVYCESDF,Survey - CESD: Felt Depressed,I felt depressed.,Health Risk Factors,Adult General and Mental Health,HealthSurvey_ADULT_v1.0
0,no,HealthSurveyAdult_SVYCESDG,Survey - CESD: Everything Was an Effort,I felt that everything I did was an effort.,Health Risk Factors,Adult General and Mental Health,HealthSurvey_ADULT_v1.0
0,no,HealthSurveyAdult_SVYCESDK,Survey - CESD: Restless Sleep,My sleep was restless.,Health Risk Factors,Adult General and Mental Health,HealthSurvey_ADULT_v1.0
0,no,HealthSurveyAdult_SVYCESDP,Survey - CESD: Enjoyed Life,I enjoyed life.,Health Risk Factors,Adult General and Mental Health,HealthSurvey_ADULT_v1.0
0,no,HealthSurveyAdult_SVYCESDR,Survey - CESD: Felt Sad,I felt sad.,Health Risk Factors,Adult General and Mental Health,HealthSurvey_ADULT_v1.0
0,no,HealthSurveyAdult_SVYCIGCUR1,Survey - Current Cigarette Use (100+),"Current cigarette use (100+ or 5 packs). ,Includes only cigarettes",Health Risk Factors,Adult Behavioral Risk Factors,HealthSurvey_ADULT_v1.0
0,no,HealthSurveyAdult_SVYCIGCUR2,Survey - Current Cigarette Use (Any),"Current cigarette use (any amount). ,Includes only cigarettes",Health Risk Factors,Adult Behavioral Risk Factors,HealthSurvey_ADULT_v1.0
0,no,HealthSurveyAdult_SVYCIGHX1,Survey - Lifetime Cigarette Use (100+),"Lifetime cigarette use (100+ or 5 packs). ,Includes only cigarettes",Health Risk Factors,Adult Behavioral Risk Factors,HealthSurvey_ADULT_v1.0
0,no,HealthSurveyAdult_SVYCIGHX2,Survey - Lifetime Cigarette Use (Any),"Lifetime cigarette use (any amount). ,Includes only cigarettes",Health Risk Factors,Adult Behavioral Risk Factors,HealthSurvey_ADULT_v1.0
0,no,HealthSurveyAdult_SVYCROWD25BR,Survey - Overcrowding (>2.5 per Bedroom),Overcrowding: More than 2.5 persons per bedroom.,"Social, Economic, and Services Environment",Housing and Infrastructure,HealthSurvey_ADULT_v1.0
0,no,HealthSurveyAdult_SVYCROWD3RM,Survey - Overcrowding (>3 per Room),Overcrowding: More than 3 persons per room.,"Social, Economic, and Services Environment",Housing and Infrastructure,HealthSurvey_ADULT_v1.0
0,no,HealthSurveyAdult_SVYCURRALC1,Survey - Current Alcohol Use V1 (30 days),Current alcohol use Version 1 (within last 30 days).,Health Risk Factors,Adult Behavioral Risk Factors,HealthSurvey_ADULT_v1.0
0,no,HealthSurveyAdult_SVYCURRALC2,Survey - Current Alcohol Use V2 (12 months),Current alcohol use Version 2 (within last 12 months).,Health Risk Factors,Adult Behavioral Risk Factors,HealthSurvey_ADULT_v1.0
0,no,HealthSurveyAdult_SVYCURRPREG,Survey - Current Pregnancy Status,"Currently pregnant. ,Only amongst females 18-49",Health Risk Factors,Adult Biomedical Risk Factors,HealthSurvey_ADULT_v1.0
0,no,HealthSurveyAdult_SVYDBDX1,Survey - Diabetes Diagnosis V1,Diabetes diagnosis V1 (gestational coded as 'no').,Health Risk Factors,Adult Biomedical Risk Factors,HealthSurvey_ADULT_v1.0
0,no,HealthSurveyAdult_SVYDBDX2,Survey - Diabetes Diagnosis V2,Diabetes diagnosis V2 (gestational coded as 'yes').,Health Risk Factors,Adult Biomedical Risk Factors,HealthSurvey_ADULT_v1.0
0,no,HealthSurveyAdult_SVYDBMED,Survey - Diabetes Medication Use,Current Pharmacological Treatment among Diabetics (using V1 definition).,Health Risk Factors,Adult Biomedical Risk Factors,HealthSurvey_ADULT_v1.0
0,no,HealthSurveyAdult_SVYDBP,Survey - Diastolic Blood Pressure,Diastolic blood pressure.,Health Risk Factors,Adult Biomedical Risk Factors,HealthSurvey_ADULT_v1.0
0,no,HealthSurveyAdult_SVYDBPN,Survey - Diastolic BP Measures Count,Number of diastolic blood presure measures averaged for DBP.,Health Risk Factors,Adult Biomedical Risk Factors,HealthSurvey_ADULT_v1.0
0,no,HealthSurveyAdult_SVYDBTX,Survey - Diabetes Status and Treatment,Diabetes status & treatment as 3-level indicator.,Health Risk Factors,Adult Biomedical Risk Factors,HealthSurvey_ADULT_v1.0
0,no,HealthSurveyAdult_SVYDEPCAT,Survey - Depression Symptom Categories,Depressive symptom categories based on country distribution.,Health Risk Factors,Adult General and Mental Health,HealthSurvey_ADULT_v1.0
0,no,HealthSurveyAdult_SVYDEPMED,Survey - Depression Medication Use,Depression medication use.,Health Risk Factors,Adult General and Mental Health,HealthSurvey_ADULT_v1.0
0,no,HealthSurveyAdult_SVYDEPTX,Survey - Depression Treatment (Any),"Receiving any treatment for depression. ,Includes medication, psychotherapy, or other treatment",Health Risk Factors,Adult General and Mental Health,HealthSurvey_ADULT_v1.0
0,no,HealthSurveyAdult_SVYDXDEP,Survey - Depression Diagnosis,Doctor diagnosis of depression.,Health Risk Factors,Adult General and Mental Health,HealthSurvey_ADULT_v1.0
0,no,HealthSurveyAdult_SVYEDU,Survey - Highest Education Level,Highest Education level completed by respondent.,"Social, Economic, and Services Environment",Education,HealthSurvey_ADULT_v1.0
0,no,HealthSurveyAdult_SVYEVERPREG,Survey - Ever Pregnant,"Ever pregnant. ,Only amongst females 18-49",Health Risk Factors,Adult Biomedical Risk Factors,HealthSurvey_ADULT_v1.0
0,no,HealthSurveyAdult_SVYFIREARM,Survey - Firearm Violence (12 months),Victim of violence involving firearm in past 12 months.,Health Risk Factors,Adult Behavioral Risk Factors,HealthSurvey_ADULT_v1.0
0,no,HealthSurveyAdult_SVYFLOOR,Survey - Finished Floors,Finished floors.,"Social, Economic, and Services Environment",Education,HealthSurvey_ADULT_v1.0
0,no,HealthSurveyAdult_SVYFRUDYWK1,Survey - Fruit Consumption Days V1,Days per week with fruit consumption Version 1.,Health Risk Factors,Adult Behavioral Risk Factors,HealthSurvey_ADULT_v1.0
0,no,HealthSurveyAdult_SVYFRUDYWK2,Survey - Fruit Consumption Days V2,Days per week with fruit consumption Version 2.,Health Risk Factors,Adult Behavioral Risk Factors,HealthSurvey_ADULT_v1.0
0,no,HealthSurveyAdult_SVYFRUDYWK3,Survey - Fruit Consumption Days V3,Days per week with fruit consumption Version 3.,Health Risk Factors,Adult Behavioral Risk Factors,HealthSurvey_ADULT_v1.0
0,no,HealthSurveyAdult_SVYFRUSVDY1,Survey - Fruit Servings Per Day V1,Average number of servings of fruits per day Version 1.,Health Risk Factors,Adult Behavioral Risk Factors,HealthSurvey_ADULT_v1.0
0,no,HealthSurveyAdult_SVYFRUSVDY1A,Survey - Fruit Servings Per Day V1 (No Outliers),Average number of servings of fruits per day Version 1 WITHOUT OUTLIERS REMOVED.,Health Risk Factors,Adult Behavioral Risk Factors,HealthSurvey_ADULT_v1.0
0,no,HealthSurveyAdult_SVYFRUSVDY2,Survey - Fruit Servings Per Day V2,Average number of servings of fruits per day Version 2.,Health Risk Factors,Adult Behavioral Risk Factors,HealthSurvey_ADULT_v1.0
0,no,HealthSurveyAdult_SVYFRUVEGAD1,Survey - Adequate Fruit and Vegetable Intake V1,"Adequate fruit and vegetable intake Version 1. ,Adequate is defined as 5 or more servings per day",Health Risk Factors,Adult Behavioral Risk Factors,HealthSurvey_ADULT_v1.0
0,no,HealthSurveyAdult_SVYFRUVEGAD2,Survey - Adequate Fruit and Vegetable Intake V2,"Adequate fruit and vegetable intake Version 2. ,Adequate is defined as 5 or more servings per day",Health Risk Factors,Adult Behavioral Risk Factors,HealthSurvey_ADULT_v1.0
0,no,HealthSurveyAdult_SVYFVGDYWK1,Survey - Fruit and Vegetable Consumption Days V1,Days per week with fruit and vegetable consumption Version 1.,Health Risk Factors,Adult Behavioral Risk Factors,HealthSurvey_ADULT_v1.0
0,no,HealthSurveyAdult_SVYFVGDYWK2,Survey - Fruit and Vegetable Consumption Days V2,Days per week with fruit and vegetable consumption Version 2.,Health Risk Factors,Adult Behavioral Risk Factors,HealthSurvey_ADULT_v1.0
0,no,HealthSurveyAdult_SVYFVGDYWK3,Survey - Fruit and Vegetable Consumption Days V3,Days per week with fruit and vegetable consumption Version 3.,Health Risk Factors,Adult Behavioral Risk Factors,HealthSurvey_ADULT_v1.0
0,no,HealthSurveyAdult_SVYFVGSVDY1,Survey - Fruit and Vegetable Servings Per Day V1,Average number of servings of fruits and vegetables per day Version 1.,Health Risk Factors,Adult Behavioral Risk Factors,HealthSurvey_ADULT_v1.0
0,no,HealthSurveyAdult_SVYFVGSVDY2,Survey - Fruit and Vegetable Servings Per Day V2,Average number of servings of fruits and vegetables per day Version 2.,Health Risk Factors,Adult Behavioral Risk Factors,HealthSurvey_ADULT_v1.0
0,no,HealthSurveyAdult_SVYHHEDU,Survey - Household Head Education Level,Highest Education level completed by head of household.,"Social, Economic, and Services Environment",Education,HealthSurvey_ADULT_v1.0
0,no,HealthSurveyAdult_SVYHHMALE,Survey - Household Head Sex,Sex of head of household.,Demographics,Population,HealthSurvey_ADULT_v1.0
0,no,HealthSurveyAdult_SVYHITHO,Survey - Hit with Hard Object (12 months),Someone hit you with a hard object in past 12 months.,Health Risk Factors,Adult General and Mental Health,HealthSurvey_ADULT_v1.0
0,no,HealthSurveyAdult_SVYHLTHFP,Survey - Self-rated Health (Fair/Poor),Self-rated Health as Fair/Poor.,Health Risk Factors,Adult General and Mental Health,HealthSurvey_ADULT_v1.0
0,no,HealthSurveyAdult_SVYHLTHSTAT1,Survey - Self-rated Health Status V1,Self-rated Health status V1.,Health Risk Factors,Adult General and Mental Health,HealthSurvey_ADULT_v1.0
0,no,HealthSurveyAdult_SVYHLTHSTAT2,Survey - Self-rated Health Status V2,Self-rated Health status V2.,Health Risk Factors,Adult General and Mental Health,HealthSurvey_ADULT_v1.0
0,no,HealthSurveyAdult_SVYHLTHSTAT3,Survey - Self-rated Health Satisfaction,Self-rated Health status V3.,Health Risk Factors,Adult General and Mental Health,HealthSurvey_ADULT_v1.0
0,no,HealthSurveyAdult_SVYHTCM,Survey - Height (Measured),Measured height (cm).,Health Risk Factors,Adult Biomedical Risk Factors,HealthSurvey_ADULT_v1.0
0,no,HealthSurveyAdult_SVYHTCMSELF,Survey - Height (Self-reported),Self-report height (cm).,Health Risk Factors,Adult Biomedical Risk Factors,HealthSurvey_ADULT_v1.0
0,no,HealthSurveyAdult_SVYHTCTRL,Survey - Hypertension Control (Medicated),"Hypertesion control if taking hypertension medication (controlled is SBP<140 AND DBP<90). ,Only amongst those taking hypertension medication (SVYHTMED=1)",Health Risk Factors,Adult Biomedical Risk Factors,HealthSurvey_ADULT_v1.0
0,no,HealthSurveyAdult_SVYHTDX1,Survey - Hypertension Diagnosis V1,Hypertension diagnosis V1 (gestational coded as 'no').,Health Risk Factors,Adult Biomedical Risk Factors,HealthSurvey_ADULT_v1.0
0,no,HealthSurveyAdult_SVYHTDX2,Survey - Hypertension Diagnosis V2,Hypertension diagnosis V2 (gestational coded as 'yes').,Health Risk Factors,Adult Biomedical Risk Factors,HealthSurvey_ADULT_v1.0
0,no,HealthSurveyAdult_SVYHTMBP,Survey - Hypertension Status (Meds or BP),Hypertension status defined by having hypertesion medication OR SBP>=140 OR DBP>=90 - hypertension definition V4.,Health Risk Factors,Adult Biomedical Risk Factors,HealthSurvey_ADULT_v1.0
0,no,HealthSurveyAdult_SVYHTMED,Survey - Hypertension Medication Use,Current Pharmacological Treatment for hypertension - hypertension definiton V3.,Health Risk Factors,Adult Biomedical Risk Factors,HealthSurvey_ADULT_v1.0
0,no,HealthSurveyAdult_SVYINDIGCL,Survey - Indigenous (Chile Specific),Indigenous specific to Chile.,Demographics,Population,HealthSurvey_ADULT_v1.0
0,no,HealthSurveyAdult_SVYINDIGENOUS,Survey - Indigenous Identification,Indigenous identification.,Demographics,Population,HealthSurvey_ADULT_v1.0
0,no,HealthSurveyAdult_SVYMALE,Survey - Sex of Respondent,Sex of respondent.,Demographics,Population,HealthSurvey_ADULT_v1.0
0,no,HealthSurveyAdult_SVYMAM2YRS,Survey - Mammography Test (Last 2 Years),"Received a mammography test within last 2 years. ,Only amongst females","Social, Economic, and Services Environment",Health Care Access,HealthSurvey_ADULT_v1.0
0,no,HealthSurveyAdult_SVYMAMEVER,Survey - Ever Had Mammography Test,"Ever received a mammography test. ,Only amongst females","Social, Economic, and Services Environment",Health Care Access,HealthSurvey_ADULT_v1.0
0,no,HealthSurveyAdult_SVYMARSTAT,Survey - Marital Status,Marital Status.,Demographics,Population,HealthSurvey_ADULT_v1.0
0,no,HealthSurveyAdult_SVYNPER25BR,Survey - Persons Per Bedroom,Overcrowding: Number of persons per bedroom.,"Social, Economic, and Services Environment",Housing and Infrastructure,HealthSurvey_ADULT_v1.0
0,no,HealthSurveyAdult_SVYNPER3RM,Survey - Persons Per Room,Overcrowding: Number of persons per room.,"Social, Economic, and Services Environment",Housing and Infrastructure,HealthSurvey_ADULT_v1.0
0,no,HealthSurveyAdult_SVYOWNCAR,Survey - Car Ownership,Car ownership.,"Social, Economic, and Services Environment",Housing and Infrastructure,HealthSurvey_ADULT_v1.0
0,no,HealthSurveyAdult_SVYPAGLOB,Survey - Global Physical Activity (Truncated),"Global physical activity including moderate, vigorous, and walking for leisure or transportation with truncation.",Health Risk Factors,Adult Behavioral Risk Factors,HealthSurvey_ADULT_v1.0
0,no,HealthSurveyAdult_SVYPAGLOBCAT,Survey - Global Physical Activity: Meeting Recommendations,"Global physical activity: meeting recommendations. ,Recommendations are >=150 minutes per week",Health Risk Factors,Adult Behavioral Risk Factors,HealthSurvey_ADULT_v1.0
0,no,HealthSurveyAdult_SVYPAGLOBNT,Survey - Global Physical Activity (Untruncated),"Global physical activity including moderate, vigorous, and walking for leisure or transportation without truncation.",Health Risk Factors,Adult Behavioral Risk Factors,HealthSurvey_ADULT_v1.0
0,no,HealthSurveyAdult_SVYPALEIS,Survey - Leisure Physical Activity (Truncated),Leisure physical activity with truncation.,Health Risk Factors,Adult Behavioral Risk Factors,HealthSurvey_ADULT_v1.0
0,no,HealthSurveyAdult_SVYPALEISCAT,Survey - Leisure Physical Activity: Meeting Recommendations,"Leisure physical activity: meeting recommendations. ,Recommendations are >=150 minutes per week",Health Risk Factors,Adult Behavioral Risk Factors,HealthSurvey_ADULT_v1.0
0,no,HealthSurveyAdult_SVYPALEISNT,Survey - Leisure Physical Activity (Untruncated),Leisure physical activity without truncation.,Health Risk Factors,Adult Behavioral Risk Factors,HealthSurvey_ADULT_v1.0
0,no,HealthSurveyAdult_SVYPAMLEI,Survey - Moderate Leisure Physical Activity (Truncated),Leisure Moderate physical activity with truncation.,Health Risk Factors,Adult Behavioral Risk Factors,HealthSurvey_ADULT_v1.0
0,no,HealthSurveyAdult_SVYPAMLEINT,Survey - Moderate Leisure Physical Activity (Untruncated),Leisure Moderate physical activity without truncation.,Health Risk Factors,Adult Behavioral Risk Factors,HealthSurvey_ADULT_v1.0
0,no,HealthSurveyAdult_SVYPAMOD,Survey - Moderate Physical Activity (Truncated),Moderate physical activity with truncation.,Health Risk Factors,Adult Behavioral Risk Factors,HealthSurvey_ADULT_v1.0
0,no,HealthSurveyAdult_SVYPAMODNT,Survey - Moderate Physical Activity (Untruncated),Moderate physical activity without truncation.,Health Risk Factors,Adult Behavioral Risk Factors,HealthSurvey_ADULT_v1.0
0,no,HealthSurveyAdult_SVYPAP3YRS,Survey - Pap Test (Last 3 Years),"Received a pap test within last 3 years. ,Only amongst females","Social, Economic, and Services Environment",Health Care Access,HealthSurvey_ADULT_v1.0
0,no,HealthSurveyAdult_SVYPAPEVER,Survey - Ever Had Pap Test,"Ever received a pap test. ,Only amongst females","Social, Economic, and Services Environment",Health Care Access,HealthSurvey_ADULT_v1.0
0,no,HealthSurveyAdult_SVYPATRAN,Survey - Transportation Physical Activity (Truncated),Transportation physical activity with truncation.,Health Risk Factors,Adult Behavioral Risk Factors,HealthSurvey_ADULT_v1.0
0,no,HealthSurveyAdult_SVYPATRANCAT,Survey - Transportation Physical Activity: Meeting Recommendations,"Transportation physical activity: meeting recommendations. ,Recommendations are >=150 minutes per week",Health Risk Factors,Adult Behavioral Risk Factors,HealthSurvey_ADULT_v1.0
0,no,HealthSurveyAdult_SVYPATRANNT,Survey - Transportation Physical Activity (Untruncated),Transportation physical activity without truncation.,Health Risk Factors,Adult Behavioral Risk Factors,HealthSurvey_ADULT_v1.0
0,no,HealthSurveyAdult_SVYPAVIG,Survey - Vigorous Physical Activity (Truncated),Vigorous physical activity with truncation.,Health Risk Factors,Adult Behavioral Risk Factors,HealthSurvey_ADULT_v1.0
0,no,HealthSurveyAdult_SVYPAVIGNT,Survey - Vigorous Physical Activity (Untruncated),Vigorous physical activity without truncation.,Health Risk Factors,Adult Behavioral Risk Factors,HealthSurvey_ADULT_v1.0
0,no,HealthSurveyAdult_SVYPAVLEI,Survey - Vigorous Leisure Physical Activity (Truncated),Leisure Vigorous physical activity with truncation.,Health Risk Factors,Adult Behavioral Risk Factors,HealthSurvey_ADULT_v1.0
0,no,HealthSurveyAdult_SVYPAVLEINT,Survey - Vigorous Leisure Physical Activity (Untruncated),Leisure Vigorous physical activity without truncation.,Health Risk Factors,Adult Behavioral Risk Factors,HealthSurvey_ADULT_v1.0
0,no,HealthSurveyAdult_SVYPAWALK,Survey - Walking Physical Activity (Truncated),Global walking for leisure and/or transportation with truncation.,Health Risk Factors,Adult Behavioral Risk Factors,HealthSurvey_ADULT_v1.0
0,no,HealthSurveyAdult_SVYPAWALKCAT,Survey - Walking Physical Activity: Meeting Recommendations,"Global walking: meeting recommendations. ,Recommendations are >=150 minutes per week",Health Risk Factors,Adult Behavioral Risk Factors,HealthSurvey_ADULT_v1.0
0,no,HealthSurveyAdult_SVYPAWALKNT,Survey - Walking Physical Activity (Untruncated),Global walking for leisure and/or transportation without truncation.,Health Risk Factors,Adult Behavioral Risk Factors,HealthSurvey_ADULT_v1.0
0,no,HealthSurveyAdult_SVYPAWLEI,Survey - Leisure Walking (Truncated),Leisure walking for leisure and/or transportation with truncation.,Health Risk Factors,Adult Behavioral Risk Factors,HealthSurvey_ADULT_v1.0
0,no,HealthSurveyAdult_SVYPAWLEINT,Survey - Leisure Walking (Untruncated),Leisure walking for leisure and/or transportation without truncation.,Health Risk Factors,Adult Behavioral Risk Factors,HealthSurvey_ADULT_v1.0
0,no,HealthSurveyAdult_SVYPAWTRN,Survey - Transportation Walking (Truncated),Transport walking for leisure and/or transportation with truncation.,Health Risk Factors,Adult Behavioral Risk Factors,HealthSurvey_ADULT_v1.0
0,no,HealthSurveyAdult_SVYPAWTRNNT,Survey - Transportation Walking (Untruncated),Transport walking for leisure and/or transportation without truncation.,Health Risk Factors,Adult Behavioral Risk Factors,HealthSurvey_ADULT_v1.0
0,no,HealthSurveyAdult_SVYPHQ9,Survey - PHQ-9 Depression Score,PHQ-9 score.,Health Risk Factors,Adult General and Mental Health,HealthSurvey_ADULT_v1.0
0,no,HealthSurveyAdult_SVYPHQ9A,Survey - PHQ-9: Little Interest,Little interest or pleasure in doing things.,Health Risk Factors,Adult General and Mental Health,HealthSurvey_ADULT_v1.0
0,no,HealthSurveyAdult_SVYPHQ9B,Survey - PHQ-9: Feeling Down,"Feeling down, depressed, or hopeless.",Health Risk Factors,Adult General and Mental Health,HealthSurvey_ADULT_v1.0
0,no,HealthSurveyAdult_SVYPHQ9C,Survey - PHQ-9: Sleep Issues,"Trouble falling or staying asleep, or sleeping too much.",Health Risk Factors,Adult General and Mental Health,HealthSurvey_ADULT_v1.0
0,no,HealthSurveyAdult_SVYPHQ9D,Survey - PHQ-9: Fatigue,Feeling tired or having little energy.,Health Risk Factors,Adult General and Mental Health,HealthSurvey_ADULT_v1.0
0,no,HealthSurveyAdult_SVYPHQ9DEP,Survey - PHQ-9 Depression Severity,PHQ-9 Depression severity.,Health Risk Factors,Adult General and Mental Health,HealthSurvey_ADULT_v1.0
0,no,HealthSurveyAdult_SVYPHQ9E,Survey - PHQ-9: Appetite Changes,Poor appetite or overeating.,Health Risk Factors,Adult General and Mental Health,HealthSurvey_ADULT_v1.0
0,no,HealthSurveyAdult_SVYPHQ9F,Survey - PHQ-9: Feeling Bad About Self,Feeling bad about yourself or that you are a failure or have let your-self or your family down.,Health Risk Factors,Adult General and Mental Health,HealthSurvey_ADULT_v1.0
0,no,HealthSurveyAdult_SVYPHQ9G,Survey - PHQ-9: Concentration Trouble,"Trouble concentrating on things, such as reading the newspaper or watching television.",Health Risk Factors,Adult General and Mental Health,HealthSurvey_ADULT_v1.0
0,no,HealthSurveyAdult_SVYPHQ9H,Survey - PHQ-9: Slow/Restless Movement,Moving or speaking so slowly that other people could have noticed. Or the opposite – being so figety or restless that you have been moving around a lot more than usual.,Health Risk Factors,Adult General and Mental Health,HealthSurvey_ADULT_v1.0
0,no,HealthSurveyAdult_SVYPHQ9I,Survey - PHQ-9: Self-Harm Thoughts,"Thoughts that you would be better off dead, or of hurting yourself.",Health Risk Factors,Adult General and Mental Health,HealthSurvey_ADULT_v1.0
0,no,HealthSurveyAdult_SVYPHQ9SEV,Survey - PHQ-9 Depression Severity Categories,PHQ-9 Depression severity.,Health Risk Factors,Adult General and Mental Health,HealthSurvey_ADULT_v1.0
0,no,HealthSurveyAdult_SVYPUSHED,Survey - Pushed or Shaken (12 months),Someone pushed or shaken you in past 12 months.,Health Risk Factors,Adult General and Mental Health,HealthSurvey_ADULT_v1.0
0,no,HealthSurveyAdult_SVYRACE,Survey - Race (Harmonized),Race harmonized across countries.,Demographics,Population,HealthSurvey_ADULT_v1.0
0,no,HealthSurveyAdult_SVYRACEBR,Survey - Race (Brazil Specific),Race specific to Brasil.,Demographics,Population,HealthSurvey_ADULT_v1.0
0,no,HealthSurveyAdult_SVYRACECO,Survey - Race (Colombia ENSIN Specific),Race specific to Colombia ENSIN survey.,Demographics,Population,HealthSurvey_ADULT_v1.0
0,no,HealthSurveyAdult_SVYRACENI,Survey - Race (Nicaragua Specific),Race specific to Nicaragua.,Demographics,Population,HealthSurvey_ADULT_v1.0
0,no,HealthSurveyAdult_SVYRACEPE,Survey - Race (Peru Specific),Race specific to Peru.,Demographics,Population,HealthSurvey_ADULT_v1.0
0,no,HealthSurveyAdult_SVYRAPE,Survey - Sexual Assault (12 months),Someone raped or sexually assaulted you in past 12 months.,Health Risk Factors,Adult General and Mental Health,HealthSurvey_ADULT_v1.0
0,no,HealthSurveyAdult_SVYSBP,Survey - Systolic Blood Pressure,Systolic blood pressure.,Health Risk Factors,Adult Biomedical Risk Factors,HealthSurvey_ADULT_v1.0
0,no,HealthSurveyAdult_SVYSBPN,Survey - Systolic BP Measures Count,Number of systolic blood presure measures averaged for SBP.,Health Risk Factors,Adult Biomedical Risk Factors,HealthSurvey_ADULT_v1.0
0,no,HealthSurveyAdult_SVYSEWANY,Survey - Any Sewage System,Sewage system of any type.,"Social, Economic, and Services Environment",Housing and Infrastructure,HealthSurvey_ADULT_v1.0
0,no,HealthSurveyAdult_SVYSEWNET,Survey - Sewage Network Connection,Sewage network connection.,"Social, Economic, and Services Environment",Housing and Infrastructure,HealthSurvey_ADULT_v1.0
0,no,HealthSurveyAdult_SVYSMKCUR,Survey - Current Smoking Status,"Current smoking. ,Includes combined SVYCIGCUR1, SVYCIGCUR2, SVYTOBCUR1, SVYTOBCUR2",Health Risk Factors,Adult Behavioral Risk Factors,HealthSurvey_ADULT_v1.0
0,no,HealthSurveyAdult_SVYSMKHX,Survey - Lifetime Smoking History,"Lifetime smoking. ,Includes combined SVYCIGHX1, SVYCIGHX2, SVYTOBHX1, SVYTOBHX2",Health Risk Factors,Adult Behavioral Risk Factors,HealthSurvey_ADULT_v1.0
0,no,HealthSurveyAdult_SVYSRDEP1,Survey - Self-reported Depression V1,Self-reported Depressive Feelings Version 1.,Health Risk Factors,Adult General and Mental Health,HealthSurvey_ADULT_v1.0
0,no,HealthSurveyAdult_SVYSRDEP2,Survey - Self-reported Depression V2,Self-reported Depressive Feelings Version 2.,Health Risk Factors,Adult General and Mental Health,HealthSurvey_ADULT_v1.0
0,no,HealthSurveyAdult_SVYSSBDYWK1,Survey - SSB Consumption Days V1,Days per week with SSB consumption Version 1.,Health Risk Factors,Adult Behavioral Risk Factors,HealthSurvey_ADULT_v1.0
0,no,HealthSurveyAdult_SVYSSBDYWK2,Survey - SSB Consumption Days V2,Days per week with SSB consumption Version 2.,Health Risk Factors,Adult Behavioral Risk Factors,HealthSurvey_ADULT_v1.0
0,no,HealthSurveyAdult_SVYSSBDYWK3,Survey - SSB Consumption Days V3,Days per week with SSB consumption Version 3.,Health Risk Factors,Adult Behavioral Risk Factors,HealthSurvey_ADULT_v1.0
0,no,HealthSurveyAdult_SVYSSBSVDY1,Survey - SSB Servings Per Day V1,Average servings per day of SSB Version 1.,Health Risk Factors,Adult Behavioral Risk Factors,HealthSurvey_ADULT_v1.0
0,no,HealthSurveyAdult_SVYSSBSVDY1A,Survey - SSB Servings Per Day V1 (No Outliers),Average servings per day of SSB Version 1  WITHOUT OUTLIERS REMOVED.,Health Risk Factors,Adult Behavioral Risk Factors,HealthSurvey_ADULT_v1.0
0,no,HealthSurveyAdult_SVYSSBSVDY2,Survey - SSB Servings Per Day V2,Average servings per day of SSB Version 2.,Health Risk Factors,Adult Behavioral Risk Factors,HealthSurvey_ADULT_v1.0
0,no,HealthSurveyAdult_SVYSSBTYPE,Survey - SSB Type Usually Consumed,"SSB usually consumed is diet (or similar – light/zero), regular, both, or none.",Health Risk Factors,Adult Behavioral Risk Factors,HealthSurvey_ADULT_v1.0
0,no,HealthSurveyAdult_SVYSTRANGLE,Survey - Strangled or Burned (12 months),Someone tried to strangle or burn you in past 12 months.,Health Risk Factors,Adult General and Mental Health,HealthSurvey_ADULT_v1.0
0,no,HealthSurveyAdult_SVYSWEETAD1,Survey - Sweet Food Intake Category V1,"Categorized sweet food intake Version 1. ,High intake is defined as 1 or more days per week",Health Risk Factors,Adult Behavioral Risk Factors,HealthSurvey_ADULT_v1.0
0,no,HealthSurveyAdult_SVYSWEETAD2,Survey - Sweet Food Intake Category V2,"Categorized sweet food intake Version 2. ,High intake is defined as 1 or more days per week",Health Risk Factors,Adult Behavioral Risk Factors,HealthSurvey_ADULT_v1.0
0,no,HealthSurveyAdult_SVYSWTDYWK1,Survey - Sweet Food Consumption Days V1,Days per week of sweet food consumption Version 1.,Health Risk Factors,Adult Behavioral Risk Factors,HealthSurvey_ADULT_v1.0
0,no,HealthSurveyAdult_SVYSWTDYWK2,Survey - Sweet Food Consumption Days V2,Days per week of sweet food consumption Version 2.,Health Risk Factors,Adult Behavioral Risk Factors,HealthSurvey_ADULT_v1.0
0,no,HealthSurveyAdult_SVYSWTDYWK3,Survey - Sweet Food Consumption Days V3,Days per week of sweet food consumption Version 3.,Health Risk Factors,Adult Behavioral Risk Factors,HealthSurvey_ADULT_v1.0
0,no,HealthSurveyAdult_SVYTHREATWEAPON,Survey - Weapon Threat (12 months),Someone threatened you with a weapon in past 12 months.,Health Risk Factors,Adult General and Mental Health,HealthSurvey_ADULT_v1.0
0,no,HealthSurveyAdult_SVYTOBCUR1,Survey - Current Tobacco Use (100+),"Current smoked tobacco use (100+ any smoked tobacco). ,Includes any tobacco",Health Risk Factors,Adult Behavioral Risk Factors,HealthSurvey_ADULT_v1.0
0,no,HealthSurveyAdult_SVYTOBCUR2,Survey - Current Tobacco Use (Any),"Current smoked tobacco use (any amount). ,Includes any tobacco",Health Risk Factors,Adult Behavioral Risk Factors,HealthSurvey_ADULT_v1.0
0,no,HealthSurveyAdult_SVYTOBHX1,Survey - Lifetime Tobacco Use (100+),"Lifetime smoked tobacco use (100+ any smoked tobacco). ,Includes any tobacco",Health Risk Factors,Adult Behavioral Risk Factors,HealthSurvey_ADULT_v1.0
0,no,HealthSurveyAdult_SVYTOBHX2,Survey - Lifetime Tobacco Use (Any),"Lifetime smoked tobacco use (any amount). ,Includes any tobacco",Health Risk Factors,Adult Behavioral Risk Factors,HealthSurvey_ADULT_v1.0
0,no,HealthSurveyAdult_SVYVEGDYWK1,Survey - Vegetable Consumption Days V1,Days per week with vegetable consumption Version 1.,Health Risk Factors,Adult Behavioral Risk Factors,HealthSurvey_ADULT_v1.0
0,no,HealthSurveyAdult_SVYVEGDYWK2,Survey - Vegetable Consumption Days V2,Days per week with vegetable consumption Version 2.,Health Risk Factors,Adult Behavioral Risk Factors,HealthSurvey_ADULT_v1.0
0,no,HealthSurveyAdult_SVYVEGDYWK3,Survey - Vegetable Consumption Days V3,Days per week with vegetable consumption Version 3.,Health Risk Factors,Adult Behavioral Risk Factors,HealthSurvey_ADULT_v1.0
0,no,HealthSurveyAdult_SVYVEGSVDY1,Survey - Vegetable Servings Per Day V1,Average number of servings of vegetables per day Version 1.,Health Risk Factors,Adult Behavioral Risk Factors,HealthSurvey_ADULT_v1.0
0,no,HealthSurveyAdult_SVYVEGSVDY1A,Survey - Vegetable Servings Per Day V1 (No Outliers),Average number of servings of vegetables per day Version 1 WITHOUT OUTLIERS REMOVED.,Health Risk Factors,Adult Behavioral Risk Factors,HealthSurvey_ADULT_v1.0
0,no,HealthSurveyAdult_SVYVEGSVDY2,Survey - Vegetable Servings Per Day V2,Average number of servings of vegetables per day Version 2.,Health Risk Factors,Adult Behavioral Risk Factors,HealthSurvey_ADULT_v1.0
0,no,HealthSurveyAdult_SVYVHOWKNOWN,Survey - Violence Method (Known Person),How threatened/injured for most serious violence suffered from a known person in past 12 months.,Health Risk Factors,Adult General and Mental Health,HealthSurvey_ADULT_v1.0
0,no,HealthSurveyAdult_SVYVHOWUNK,Survey - Violence Method (Unknown Person),How threatened/injured for most serious violence suffered from an unknown person in past 12 months.,Health Risk Factors,Adult General and Mental Health,HealthSurvey_ADULT_v1.0
0,no,HealthSurveyAdult_SVYVIOLENCE,Survey - Victim of Violence (12 months),Victim of violence in past 12 months.,Health Risk Factors,Adult General and Mental Health,HealthSurvey_ADULT_v1.0
0,no,HealthSurveyAdult_SVYVIOLKNOWN,Survey - Violence from Known Person (12 months),Experience any violence or aggression from a known person in past 12 months.,Health Risk Factors,Adult General and Mental Health,HealthSurvey_ADULT_v1.0
0,no,HealthSurveyAdult_SVYVIOLN,Survey - Violence Victimization Frequency,Number of time vicitim of violence in past 12 months.,Health Risk Factors,Adult General and Mental Health,HealthSurvey_ADULT_v1.0
0,no,HealthSurveyAdult_SVYVIOLUNK,Survey - Violence from Unknown Person (12 months),Experience any violence or aggression from an unknown person in past 12 months.,Health Risk Factors,Adult General and Mental Health,HealthSurvey_ADULT_v1.0
0,no,HealthSurveyAdult_SVYVOFTENKNOWN,Survey - Violence Frequency (Known Person),How often experienced violence from a known person in past 12 months.,Health Risk Factors,Adult General and Mental Health,HealthSurvey_ADULT_v1.0
0,no,HealthSurveyAdult_SVYWALLDUR1,Survey - Durable Walls (IPUMS),Durable walls defined by IPUMS.,Health Risk Factors,Adult General and Mental Health,HealthSurvey_ADULT_v1.0
0,no,HealthSurveyAdult_SVYWALLDUR2,Survey - Masonry Walls,Masonry walls.,Health Risk Factors,Adult General and Mental Health,HealthSurvey_ADULT_v1.0
0,no,HealthSurveyAdult_SVYWALLDUR3,Survey - Durable Walls (Country-defined),Durable walls defined by country.,Health Risk Factors,Adult General and Mental Health,HealthSurvey_ADULT_v1.0
0,no,HealthSurveyAdult_SVYWATIN,Survey - Piped Water Inside Dwelling,Piped water inside the dwelling.,Health Risk Factors,Adult General and Mental Health,HealthSurvey_ADULT_v1.0
0,no,HealthSurveyAdult_SVYWATNET,Survey - Piped Water from Public Network,Piped water from public network.,Health Risk Factors,Adult General and Mental Health,HealthSurvey_ADULT_v1.0
0,no,HealthSurveyAdult_SVYWATPIPE,Survey - Piped Water in Household,Piped water in the household.,Health Risk Factors,Adult General and Mental Health,HealthSurvey_ADULT_v1.0
0,no,HealthSurveyAdult_SVYWTKG,Survey - Weight (Measured),Measured weight (kg).,Health Risk Factors,Adult General and Mental Health,HealthSurvey_ADULT_v1.0
0,no,HealthSurveyAdult_SVYWTKGSELF,Survey - Weight (Self-reported),Self-report weight (kg).,Health Risk Factors,Adult General and Mental Health,HealthSurvey_ADULT_v1.0
0,no,HealthSurveyAdult_SVY_FILE_YEAR,Survey Year,"Calendar year for survey administration. ,Assigned by year associated with survey files",Demographics,Population,HealthSurvey_ADULT_v1.0
0,no,HealthSurveyAdult_SVY_VISIT_MONTH,Survey Visit Month,"Month of survey visit. ,Based on actual date of visit",Demographics,Population,HealthSurvey_ADULT_v1.0
0,no,HealthSurveyAdult_SVY_VISIT_YEAR,Survey Visit Year,"Year of survey visit. ,Based on actual date of visit",Demographics,Population,HealthSurvey_ADULT_v1.0
1,yes,LEALE,Life Expectancy,"Estimated life expectancy at given age, sex at a given geographic area.",Mortality,Life Expectancy,LEMEDIAN_L1_v1.0
1,yes,LEALESAMPLE,Sex-specific life expectancy,Estimated sex-specific life expectancy at the age specified by LEAGE,Mortality,Life Expectancy,LE_L1_v1.0
1,yes,AADR,Age-adjusted mortality rate,"Age-adjusted mortality rate expressed as per 1,000 population",Mortality,Mortality Rates,MR_allcause_v2.0
1,yes,CDR,Crude mortality rate,"Crude mortality rate expressed as per 1,000 population",Mortality,Mortality Rates,MR_allcause_v2.0
1,yes,PRJPD,Percent population change from 5 years prior to target year,Percent population change from 5 years prior to target year. The percent population change was calculated using the formula: [(PRJ<level>TPY1 - PRJ<level>TPY2) / PRJ<level>TPY2] *100,Demographics,Population,PRJG_v2.0
0,yes,PRJTPY1,Total population at target year,Total population at target year. The total population was calculated by summing the population estimates across all age and sex categories in the population projections datasets for the specified year. This was used as an intermediate variable in the calculation of the percent population change from 5 years prior to target year (PRJPD).,Demographics,Population,PRJG_v2.0
0,yes,PRJTPY2,Total population 5 years prior to target year,Total population 5 years prior to target year. The total population was calculated by summing the population estimates across all age and sex categories in the population projections datasets for the specified year. This was used as an intermediate variable in the calculation of the percent population change from 5 years prior to target year (PRJPD).,Demographics,Population,PRJG_v2.0
0,yes,PRJSPOP,Number of people,Number of people,Demographics,Population,PRJS_v2.0
1,yes,PRJTPOP,Number of people,Number of people at given sex,Demographics,Population,PRJT_v2.0
1,yes,PRJPOP,Number of people,Number of people,Demographics,Population,PRJ_v2.0
0,yes,SECGDPGADML,Administrative level of GDP per capita ,"Administrative level of the GDP estimate assigned to each SALID1. For L1ADs which incorporate multiple subnational administrative units, levels of all administrative units included in the GDP estimate are concatenated. For example, an L1AD which overlapped both a department and a federal district would have a value of “Department / Federal District.”","Social, Economic, and Services Environment",Economy,SECGDPGPC_v1.0
1,yes,SECGDPGPPC,GDP per capita,"Gross Domestic Product (GDP) per capita (purchasing power parity in constant 2011 international US Dollars). Subnational GDP estimates are based on an extensive econometric analysis by Genaioli and colleagues in 2013. GDP per capita (purchasing power parity in constant 2011 international USD) was estimated globally using complete data available at the smallest administrative unit possible. Within Latin American countries, this subnational level was generally the first-level administrative unit (departments/states/etc.) in addition to federal districts in Argentina, Brazil, Mexico, and Nicaragua. The exception is Costa Rica, which has one national GDP estimate and no estimates at the subnational level.","Social, Economic, and Services Environment",Economy,SECGDPGPC_v1.0
1,yes,CNSCROWD25BR,"Overcrowding, bedrooms",Percentage of households with more than 2.5 people per bedroom. ,"Social, Economic, and Services Environment",Housing and Infrastructure,SEC_Census_v1.0
1,yes,CNSCROWD3RM,"Overcrowding, rooms",Percentage of households with more than 3 people per room. ,"Social, Economic, and Services Environment",Housing and Infrastructure,SEC_Census_v1.0
1,yes,CNSEMPRAT,"Unemployment, female to male ratio",Ratio of the female (15 years of age and older) unemployment rate to the male (15 years of age and older) unemployment rate.,"Social, Economic, and Services Environment",Gender Equity; Economy,SEC_Census_v1.0
1,yes,CNSFLOOR,Finished floors,"Percentage of dwellings with finished floors. Finished floors include any material that is not any type of earth (dirt, sand, or loose brick).","Social, Economic, and Services Environment",Housing and Infrastructure,SEC_Census_v1.0
1,yes,CNSHSEDRAT,"Completed secondary education, female to male ratio",Ratio of the female population aged 25 or older who completed secondary education or above to the male population aged 25 or older who completed secondary education or above.,"Social, Economic, and Services Environment",Gender Equity; Education,SEC_Census_v1.0
1,yes,CNSLABPART,Labor force participation,Percentage of the working-age population 15 years of age or older who participate in the labor force. (Employed + Unemployed)/(Total working age population). ,"Social, Economic, and Services Environment",Economy,SEC_Census_v1.0
1,yes,CNSLABPROP,Female labor force,Percentage of the female labor force (15 years of age and older) among the total labor force.,"Social, Economic, and Services Environment",Gender Equity; Economy,SEC_Census_v1.0
1,yes,CNSLABRAT,"Labor force participation, female to male ratio",Ratio of the female (15 years of age and older) labor force participation rate to the male (15 years of age and older) labor force participation rate.,"Social, Economic, and Services Environment",Gender Equity; Economy,SEC_Census_v1.0
1,yes,CNSMINHS,Completed secondary education,"Percentage of the population aged 25 or older who completed secondary education or above. In general, completed secondary is considered to be attained at 12 years of education.","Social, Economic, and Services Environment",Education,SEC_Census_v1.0
1,yes,CNSMINPR,Completed primary education,"Percentage of the population aged 25 or older who completed primary education or above. In general, completed primary is considered to be attained at 6 years of education. ","Social, Economic, and Services Environment",Education,SEC_Census_v1.0
1,yes,CNSMINUN,Completed university education,"Percentage of the population aged 25 or older who completed university education or above. In general, completed university is considered to be attained at 4 years of university education or above. ","Social, Economic, and Services Environment",Education,SEC_Census_v1.0
0,yes,CNSPOP,Census population,Population count.,"Social, Economic, and Services Environment",Population,SEC_Census_v1.0
1,yes,CNSSEWANY,Any sewage connection,"Percentage of households connected to a sewage system of any type. A sewage connection includes a connection to a sewage system or a septic tank. The absence of a sewage connection includes non-sanitary pit latrines, disposal in natural bodies of water, or others.","Social, Economic, and Services Environment",Housing and Infrastructure,SEC_Census_v1.0
1,yes,CNSSEWNET,Sewage network connection,Percentage of households connected to a sewage network.,"Social, Economic, and Services Environment",Housing and Infrastructure,SEC_Census_v1.0
1,yes,CNSST,School attendance,Percentage of the population aged 15 to 17 years attending school.,"Social, Economic, and Services Environment",Education,SEC_Census_v1.0
1,yes,CNSSTRAT,"School attendance, female to male ratio",Ratio of the proportion of the female population aged 15 to 17 attending school to the proportion of the male population aged 15 to 17 attending school.,"Social, Economic, and Services Environment",Gender Equity; Education,SEC_Census_v1.0
1,yes,CNSUNEMP,Unemployment,"Percentage of the labor force (15 years of age and older) who are unemployed and are actively seeking employment, unemployment rate. (Unemployed)/(Employed + Unemployed)","Social, Economic, and Services Environment",Economy,SEC_Census_v1.0
1,yes,CNSWALLDUR1,"Walls, durable materials","Percentage of dwellings with exterior walls mostly composed of durable materials. Durable materials include masonry, stone, cement, adobe, metal, glass, and other fabricated materials (sometimes mixed with wood).","Social, Economic, and Services Environment",Housing and Infrastructure,SEC_Census_v1.0
1,yes,CNSWALLDUR2,"Walls, masonry type materials","Percentage of dwellings with exterior walls mostly made of brick, stone, concrete, cement and/or similar materials. Walls made of adobe materials are excluded due to variations in how adobe is defined across countries.","Social, Economic, and Services Environment",Housing and Infrastructure,SEC_Census_v1.0
1,yes,CNSWALLDUR3,"Walls, country-defined durable",Percentage of all dwellings with exterior walls made of materials that the country has defined as durable. Individual country wall durability definitions are based on descriptions used by the respective national statistics agency.  ,"Social, Economic, and Services Environment",Housing and Infrastructure,SEC_Census_v1.0
1,yes,CNSWATIN,Indoor piped water,Percentage of households with piped water access inside the dwelling.,"Social, Economic, and Services Environment",Housing and Infrastructure,SEC_Census_v1.0
1,yes,CNSWATNET,Water network,Percentage of households with water from a public or private water network.,"Social, Economic, and Services Environment",Housing and Infrastructure,SEC_Census_v1.0
1,yes,CNSWATPIPE,Piped water,"Percentage of households with piped water. Piped water includes all piped water, regardless of whether the water is within or outside the dwelling and property. The water connection may also be exclusive or shared between households. Piped water may not always be from potable sources.","Social, Economic, and Services Environment",Housing and Infrastructure,SEC_Census_v1.0
0,yes,SECGINICEPAL,Income-based Gini obtained from CEPAL,"The Gini Index is a widely used summary measure of economic inequality that describes the distribution of wealth or income in a population. The final index calculated ranges from 0 to 1 with 0 expressing perfect equality and 1 expressing perfect inequality. 
Some features of the Gini Index as a measure of inequality are: 1)Population independence: The Gini Index does not depend on the size of the population. However, age structure and population mobility may play a role (people generally have low income when they are younger vs. when they are older); 2) Scale independence: The Gini Index does not depend on the size of the economy. However, it is important to keep in mind that small populations or less diverse economies tend to have small Gini Indices; 3) Transfer principle: if income is transferred from a rich person to a poor person the resulting distribution is more equal. The Gini index was calculated based on per capita household income deciles using disaggregated data on monetary income from salaries, rents, capital, transfers, and other from country household surveys. Data were harmonized across surveys to ensure internal consistency and for comparison between countries and cities, including adjusting per capita incomes for purchasing power parity using 2005 as the reference year and the consumer price index of a given survey year. The primary estimates were completed by the Division of Social Development of CEPAL and verified by the Global Urban Observatory of the UN Habitat. ","Social, Economic, and Services Environment",Inequality,SEC_GINICEPAL_v1.0
1,yes,SECGINICONS,Income GINI index,"A summary measure of economic inequality in terms of the distribution of per capita household income in the defined geographic area. The Gini Index is a widely used summary measure of economic inequality that describes distribution of wealth or income in a population. The Gini Index is based on the Lorenz curve, which plots the cumulative percentage of households (from the poorest to the richest) on the horizontal axis against the cumulative percentage of the income or consumption variable on the vertical axis. The Gini Index is calculated as twice the area between the Lorenz curve and the diagonal line crossing the intersection between the horizontal and vertical axes. The final index calculated ranges from 0 to 1 with 0 expressing perfect equality and 1 expressing perfect inequality. Some features of the Gini Index as a measure of inequality are:  
• Population independence: The Gini Index does not depend on the size of the population. However, age structure and population mobility may play a role (people generally have low income when they are younger vs. when they are older) 
• Scale independence: The Gini Index does not depend on the size of the economy. However, it is important to keep in mind that small populations or less diverse economies tend to have small Gini Indi-ces. 
• Transfer principle: if income is transferred from a rich person to a poor person the resulting distribution is more equal. ","Social, Economic, and Services Environment",Inequality,SEC_GINI_v1.0
0,yes,SECGINIINC,Consumption GINI index,"A summary measure of economic inequality in terms of the distribution of per capita household consumption in the defined geographic area. The Gini Index is a widely used summary measure of economic inequality that describes distribution of wealth or income in a population. The Gini Index is based on the Lorenz curve, which plots the cumulative percentage of households (from the poorest to the richest) on the horizontal axis against the cumulative percentage of the income or consumption variable on the vertical axis. The Gini Index is calculated as twice the area between the Lorenz curve and the diagonal line crossing the intersection between the horizontal and vertical axes. The final index calculated ranges from 0 to 1 with 0 expressing perfect equality and 1 expressing perfect inequality. Some features of the Gini Index as a measure of inequality are:  
• Population independence: The Gini Index does not depend on the size of the population. However, age structure and population mobility may play a role (people generally have low income when they are younger vs. when they are older) 
• Scale independence: The Gini Index does not depend on the size of the economy. However, it is important to keep in mind that small populations or less diverse economies tend to have small Gini Indi-ces. 
• Transfer principle: if income is transferred from a rich person to a poor person the resulting distribution is more equal. ","Social, Economic, and Services Environment",Inequality,SEC_GINI_v1.0
1,yes,CNSSE1,Living conditions score,"Captures factors related to poverty and general living conditions. This score includes three variables: (1) the percentage of household with piped water inside the dwelling as a marker of living conditions; (2) the percentage of households with overcrowding (defined as more than 3 people per room, excluding kitchen and bathroom); and (3) the percentage of population aged 15-17 attending school. The latter variable is included because low school attendance among adolescents has been linked to poverty and early participation in the labor market, as well as exclusion from productive systems.  The score was created by summing the Z-scores for each component variable. Z-scores were created based on the distributions of all cities (L1AD) or all sub-cities (L2). For the construction of the score, we reverse coded the overcrowding indicator so higher score values signify better living conditions and lower poverty levels. ","Social, Economic, and Services Environment",Education;Housing and Infrastructure;Income/Poverty,SEC_INDEXSCORES_v1.0
1,yes,CNSSE2,Service provision score,"Refers to services that cities provide to dwellings. This score includes two variables: (1) the percentage of households with access to water source from a municipal public or private water network, and (2) the percentage of households with sewage system connected to a municipal public or private sewage network. The score was created by summing the Z-scores for each variable. Z-scores were created based on the distributions of all cities (L1AD) or all sub-cities (L2). Higher score values signify better service provision in cities. ","Social, Economic, and Services Environment",Housing and Infrastructure,SEC_INDEXSCORES_v1.0
1,yes,CNSSE3,Population educational attainment score,"Refers to educational achievement in the overall population. We used aggregated data from individual level of education to retrieve (1) the percentage of population age 25 or above that has completed high school level or above, and (2) the percentage of population age 25 or above that completed university level or above. The score was created by summing the Z-scores for each variable. Z-scores were created based on the distributions of all cities (L1AD) or all sub-cities (L2). Higher score values signify better educational achievement in the population.","Social, Economic, and Services Environment",Education,SEC_INDEXSCORES_v1.0
1,yes,CNSSEI,Social environment index ,"This index aims to summarize the domains of education, water acces, sanitation and overcrowding. For its construction, one measure from each of the four domains of education (proportion of the population aged 25 or older who completed primary education or above), water access (proportion of households with piped water access inside the dwelling), sanitation (proportion of households connected to a public sewage network), and overcrowding (proportion of households with more than 3 people per room) was selected. Each measure was transformed into a Z-score using the mean and standard deviation from the census data. Overcrowding was reverse coded such that the direction of all measures indicate a better social environment. The four measures were summed then divided by 4 assuming equal weights for all four measures.  This index was developed using data for cities (L1AD), the same method was applied to create the index at sub-city (L2) level. The higher the index the best social environment.","Social, Economic, and Services Environment",Education; Housing and Infrastructure,SEC_INDEXSCORES_v1.0
0,yes,CNSMIGRFORBORN,Foreign born,Foreign born as defined as the proportion of the current population that was born in a different country.,Demographics,Migration,SEC_MIGRATION_v1.0
0,yes,CNSMIGRINFOR,External migration (proportion of the current population that lived in a different country 5 years ago),External migration into the city (L1AD) or sub-city (L2) in last 5 years defined as the proportion of the current population that lived in a different country 5 years ago.,Demographics,Migration,SEC_MIGRATION_v1.0
0,yes,CNSMIGRININT,Internal migration (rural and urban-to-urban) in last 5 years,Internal migration (rural and urban-to-urban) into the city (L1AD) or sub-city (L2) in last 5 years defined as the proportion of the current population that lived elsewhere in the same country 5 years ago.,Demographics,Migration,SEC_MIGRATION_v1.0
0,yes,CNSMIGRININTR,Internal migration (rural-to-urban) in last 5 years ,Internal migration (rural-to-urban) into the city (L1AD) or sub-city (L2) in last 5 years defined as the proportion of the current population that lived in NON-SALURBAL (rural) areas of the same country 5 years ago.,Demographics,Migration,SEC_MIGRATION_v1.0
0,yes,CNSMIGRININTU,Internal migration (urban-to-urban) in last 5 years ,Internal migration (urban-to-urban) into the city (L1AD) or sub-city (L2) last 5 years defined as the proportion of the current population that lived in other SALURBAL areas of the same country 5 years ago.,Demographics,Migration,SEC_MIGRATION_v1.0
0,yes,CNSMIGRINTOTAL,All migration (internal and external) in last 5 years.,All migration into the city (L1AD) or sub-city (L2) (internal and external) in last 5 years defined as the proportion of the current population that lived elsewhere 5 years ago. Internal refers to  migration from elsewhere in the country. External refer to migration from outside the country.,Demographics,Migration,SEC_MIGRATION_v1.0
0,yes,CNSMIGROUTINT,Out migration within the same country (urban-to-urban and rural) in last 5 years ,"Out migration within the same country (urban-to-urban and rural) in last 5 years defined as the proportion of the current population that moved out of the city (L1AD) or sub-city (L2) to other parts of the country (whether urban or rural) in the past 5 years. Note that this is technically not a proportion, as the numerator (people moving out) are not included in the denominator (current population). ",Demographics,Migration,SEC_MIGRATION_v1.0
0,yes,CNSMIGROUTINTR,Out migration within the same country (urban-to-rural) in last 5 years ,"Out migration within the same country (urban-to-rural) in last 5 years defined as the proportion of the current population that moved out of the city (L1AD) or sub-city (L2) to non-SALURBAL areas within the country in the past 5 years. Note that this is technically not a proportion, as the numerator (people moving out) are not included in the denominator (current population).",Demographics,Migration,SEC_MIGRATION_v1.0
0,yes,CNSMIGROUTINTU,Out migration within the same country (urban-to-urban) in last 5 years,"Out migration within the same country (urban-to-urban) in last 5 years defined as the proportion of the current population that moved out of the city (L1AD) or sub-city (L2) to other SALURBAL areas within the country in the past 5 years. Note that this is technically not a proportion, as the numerator (people moving out) are not included in the denominator (current population).",Demographics,Migration,SEC_MIGRATION_v1.0
0,yes,REGIONBR,Region in Brazil,"Indicates a region in Brazil:
1 = North
2 = Northeast
3 = Southeast
4 = South
5 = Central-West","Social, Economic, and Services Environment",Segregation,SEC_SegregationIdx_v1.0
1,yes,SGDISEDPRCP,"Dissimilarity index, primary incomplete vs complete",Dissimilarity index: primary incomplete vs. primary completed,"Social, Economic, and Services Environment",Segregation,SEC_SegregationIdx_v1.0
1,yes,SGDISEDPRUN,"Dissimilarity index, primary incomplete vs university complete",Dissimilarity index: primary incomplete vs. university completed,"Social, Economic, and Services Environment",Segregation,SEC_SegregationIdx_v1.0
1,yes,SGDISETBKWM,"Dissimilarity index, black vs white-mestizo",Dissimilarity index based on race/ethnicity: black vs. white and mestizo,"Social, Economic, and Services Environment",Segregation,SEC_SegregationIdx_v1.0
1,yes,SGDISETBXWM,"Dissimilarity index, black-Raizal-Palenquer vs white-mestizo ",Dissimilarity index based on race/ethnicity: black (including Raizal and Palanquero) vs. white and mestizo,"Social, Economic, and Services Environment",Segregation,SEC_SegregationIdx_v1.0
1,yes,SGDISIC1VOT,"Dissimilarity index, ≤1 minimum wage vs others",Dissimilarity index based on household income: ≤ 1 vs. > 1 minimum wage,"Social, Economic, and Services Environment",Segregation,SEC_SegregationIdx_v1.0
1,yes,SGDISIC2VOT,"Dissimilarity index, ≤2 minimum wages vs others",Dissimilarity index based on household income: ≤ 2 vs. > 2 minimum wages,"Social, Economic, and Services Environment",Segregation,SEC_SegregationIdx_v1.0
1,yes,SGDISIC3VOT,"Dissimilarity index, ≤3 minimum wage vs others",Dissimilarity index based on household income: ≤ 3 vs. > 3 minimum wages,"Social, Economic, and Services Environment",Segregation,SEC_SegregationIdx_v1.0
1,yes,SGDISICHVOT,"Dissimilarity index, ≤half minimum wage vs others",Dissimilarity index based on household income: ≤ ½ vs. > ½ minimum wages,"Social, Economic, and Services Environment",Segregation,SEC_SegregationIdx_v1.0
1,yes,SGDISRCBKWT,"Dissimilarity index, black vs white",Dissimilarity index based on race/ethnicity: black vs. white,"Social, Economic, and Services Environment",Segregation,SEC_SegregationIdx_v1.0
1,yes,SGDISRCBWWT,"Dissimilarity index, brown vs white",Dissimilarity index based on race/ethnicity: brown vs. white,"Social, Economic, and Services Environment",Segregation,SEC_SegregationIdx_v1.0
1,yes,SGDISRCBXWT,"Dissimilarity index, black brown vs white ",Dissimilarity index based on race/ethnicity: black and brown vs. white,"Social, Economic, and Services Environment",Segregation,SEC_SegregationIdx_v1.0
1,yes,SGISOEDPRIC,"Isolation index, primary incomplete","Isolation index based on education, primary incomplete: Based on the educational attainment of people of 25 years or older (in Mexico, those of 15 years or older)","Social, Economic, and Services Environment",Segregation,SEC_SegregationIdx_v1.0
1,yes,SGISOEDUNCP,"Isolation index, university complete","Isolation index based on education, university completed. Based on the educational attainment of people of 25 years or older (in Mexico, those of 15 years or older)","Social, Economic, and Services Environment",Segregation,SEC_SegregationIdx_v1.0
1,yes,SGISOETBK,"Isolation index, black",Isolation index based on race/ethnicity: black,"Social, Economic, and Services Environment",Segregation,SEC_SegregationIdx_v1.0
1,yes,SGISOETBX,"Isolation index, black-Raizal-Palenquer","Isolation index based on race/ethnicity: black, Raizal, and Palenquero","Social, Economic, and Services Environment",Segregation,SEC_SegregationIdx_v1.0
1,yes,SGISOETWM,"Isolation index, white-mestizo",Isolation index based on race/ethnicity: white or mestizo,"Social, Economic, and Services Environment",Segregation,SEC_SegregationIdx_v1.0
1,yes,SGISOIC1,"Isolation index, income ≤1 minimum wage",Isolation index based on household income: ≤ 1 minimum wage,"Social, Economic, and Services Environment",Segregation,SEC_SegregationIdx_v1.0
1,yes,SGISOIC2,"Isolation index, income ≤2 minimum wages",Isolation index based on household income: ≤ 2 minimum wages,"Social, Economic, and Services Environment",Segregation,SEC_SegregationIdx_v1.0
1,yes,SGISOIC3,"Isolation index, income ≤3 minimum wages",Isolation index based on household income: ≤ 3 minimum wages,"Social, Economic, and Services Environment",Segregation,SEC_SegregationIdx_v1.0
1,yes,SGISOICH,"Isolation index, income ≤half minimum wages",Isolation index based on household income: ≤ 1/2 minimum wage,"Social, Economic, and Services Environment",Segregation,SEC_SegregationIdx_v1.0
1,yes,SGISORCBK,"Isolation index , black",Isolation index based on race/ethnicity: black,"Social, Economic, and Services Environment",Segregation,SEC_SegregationIdx_v1.0
1,yes,SGISORCBW,"Isolation index, brown",Isolation index based on race/ethnicity: brown,"Social, Economic, and Services Environment",Segregation,SEC_SegregationIdx_v1.0
1,yes,SGISORCBX,"Isolation index, black and brown ",Isolation index based on race/ethnicity: black and brown,"Social, Economic, and Services Environment",Segregation,SEC_SegregationIdx_v1.0
1,yes,SGISORCWT,"Isolation index, white",Isolation index based on race/ethnicity: white,"Social, Economic, and Services Environment",Segregation,SEC_SegregationIdx_v1.0
0,yes,SGNALL,Number of L3 units ,Number of all L3 units found in the census data within L1AD,"Social, Economic, and Services Environment",Segregation,SEC_SegregationIdx_v1.0
0,yes,SGNEDALL,Number of people with education information,Number of people who responded to the question on educational attainment,"Social, Economic, and Services Environment",Segregation,SEC_SegregationIdx_v1.0
0,yes,SGNEDPRCP,Number of people with primary education,Number of people who completed primary school as the highest institution,"Social, Economic, and Services Environment",Segregation,SEC_SegregationIdx_v1.0
0,yes,SGNEDPRIC,Number of people without primary education,Number of people who did not complete primary school,"Social, Economic, and Services Environment",Segregation,SEC_SegregationIdx_v1.0
0,yes,SGNEDSCCP,Number of people with secondary education,Number of people who completed secondary school as the highest institution,"Social, Economic, and Services Environment",Segregation,SEC_SegregationIdx_v1.0
0,yes,SGNEDUNCP,Number of people with undergraduate education,Number of people who completed university as the highest institution,"Social, Economic, and Services Environment",Segregation,SEC_SegregationIdx_v1.0
0,yes,SGNEMP,Unpopulated L3 units,Number of unpopulated L3 units within L1AD,"Social, Economic, and Services Environment",Segregation,SEC_SegregationIdx_v1.0
0,yes,SGNETALL,Number of people with ethnicity information,Number of people who responded to the question on ethnicity,"Social, Economic, and Services Environment",Segregation,SEC_SegregationIdx_v1.0
0,yes,SGNETBK,Number of black people,"Number of people, black","Social, Economic, and Services Environment",Segregation,SEC_SegregationIdx_v1.0
0,yes,SGNETBX,"Number of black, raizal y palenquero people","Number of people, black (including Raizal and Palanquero)","Social, Economic, and Services Environment",Segregation,SEC_SegregationIdx_v1.0
0,yes,SGNETWM,Number of white and mestizo people,"Number of people, white and mestizo","Social, Economic, and Services Environment",Segregation,SEC_SegregationIdx_v1.0
0,yes,SGNIC1,Number of households with ≤1 minimum wage,Number of private households with an income ≤ 1 minimum wage,"Social, Economic, and Services Environment",Segregation,SEC_SegregationIdx_v1.0
0,yes,SGNIC2,Number of households with ≤2 minimum wages,Number of private households with an income ≤ 2 minimum wages,"Social, Economic, and Services Environment",Segregation,SEC_SegregationIdx_v1.0
0,yes,SGNIC3,Number of households with ≤3 minimum wages,Number of private households with an income ≤ 3 minimum wages,"Social, Economic, and Services Environment",Segregation,SEC_SegregationIdx_v1.0
0,yes,SGNICALL,Number of private households ,Number of private households,"Social, Economic, and Services Environment",Segregation,SEC_SegregationIdx_v1.0
0,yes,SGNICH,Number of households with ≤half minimum wages,Number of private households with an income ≤½ minimum wages,"Social, Economic, and Services Environment",Segregation,SEC_SegregationIdx_v1.0
0,yes,SGNNAV,Number of unavailable L3 units ,Number of L3 units for which data were not available within L1AD,"Social, Economic, and Services Environment",Segregation,SEC_SegregationIdx_v1.0
0,yes,SGNRCALL,Number of people with race information,Number of people who responded to the question on race,"Social, Economic, and Services Environment",Segregation,SEC_SegregationIdx_v1.0
0,yes,SGNRCBK,Number of black people,"Number of people, black","Social, Economic, and Services Environment",Segregation,SEC_SegregationIdx_v1.0
0,yes,SGNRCBW,Number of brown people,"Number of people, brown","Social, Economic, and Services Environment",Segregation,SEC_SegregationIdx_v1.0
0,yes,SGNRCBX,Number of black and brown people,"Number of people, black and brown","Social, Economic, and Services Environment",Segregation,SEC_SegregationIdx_v1.0
0,yes,SGNRCWT,Number of white people,"Number of people, white","Social, Economic, and Services Environment",Segregation,SEC_SegregationIdx_v1.0
0,yes,SGNUSE,Number of populated L3 units,Number of populated and available L3 units within L1AD,"Social, Economic, and Services Environment",Segregation,SEC_SegregationIdx_v1.0
0,yes,SGPOP,Number of population in L1AD,Number of people in L1AD used to construct segregation indices,"Social, Economic, and Services Environment",Segregation,SEC_SegregationIdx_v1.0
0,no,SECEMPRAT,Female to Male Ratio of Unemployment,This is the ratio of female unemployment to male unemployment: SECEMPRAT = SECUNEMPPF (female unemployment rate)/SECUNEMPM (Male Unemployment rate). The ratio of the unemployment rate among females (15+ years of age) to the unemployment rate among males (15+ years of age),"Social, Economic, and Services Environment",Economy; Gender Equity,SEC_Survey_v1.0
0,no,SECLABFEM,The proportion of the total labor force who are female.,The proportion of the total labor force who are female among the population 15 years of age or above.  SECLABFEM= Females in the Labor Force/ (Males+ Females) in the labor Force,"Social, Economic, and Services Environment",Economy,SEC_Survey_v1.0
0,no,SECLABPART,The labor force participation rate among the total population 15 years or above,The labor force participation rate among the total population 15 years or above,"Social, Economic, and Services Environment",Economy,SEC_Survey_v1.0
0,no,SECLABRAT,Female to Male Ratio of Labor Force Participation,The ratio of the labor force participation rate among females (15+ years of age) to the labor force participation rate among males (15+ years of age),"Social, Economic, and Services Environment",Economy; Gender Equity,SEC_Survey_v1.0
1,no,SECPOV,Proportion of the population with household income below the national income poverty line.,"The proportion of the population in the defined geographic area living in households with household income below the national income poverty line. Each country has different methods for setting their poverty line, though most use a basic needs approach that is based on a basic food basket and essential non-food basket that is unique to each country","Social, Economic, and Services Environment",Economy,SEC_Survey_v1.0
0,no,SECUNEMP,Unemployment rate among the total population 15 years or above,"Unemployment variables reflect the proportion of the labor force (SECLABFOR) 15 years of age or more (with exceptions as noted Argentina where age is 10 and over and Brasil where age is 14 and over) who are unemployed, overall and by gender. Survey results are presented in three categories: employed, unemployed, or inactive. Employed refers to those who are working for payment, whether for money, products, merchandise, benefits, and/or other remuneration for at least 1 hour during a reference time period (usually a specific week). Unemployed refers to those who are not currently employed, but that are actively seeking employment during a certain time period (usually a month reference period) and are considered part of the labor force. Inactive refers to those who are not employed or unemployed and generally consists of retirees, students, volunteers, and those engaged in personal household labor activities.","Social, Economic, and Services Environment",Economy,SEC_Survey_v1.0
1,yes,CNSFM,Proportion of women formally married among all women ages 15 to 17,Proportion of women 15 to 17 formally married among all women ages 15 to 17,"Social, Economic, and Services Environment",Gender Equity,SEC_marriage_v1.0
1,yes,CNSFMARBF18,Proportion of women formally married among all married women,Proportion of women 15 to 17 formally married among all married women,"Social, Economic, and Services Environment",Gender Equity,SEC_marriage_v1.0
1,yes,CNSNFM,Proportion of women formally/non-formally married among all women ages 15 to 17,Proportion of women 15 to 17 formally or non-formally married among all women ages 15 to 17,"Social, Economic, and Services Environment",Gender Equity,SEC_marriage_v1.0
1,yes,CNSNFMARBF18,Proportion of women formally/ non-formally married among all married women,Proportion of women 15 to 17 formally or non-formally married among all married women,"Social, Economic, and Services Environment",Gender Equity,SEC_marriage_v1.0
1,yes,TMPPW,Population and area weighted daily mean temperature,Population and area weighted daily mean temperature calculated as the mean of all temperature values available within the day weighted by area*population for the grid cells overlapping the geographic unit.,Physical and Natural Environment,Climate,TMPDAILY_v1.0
1,yes,TMPX,Area weighted daily mean temperature mean,Area weighted daily mean temperature calculated as the mean of all temperature values available within the day weighted by area for the grid cells overlapping the geographic unit.,Physical and Natural Environment,Climate,TMPDAILY_v1.0
1,yes,TMPMAX,Maximum temperature within the calendar year ,Maximum yearly temperature in Celsius.,Physical and Natural Environment,Climate,TMP_v1.0
1,yes,TMPMEAN,Mean (average) yearly temperature,Mean (average) yearly temperature in Celsius. This is calculated as the mean of all days within the calendar year.,Physical and Natural Environment,Climate,TMP_v1.0
1,yes,TMPMEDIAN,Median yearly temperature,Median yearly temperature in Celsius. This is calculated as the median of all days within the calendar year.,Physical and Natural Environment,Climate,TMP_v1.0
1,yes,TMPMIN,Minimum temperature within the calendar year,Minimum yearly temperature in Celsius.,Physical and Natural Environment,Climate,TMP_v1.0
0,yes,TMPN,Number of days used in calculating average temperature ,Number of days used in calculating the yearly summary measures. This is either 365 or 366 (leap years).,Physical and Natural Environment,Climate,TMP_v1.0
1,yes,TMPQRANGE,Interquartile range of yearly temperature measures,Interquartile range of yearly temperature in Celsius. This is calculated as the interquartile range of all days within the calendar year.,Physical and Natural Environment,Climate,TMP_v1.0
1,yes,TMPSTD,Standard Deviation of yearly temperature measures. ,Standard deviation of year temperature measure. This is calculated as the standard deviation of all days within the calendar year.,Physical and Natural Environment,Climate,TMP_v1.0
1,yes,UCNT,Undercounting factor,Estimated sex-specific undercounting factor,Mortality,Mortality Rates,UCNT_Longit_v2.0
1,yes,BECCM,Number of passenger vehicles and motorbikes,Total number of passenger vehicles and motorbikes per geographical unit (BECPAV + BECMTRB).,Physical and Natural Environment,Transportation,VehicleRegistration_v1.0
0,yes,BECCMAMOUNT,Number of L2s with available data for passenger vehicles and motorbikes (BECCM) measure,"Number of L2s with available data in that specific city (L1) and year for passenger vehicles and motorbikes (BECCM) measures. In some cities, data is not availale for all sub-city (L2) units.",Physical and Natural Environment,Transportation,VehicleRegistration_v1.0
1,yes,BECCMCHANGE,Percent change in passenger vehicles and motorbikes (BECCM) motorization rate,Percent change in passenger vehicles and motorbikes (BECCM) motorization for 2010-2015 = (BECCMRATE2015 – BECCMRATE2010)/(BECCMRATE2010). Only included in  for year 2015.,Physical and Natural Environment,Transportation,VehicleRegistration_v1.0
0,yes,BECCMCORRAMT,Expected number of L2s for passenger vehicles and motorbikes (BECCM) measure,"Total number of subcities (L2) within city (L1). If there were no missing data, the is the number of subcities that should have data for passenger vehicles and motorbikes (BECCM) measures. Compare this variable with BECCM_AMOUNTL2 to assess whether the BECCM measures include data from all L2 units.",Physical and Natural Environment,Transportation,VehicleRegistration_v1.0
0,yes,BECCMPCTPOP,Percent of city (L1) population with available data for passenger vehicles and motorbikes (BECCM) measures,Percent of city (L1) population with available data for passenger vehicles and motorbikes (BECCM) measures as the sum of population of subcities (L2) with available data divided by total population of city (L1),Physical and Natural Environment,Transportation,VehicleRegistration_v1.0
0,yes,BECCMPOPADD,Total population for passenger vehicles and motorbikes (BECCM) measures,Population value obtained by summing the population of the subcities (L2) with available data for passenger vehicles and motorbikes (BECCM) measures,Physical and Natural Environment,Transportation,VehicleRegistration_v1.0
0,yes,BECCMPOPCORR,Expected population for passenger vehicles and motorbikes (BECCM) measures,Expected population for passenger vehicles and motorbikes (BECCM) measures as the sum of population for all subcity (L2) units within the city (L1),Physical and Natural Environment,Transportation,VehicleRegistration_v1.0
1,yes,BECCMRATE,Motorization rate for passenger vehicles and motorbikes (BECCM),Motorization rate passenger vehicles and motorbikes (BECCM) = (BECCM/BECCMPOPADD)*1000,Physical and Natural Environment,Transportation,VehicleRegistration_v1.0
1,yes,BECHEV,Number of heavy vehicles,"Number of heavy vehicles per geographical unit (L1/L2 unit.). This includes buses, minibuses and sized trucks.",Physical and Natural Environment,Transportation,VehicleRegistration_v1.0
0,yes,BECHEVAMOUNT,Number of L2s with available data for heavy vehicles (BECHEV) measure,"Number of L2s with available data in that specific city (L1) and year for heavy vehicles (BECHEV) measures. In some cities, data is not availale for all sub-city (L2) units.",Physical and Natural Environment,Transportation,VehicleRegistration_v1.0
1,yes,BECHEVCHANGE,Percent change in heavy vehicles (BECHEV) motorization rate,Percent change in heavy vehicles (BECHEV) motorization for 2010-2015 = (BECHEVRATE2015 –BECHEVRATE2010)/(BECHEVRATE2010). Only included in  for year 2015.,Physical and Natural Environment,Transportation,VehicleRegistration_v1.0
0,yes,BECHEVCORRAMT,Expected number of L2s for heavy vehicles (BECHEV) measure,"Total number of subcities (L2) within city (L1). If there were no missing data, the is the number of subcities that should have data for heavy vehicles (BECHEV) measures. Compare this variable with BECCM_AMOUNTL2 to assess whether the BECHEV measures include data from all L2 units.",Physical and Natural Environment,Transportation,VehicleRegistration_v1.0
0,yes,BECHEVPCTPOP,Percent of city (L1) population with available data for heavy vehicles (BECHEV) measures,Percent of city (L1) population with available data for heavy vehicles (BECHEV) measures as the sum of population of subcities (L2) with available data divided by total population of city (L1),Physical and Natural Environment,Transportation,VehicleRegistration_v1.0
0,yes,BECHEVPOPADD,Total population for heavy vehicles (BECHEV) measures,Population value obtained by summing the population of the subcities (L2) with available data for heavy vehicles (BECHEV) measures,Physical and Natural Environment,Transportation,VehicleRegistration_v1.0
0,yes,BECHEVPOPCORR,Expected population for heavy vehicles (BECHEV) measures,Expected population for heavy vehicles (BECHEV) measures as the sum of population for all subcity (L2) units within the city (L1),Physical and Natural Environment,Transportation,VehicleRegistration_v1.0
1,yes,BECHEVRATE,Motorization rate for heavy vehicles (BECHEV),Motorization rate heavy vehicles (BECHEV) = (BECHEV/BECHEVPOPADD)*1000,Physical and Natural Environment,Transportation,VehicleRegistration_v1.0
1,yes,BECMTRB,Number of motorbike vehicles,"Number of motorbike vehicles per geographical unit. This includes motorbikes, motorized tricycle and quadricycle and similar vehicle.",Physical and Natural Environment,Transportation,VehicleRegistration_v1.0
0,yes,BECMTRBAMOUNT,Number of L2s with available data for motorbike vehicles (BECMTRB) measure,"Number of L2s with available data in that specific city (L1) and year for motorbike vehicles (BECMTRB) measures. In some cities, data is not availale for all sub-city (L2) units.",Physical and Natural Environment,Transportation,VehicleRegistration_v1.0
1,yes,BECMTRBCHANGE,Percent change in motorbike vehicles (BECMTRB) motorization rate,Percent change in motorbike vehicles (BECMTRB) motorization for 2010-2015 = (BECMTRBRATE2015 –BECMTRBRATE2010)/(BECMTRBRATE2010). Only included in  for year 2015.,Physical and Natural Environment,Transportation,VehicleRegistration_v1.0
0,yes,BECMTRBCORRAMT,Expected number of L2s for motorbike vehicles (BECMTRB) measure,"Total number of subcities (L2) within city (L1). If there were no missing data, the is the number of subcities that should have data for motorbike vehicles (BECMTRB) measures. Compare this variable with BECCM_AMOUNTL2 to assess whether the BECMTRB measures include data from all L2 units.",Physical and Natural Environment,Transportation,VehicleRegistration_v1.0
0,yes,BECMTRBPCTPOP,Percent of city (L1) population with available data for motorbike vehicles (BECMTRB) measures,Percent of city (L1) population with available data for motorbike vehicles (BECMTRB) measures as the sum of population of subcities (L2) with available data divided by total population of city (L1),Physical and Natural Environment,Transportation,VehicleRegistration_v1.0
0,yes,BECMTRBPOPADD,Total population for motorbike vehicles (BECMTRB) measures,Population value obtained by summing the population of the subcities (L2) with available data for motorbike vehicles (BECMTRB) measures,Physical and Natural Environment,Transportation,VehicleRegistration_v1.0
0,yes,BECMTRBPOPCORR,Expected population for motorbike vehicles (BECMTRB) measures,Expected population for motorbike vehicles (BECMTRB) measures as the sum of population for all subcity (L2) units within the city (L1),Physical and Natural Environment,Transportation,VehicleRegistration_v1.0
1,yes,BECMTRBRATE,Motorization rate for motorbike vehicles (BECMTRB),Motorization rate motorbike vehicles (BECMTRB) = (BECMTRB/BECMTRBPOPADD)*1000,Physical and Natural Environment,Transportation,VehicleRegistration_v1.0
1,yes,BECOTHVR,Number of other vehicles,"Number of other vehicles per geographical unit. This includes only other motorized vehicles such as trailer, tractor, and streetcar.",Physical and Natural Environment,Transportation,VehicleRegistration_v1.0
0,yes,BECOTHVRAMOUNT,Number of L2s with available data for other vehicles (BECOTHVR) measure,"Number of L2s with available data in that specific city (L1) and year for other vehicles (BECOTHVR) measures. In some cities, data is not availale for all sub-city (L2) units.",Physical and Natural Environment,Transportation,VehicleRegistration_v1.0
1,yes,BECOTHVRCHANGE,Percent change in other vehicles (BECOTHVR) motorization rate,Percent change in other vehicles (BECOTHVR) motorization for 2010-2015 = (BECOTHVRRATE2015 –BECOTHVRRATE2010)/(BECOTHVRRATE2010). Only included in  for year 2015.,Physical and Natural Environment,Transportation,VehicleRegistration_v1.0
0,yes,BECOTHVRCORRAMT,Expected number of L2s for other vehicles (BECOTHVR) measure,"Total number of subcities (L2) within city (L1). If there were no missing data, the is the number of subcities that should have data for other vehicles (BECOTHVR) measures. Compare this variable with BECCM_AMOUNTL2 to assess whether the BECOTHVR measures include data from all L2 units.",Physical and Natural Environment,Transportation,VehicleRegistration_v1.0
0,yes,BECOTHVRPCTPOP,Percent of city (L1) population with available data for other vehicles (BECOTHVR) measures,Percent of city (L1) population with available data for other vehicles (BECOTHVR) measures as the sum of population of subcities (L2) with available data divided by total population of city (L1),Physical and Natural Environment,Transportation,VehicleRegistration_v1.0
0,yes,BECOTHVRPOPADD,Total population for other vehicles (BECOTHVR) measures,Population value obtained by summing the population of the subcities (L2) with available data for other vehicles (BECOTHVR)  measures,Physical and Natural Environment,Transportation,VehicleRegistration_v1.0
0,yes,BECOTHVRPOPCORR,Expected population for other vehicles (BECOTHVR) measures,Expected population for other vehicles (BECOTHVR) measures as the sum of population for all subcity (L2) units within the city (L1),Physical and Natural Environment,Transportation,VehicleRegistration_v1.0
1,yes,BECOTHVRRATE,Motorization rate for other vehicles (BECOTHVR),Motorization rate other vehicles (BECOTHVR) = (BECOTHVR/BECOTHVRPOPADD)*1000,Physical and Natural Environment,Transportation,VehicleRegistration_v1.0
1,yes,BECPAV,Number of passenger vehicles,"Number of passenger vehicles per geograpical unit. This includes car, sport utilitary vehicle (SUV), pick-up truck, light trucks, vans and similar vehicles.",Physical and Natural Environment,Transportation,VehicleRegistration_v1.0
0,yes,BECPAVAMOUNT,Number of L2s with available data for passenger vehicles (BECPAV) measure,"Number of L2s with available data in that specific city (L1) and year for passenger vehicles (BECPAV) measures. In some cities, data is not availale for all sub-city (L2) units.",Physical and Natural Environment,Transportation,VehicleRegistration_v1.0
1,yes,BECPAVCHANGE,Percent change in passenger vehicles (BECPAV) motorization rate,Percent change in passenger vehicles (BECPAV) motorization for 2010-2015 = (BECPAVRATE2015 –BECPAVRATE2010)/(BECPAVRATE2010). Only included in  for year 2015.,Physical and Natural Environment,Transportation,VehicleRegistration_v1.0
0,yes,BECPAVCORRAMT,Expected number of L2s for passenger vehicles (BECPAV) measure,"Total number of subcities (L2) within city (L1). If there were no missing data, the is the number of subcities that should have data for passenger vehicles (BECPAV) measures. Compare this variable with BECCM_AMOUNTL2 to assess whether the BECPAV measures include data from all L2 units.",Physical and Natural Environment,Transportation,VehicleRegistration_v1.0
0,yes,BECPAVPCTPOP,Percent of city (L1) population with available data for passenger vehicles (BECPAV) measures,Percent of city (L1) population with available data for passenger vehicles (BECPAV) measures as the sum of population of subcities (L2) with available data divided by total population of city (L1),Physical and Natural Environment,Transportation,VehicleRegistration_v1.0
0,yes,BECPAVPOPADD,Total population for passenger vehicles (BECPAV) measures,Population value obtained by summing the population of the subcities (L2) with available data for passenger vehicles (BECPAV) measures,Physical and Natural Environment,Transportation,VehicleRegistration_v1.0
0,yes,BECPAVPOPCORR,Expected population for passenger vehicles (BECPAV) measures,Expected population for passenger vehicles (BECPAV) measures as the sum of population for all subcity (L2) units within the city (L1),Physical and Natural Environment,Transportation,VehicleRegistration_v1.0
1,yes,BECPAVRATE,Motorization rate for passenger vehicles (BECPAV),Motorization rate passenger vehicles (BECPAV) = (BECPAV/BECPAVPOPADD)*1000,Physical and Natural Environment,Transportation,VehicleRegistration_v1.0
1,yes,BECTOTVR,Number of total registered motorized vehicles,Number of total registered motorized vehicles per geographical unit.,Physical and Natural Environment,Transportation,VehicleRegistration_v1.0
0,yes,BECTOTVRAMOUNT,Number of L2s with available data for total registered motorized vehicles (BECTOTVR) measure,"Number of L2s with available data in that specific city (L1) and year for total registered motorized vehicles (BECTOTVR) measures. In some cities, data is not availale for all sub-city (L2) units.",Physical and Natural Environment,Transportation,VehicleRegistration_v1.0
1,yes,BECTOTVRCHANGE,Percent change in total registered motorized vehicles (BECTOTVR) motorization rate,Percent change in total registered motorized vehicles (BECTOTVR) motorization for 2010-2015 = (BECTOTVRRATE2015 –BECTOTVRRATE2010)/(BECTOTVRRATE2010). Only included in  for year 2015.,Physical and Natural Environment,Transportation,VehicleRegistration_v1.0
0,yes,BECTOTVRCORRAMT,Expected number of L2s for total registered motorized vehicles (BECTOTVR) measure,"Total number of subcities (L2) within city (L1). If there were no missing data, the is the number of subcities that should have data for total registered motorized vehicles (BECTOTVR) measures. Compare this variable with BECCM_AMOUNTL2 to assess whether the BECTOTVR measures include data from all L2 units.",Physical and Natural Environment,Transportation,VehicleRegistration_v1.0
0,yes,BECTOTVRPCTPOP,Percent of city (L1) population with available data for total registered motorized vehicles (BECTOTVR) measures,Percent of city (L1) population with available data for total registered motorized vehicles (BECTOTVR) measures as the sum of population of subcities (L2) with available data divided by total population of city (L1),Physical and Natural Environment,Transportation,VehicleRegistration_v1.0
0,yes,BECTOTVRPOPADD,Total population for total registered motorized vehicles (BECTOTVR) measures,Population value obtained by summing the population of the subcities (L2) with available data for total registered motorized vehicles (BECTOTVR) measures,Physical and Natural Environment,Transportation,VehicleRegistration_v1.0
0,yes,BECTOTVRPOPCORR,Expected population for total registered motorized vehicles (BECTOTVR) measures,Expected population for total registered motorized vehicles (BECTOTVR) measures as the sum of population for all subcity (L2) units within the city (L1),Physical and Natural Environment,Transportation,VehicleRegistration_v1.0
1,yes,BECTOTVRRATE,Motorization rate for total registered motorized vehicles (BECTOTVR),Motorization rate total registered motorized vehicles (BECTOTVR) = (BECTOTVR/BECTOTVRPOPADD)*1000,Physical and Natural Environment,Transportation,VehicleRegistration_v1.0
1,yes,POLFEMELECT,Percent women elected as mayor within city,Percent subcities (or municipalities in Argentina) within a city (L1AD) that have a female elected as mayor in the last known election between 2010-2014 and by 2015 or 2017 for Argentina and by 2015 for Peru,"Social, Economic, and Services Environment",Gender Equity,WomenPP_v1.0
0,yes,POLNFEMELECT,Number of subcity (L2) units to calculate POLFEMELECT,Number of subcity (L2) units (or municipalities aggregated up to L1AD in Argentina) used to cal-culate the percent women elected as mayor.,"Social, Economic, and Services Environment",Gender Equity,WomenPP_v1.0
0,yes,POLNSEX,Number of municipalities to calculate POLSEX ,Number of municipalities aggregated up to subcities (L2) in Argentina (used to calculate the percent female elected as mayor).,"Social, Economic, and Services Environment",Gender Equity,WomenPP_v1.0
1,yes,POLSEX,Percent women elected as mayor within subcity,"Indicator variable of whether the elected mayor in the election for the specified year was a woman or for Argentina, percent of municipalities within a subcity (L2) that have a female elected as mayor in the last known election in 2015 or 2017.","Social, Economic, and Services Environment",Gender Equity,WomenPP_v1.0
1,yes,SPVBMIOBESE,Adult obesity prevalence,Prevelence estimate for obesity in adults aged 18 and older. Obesity is defined as body mass index (BMI) >=30 based on WHO classification. BMI was calculated from objectively measured height and weight.,Health Risk Factors,Adult Biomedical Risk Factors,adult_survey_prevalence_v1.0
1,yes,SPVBMIOVOB,Adult overweight and obese prevalence,Prevalence estimate for overweight and obese in adults aged 18 and older. Overweight and obese is defined as body mass index (BMI) >=25 based on WHO classification. BMI was calculated from objectively measured height and weight.,Health Risk Factors,Adult Biomedical Risk Factors,adult_survey_prevalence_v1.0
1,yes,SPVBMISOBESE,Adult obesity prevalence,Prevelence estimate for obesity in adults aged 18 and older. Obesity is defined as body mass index (BMI) >=30 based on WHO classification. BMI was calculated from self-reported height and weight.,Health Risk Factors,Adult Biomedical Risk Factors,adult_survey_prevalence_v1.0
1,yes,SPVBMISOVOB,Adult overweight and obese prevalence,Prevalence estimate for overweight and obese in adults aged 18 and older. Overweight and obese is defined as body mass index (BMI) >=25 based on WHO classification. BMI was calculated from self-reported height and weight.,Health Risk Factors,Adult Biomedical Risk Factors,adult_survey_prevalence_v1.0
0,yes,SPVBMISUWT,Adult underweight prevalence,Prevalence estimate for underweight in adults aged 18 and older. Underweight is defined as body mass index (BMI) <18.5 based on WHO classification. BMI was calculated from self-reported height and weight.,Health Risk Factors,Adult Biomedical Risk Factors,adult_survey_prevalence_v1.0
0,yes,SPVBMIUWT,Adult underweight prevalence,Prevalence estimate for underweight in adults aged 18 and older. Underweight is defined as body mass index (BMI) <18.5 based on WHO classification. BMI was calculated from objectively measured height and weight.,Health Risk Factors,Adult Biomedical Risk Factors,adult_survey_prevalence_v1.0
0,yes,SPVCESD7CAT,Clinically significant depressive symptoms prevalence based on CESD-SF7,Prevalence Estimate for clinically significant depressive symptoms based on Center for Epidemiological Studies Depression short form (CESD-SF7) depressive symptoms scale in adults aged 18 and older. Clinically significant depressive symptoms is defined as CESD-SF7 score >=9.,Health Risk Factors,Adult General and Mental Health,adult_survey_prevalence_v1.0
0,yes,SPVCURRALC1,Prevalence of current alcohol use within past 30 days,Prevalence Estimate for current alcohol use within the past 30 days in adults aged 18 and older. Current alcohol use is defined as drinking at least one alcoholic beverage in the past 30 days.,Health Risk Factors,Adult Behavioral Risk Factors,adult_survey_prevalence_v1.0
0,yes,SPVCURRALC2,Prevalence of current alcohol use within past 12 months,Prevalence estimate for current alcohol use within past 12 months in adults aged 18 and older. Current alcohol use is defined as drinking at least one alcoholic beverage in the past 12 months as recommended by the World Health Organization (WHO) Global Alcohol Report (https://www.who.int/substance_abuse/publications/global_alcohol_report/msbgsruprofiles.pdf).,Health Risk Factors,Adult Behavioral Risk Factors,adult_survey_prevalence_v1.0
1,yes,SPVDBDX1,Prevalence of diabetes diagnosis excluding gestational diabetes,"Prevelance estimate of diabetes diagnosis excluding gestational diabetes in adults aged 18 and older. Diabetes diagnosis is considered as self-reporting a diagnosis from doctor, physician or other medical professional. Females who reported that the diabetes was diagnosed only during pregnancy are considered to be non-diabetic.",Health Risk Factors,Adult Biomedical Risk Factors,adult_survey_prevalence_v1.0
1,yes,SPVDBDX2,Prevalence of diabetes diagnosis including gestational diabetes,"Prevelance estimate of diabetes diagnosis including gestational diabetes in adults aged 18 and older. Diabetes diagnosis is considered as self-reporting a diagnosis from doctor, physician or other medical professional. Females who reported that the diabetes was diagnosed only during pregnancy are considered to be diabetic.",Health Risk Factors,Adult Biomedical Risk Factors,adult_survey_prevalence_v1.0
0,yes,SPVDXDEP,Prevalence of depression diagnosis,Prevalence estimate for depression diagnosis in adults aged 18 and older. A survey respondent is classified as having depression diagnosis if they self-report having been told by a physician or health care provider that they have depression.,Health Risk Factors,Adult General and Mental Health,adult_survey_prevalence_v1.0
1,yes,SPVHLTHFP,Prevalece of fair or poor self-rated health,"Prevalence estimate for fair or poor self-rated health in adults aged 18 years and older. Self-reported health status was dichotomized as reporting very poor, poor or fair health vs. good, very good, or excellent health.",Health Risk Factors,Adult General and Mental Health,adult_survey_prevalence_v1.0
1,yes,SPVHTMED,Prevalence of current pharmacological treatment for hypertension,Prevalence estimate for current pharmacological treatment for hypertension in adults aged 18 and older. Pharmalogical treatment is defined as self-reporting medication use for hypertension or high blood pressure.,Health Risk Factors,Adult Biomedical Risk Factors,adult_survey_prevalence_v1.0
1,yes,SPVMAM2YRS,Prevalence of receiving mammogram in past 2 years amongst women aged 50-79,Prevalence estimate for receiving a mammogram in past 2 years amongst women aged 50-19.,"Social, Economic, and Services Environment",Health Care Access,adult_survey_prevalence_v1.0
0,yes,SPVPAGLOBCAT,Prevalence of meeting recommended physical activity through global physical activity,"Prevalence estimate of meeting WHO exercise guidelines through global physical activity in adults aged 18 and older. A cutoff point of 150 minutes per week was used to classify subjects as active versus inactive in accordance with the recommendations from WHO, 2018 definition of active as at least 150 minutes of moderate-intensity physical activity throughout the week, or at least 75 minutes of vigorous-intensity physical activity throughout the week, or an equivalent combination of moderate- and vigorous-intensity activity. Global physical activity includes physical activity from transportation or leisure time activities.",Health Risk Factors,Adult Behavioral Risk Factors,adult_survey_prevalence_v1.0
0,yes,SPVPALEISCAT,Prevalence of meeting recommended physical activity through leisure physical activity,"Prevalence estimate of meeting WHO exercise guidelines through leisure time physical activity in adults aged 18 and older. A cutoff point of 150 minutes per week was used to classify subjects as active versus inactive in accordance with the recommendations from WHO, 2018 definition of active as at least 150 minutes of moderate-intensity physical activity throughout the week, or at least 75 minutes of vigorous-intensity physical activity throughout the week, or an equivalent combination of moderate- and vigorous-intensity activity.",Health Risk Factors,Adult Behavioral Risk Factors,adult_survey_prevalence_v1.0
1,yes,SPVPAP3YRS,Prevalence of receiving pap test in past 3 years amongst women aged 25-49,Prevalence of receiving pap test in past 3 years amongst women aged 25-49.  Three years was chosen to meet the recommended time frame of cancer screening guidelines.,"Social, Economic, and Services Environment",Health Care Access,adult_survey_prevalence_v1.0
0,yes,SPVPHQ9DEP,Major depressive symptoms prevalence based on PHQ-9,Prevalence Estimate for major depressive symptoms based on Patient Health Questionnaire (PHQ9) depressive symptoms scale in adults aged 18 and older. Major depressive symptoms is defined as PHQ9 score >=10.,Health Risk Factors,Adult General and Mental Health,adult_survey_prevalence_v1.0
0,yes,SPVSMKCUR,Prevalence of current smokers,"Prevalence estimate for current smoker amonst adults aged 18 and older. Current smokers are smokers of cigarettes or tobacco products. If a tobacco use question is available, then it is used to create this variable (this follows WHO definitions). If it is absent but a cigarette use question is available, the cigarette use question is used. For CO-ENSIN2010, GT-DHS2015, NI-CAMID2003 and PE-ENDES2016 where lifetime smoking is not available, this uses the version of current smoking available for that survey. NI-CAMDI2003 is current tobacco use > 100 and CO-ENSIN2010, GT-DHS2015, and PE-ENDES2016 are current cigarette use any amount. Recommendations: For most analyses, the combined version of cigarette and tobacco use (SVYSMKHX and SVYSMKCUR) can be used. Caution should be taken in the interpretation given the differences in how tobacco use is collected.",Health Risk Factors,Adult Behavioral Risk Factors,adult_survey_prevalence_v1.0
1,yes,SVYOVWTCH,Prevalence estimate for percent of children who are overweight,Prevalence estimate for percent of children aged 1-4 years who are overweight. Overweight is defined as weight for height z-score > 2.,Health Risk Factors,"Childhood Biomedical Risk Factors	",child_survey_prevalence_city_v1.0
1,yes,SVYSTUNTCH,Prevalence estimate for percent of children who are stunting,Prevalence estimate for percent of children aged 1-4 years who are stunting. Stunting is defined as height for age z-score < -2.,Health Risk Factors,"Childhood Biomedical Risk Factors	",child_survey_prevalence_city_v1.0
1,yes,SVYWASTECH,Prevalence estimate for percent of children who are wasting,Prevalence estimate for percent of children aged 1-4 years who are wasting. Wasting is defined as weight for height z-score < -2.,Health Risk Factors,"Childhood Biomedical Risk Factors	",child_survey_prevalence_city_v1.0
1,yes,CNSGIIV1,Gender inequality index (GII),"This measure was adapted from the Gender Inequality Index developed by the United Nations Development Fund (UNDP), which uses country-level data to characterize three dimensions: health (maternal mortality and adolescent birth rates), empowerment (education and government), and the labor market (labor force participation). This index is a measure of the loss in potential human development due to inequality between women and men in these three dimensions. It ranges from 0, indicating a context where women and men fare equally, to 1, indicating a context in which one gender fares poorly compared to the other in all measured dimensions. For SALURBAL cities, we adapted the index to capture gender-based disadvantage and created 2 versions, one including the three dimensions and the other one including only two dimensions: empowerment and the labor market. This is the verion using all three dimentions. It was constructed using city level data from vital registrations and population projections, census: % female and male labor force participation, % female and male population 25+ with at least high school education, and the % women and men in mayoral positions in the government for the period of 2010-2015 obtained from different sources for each country.  To construct the index, we followed the formulas described by UNDP.","Social, Economic, and Services Environment",Gender Equity,wescores_v1.0
1,yes,CNSGIIV2,Gender inequality index (GII) without health component,"This measure was adapted from the Gender Inequality Index developed by the United Nations Development Fund (UNDP), which uses country-level data to characterize three dimensions: health (maternal mortality and adolescent birth rates), empowerment (education and government), and the labor market (labor force participation). This index is a measure of the loss in potential human development due to inequality between women and men in these three dimensions. It ranges from 0, indicating a context where women and men fare equally, to 1, indicating a context in which one gender fares poorly compared to the other in all measured dimensions. For SALURBAL cities, we adapted the index to capture gender-based disadvantage and created 2 versions, one including the three dimensions and the other one including only two dimensions: empowerment and the labor market. This is the verion using two dimentions. It was constructed using city level data from vital registrations and population projections, census: % female and male labor force participation, % female and male population 25+ with at least high school education, and the % women and men in mayoral positions in the government for the period of 2010-2015 obtained from different sources for each country.  To construct the index, we followed the formulas described by UNDP.","Social, Economic, and Services Environment",Gender Equity,wescores_v1.0
1,yes,CNSWA1,Labor Force Women’s Achievement (or women's achievement score 1),"The variable captures factors related to employment and marriage. This score includes two variables: 1) % of women in the labor force, 2) % women 15-17 married among the female 15-17 population.  For the construction of the score, we reverse coded the marriage indicator so higher score values signify higher achievements. A higher value indicates higher achievement among women. The variable uses census measures: The labor force participation rate among the female population 15 years or above and the proportion of females aged 15-17 who were married among the total female population ages 15 to 17 (reverse coded). Women's achievement scores were derived from a principle components analysis.","Social, Economic, and Services Environment",Gender Equity,wescores_v1.0
1,yes,CNSWA2,Education Women’s Achievement   (or women's achievement score 2),"The variable captures factors related to women’s education. It includes 2 indicators: 1) % women ages 25+ with at least high school education (Proportion of the female population aged 25 or older who completed secondary education or above), 2) % women ages 25+ with at least university education (Proportion of the female population aged 25 or older who completed university education or above). A higher value indicates higher education among women. This version of Education Woman’s Achievement includes all L1ADs where census measures are available and the z-scores are created using the mean and standard deviation of the whole sample. Women's achievement scores were derived from a principle components analysis.","Social, Economic, and Services Environment",Gender Equity,wescores_v1.0
1,yes,CNSWA3,Health Care Women’s Achievement (or women's achievement score 3),"The variable refers to health care for women. This score is only available for a limited number of countries (Argentina, Brazil, Chile, and Mexico). We estimated the prevalence of women ages 25 to 49 with a pap test in the last 3 years and the prevalence of women 50 to 49 with a mammogram in the last 2 years. These measures were used as indicators for health care for women.  A higher value indicates better health care among women. Women's achievement scores were derived from a principle components analysis.","Social, Economic, and Services Environment",Gender Equity,wescores_v1.0
1,yes,CNSWAH1,Labor Force Women’s achievement with health care indictors ,"The variable captures factors related to employment, marriage, and health care indicators. This score includes four variables: 1) % of women in the labor force, 2) % women 15-17 married among the female 15-17 population, 3) % women 25 to 49 with a pap test in the last 3 years, and 4) % women 50 to 79 with a mammogram in the last 2 years. For the construction of the score, we reverse coded the marriage indicator so higher score values signify higher achievements. A higher value indicates higher achievement. This score is available in Argentina, Brazil, Chile, and Mexico. Women's achievement scores were derived from a principle components analysis.","Social, Economic, and Services Environment",Gender Equity,wescores_v1.0
1,yes,CNSWAH2,Education Women’s achievement excluding countries without health care data,"the variable captures factors related to women’s education standardized only to the countries where health care indicators are available. It includes 2 indicators: 1) % women ages 25+ with at least high school education, 2) % women ages 25+ with at least university education. This version uses the same variables as the Woman’s Achievements score 2 (CNSWA2L1AD) with the only difference being that this version creates Z scores for the score components using only the countries with health care data (Argentina, Brazil, Chile, and Mexico). This variable is created by standardizing education variables to the distribution of the L1ADs with health care measures available. Women's achievement scores were derived from a principle components analysis.","Social, Economic, and Services Environment",Gender Equity,wescores_v1.0
1,yes,CNSWE1,Women’s empowerment score 1- Labor force participation,"The variable refers to women’s participation in the labor force depicting some aspect of women’s socio-economic position.  Since it includes the relation of female to male in educational attainment and in labor force participation, it is also accounting for gender inequalities in education and labor market that have been described as relevant in low- and middle-income countries.It includes the following indicators: ratio female/ male in population aged 25 and over with high school level or above; ratio female/ male in population aged 25 or above with complete university or above; labor force participation among women; and ratio female/male in labor force participation. Higher score values signify greater participation of women in labor force and greater education of women relative to men. Women's empowerment scores were derived from a principle components analysis.","Social, Economic, and Services Environment",Gender Equity,wescores_v1.0
1,yes,CNSWE2,Women’s empowerment score 1 -Educational attainment,This variable refers to the level of educational attainment among women and was used as a measure of differences within women. It includes: % female population with at least complete high school among female population aged 25 years or above; and % of female population with complete university or above among female population aged 25 years or above. Higher score values signify greater education achievement among women. Women's empowerment scores were derived from a principle components analysis.,"Social, Economic, and Services Environment",Gender Equity,wescores_v1.0
