keep,public_any,pct_data_public,var_name,var_label,var_def,domain,subdomain,dataset_instance,n_data_pts_public,n_data_pts_private,n_data_pts_total,intermediate_metadata
1,yes,93%,AADR,Age-adjusted mortality rate,"Age-adjusted mortality rate expressed as per 1,000 population",Mortality,Mortality Rates,MR_allcause_v2.0,19779,1584,21363,""
0,yes,50%,APMPM25DMEAN,Average daily PM2.5 concentration from monitors ,"The arithmetic mean of PM2.5 measurements for all monitors within the geographic unit. All days during the time span where data is available are included in the dataset. If PM2.5 data is not available for a particular day, then the PM2.5 mean are missing values.",Physical and Natural Environment,Air Pollution,APM_DAILY_v1.0,53037,53066,106103,""
0,yes,50%,APMPM25DNSTN,Standard Deviation of daily PM2.5 concentration from monitors ,"Standard deviation of PM2.5 measurements for all monitors within the geographic unit. All days during the time span where data is available are included in the dataset. If PM2.5 data is not available for a particular day, then the PM2.5 standard deviation are missing values. A higher value indictates more variability in the PM2.5 measures used to calculated the mean and median values.",Physical and Natural Environment,Air Pollution,APM_DAILY_v1.0,53037,53066,106103,""
0,yes,50%,APMPM25DSD,Number of PM2.5 monitors,"Number of monitors used to calculate daily PM2.5 average and variance measures for the geographic unit. All days during the time span where data is available are included in the dataset. If PM2.5 data is not available for a particular day, then the PM2.5 number of monitors are missing values. A higher number indicates more monitors were used to calculate the PM2.5 metrics.",Physical and Natural Environment,Air Pollution,APM_DAILY_v1.0,53037,53066,106103,""
0,yes,100%,APSDNO2GRIDPTS,Number of grid points used to calculate NO2 measures,Number of grid points used to calculate NO2 average and variance measures. This can be used as a measure of size of the area. (NO2 - Nitrogen Dioxide),Physical and Natural Environment,Air Pollution,APS_v2.0,59103,0,59103,""
1,yes,100%,APSDNO2MEAN,Area-weighted NO2 average concentration,Weighted arithmetic mean of NO2 measurements for all grid cells with any part of the grid cell contained in the defined boundary weighted by the percent of the total area  contained within the boundary. (NO2 - Nitrogen Dioxide),Physical and Natural Environment,Air Pollution,APS_v2.0,59103,0,59103,""
0,yes,100%,APSDNO2MEDIAN,Area-weighted NO2 median concentration,Weighted median of NO2 measurements for all grid cells with any part of the grid cell contained in the defined boundary weighted by the percent of the total area contained within the boundary. (NO2 - Nitrogen Dioxide),Physical and Natural Environment,Air Pollution,APS_v2.0,59103,0,59103,""
1,yes,100%,APSDNO2POPWT,Population- and Area-weighted NO2 mean concentration,Weighted arithmetic mean of NO2 measurements for all grid cells with any part of the grid cell contained in the defined boundary weighted by the percent of the total area and population contained within the boundary. (NO2 - Nitrogen Dioxide),Physical and Natural Environment,Air Pollution,APS_v2.0,58806,0,58806,""
0,yes,100%,APSDNO2PROPDATA,Proportion of area that has NO2 data coverage.,Proportion of area of the geographic unit that has NO2 data coverage. (NO2 - Nitrogen Dioxide),Physical and Natural Environment,Air Pollution,APS_v2.0,58806,0,58806,""
1,yes,100%,APSDNO2STD,Standard deviation of the area-weighted mean value of NO2,Weighted standard deviation of NO2 measurements for all grid cells with any part of the grid cell contained in the defined boundary weighted by the percent of the total area contained within the boundary. (NO2 - Nitrogen Dioxide),Physical and Natural Environment,Air Pollution,APS_v2.0,59103,0,59103,""
0,yes,100%,APSMPM25GRIDPTS,Number of grid points used to calculate PM2.5 measures,Number of grid point centroids used to calculate PM2.5 average and variance measures. This can be used as a measure of size of the area.  (PM2.5 – particulate matter with less 2.5 µm of diameter),Physical and Natural Environment,Air Pollution,APS_MONTH_v1.0,153036,0,153036,""
1,yes,100%,APSMPM25MEAN,Average PM2.5 concentration,Arithmetic mean of PM2.5 measurements for all grid cells where the centroid falls within the defined boundary (PM2.5 – particulate matter with less 2.5 µm of diameter),Physical and Natural Environment,Air Pollution,APS_MONTH_v1.0,153036,0,153036,""
0,yes,100%,APSMPM25MEDIAN,Median PM2.5 concentration,Median of PM2.5 measurements for all grid cells where the centroid falls within the defined boundary. (PM2.5 – particulate matter with less 2.5 µm of diameter),Physical and Natural Environment,Air Pollution,APS_MONTH_v1.0,153036,0,153036,""
1,yes,100%,APSMPM25POPWT,Population-weighted Average PM2.5 concentration,Population-weighted mean of PM2.5 measurements for all grid cells where the centroid falls within the geographic unit (PM2.5 – particulate matter with less 2.5 µm of diameter),Physical and Natural Environment,Air Pollution,APS_MONTH_v1.0,150000,0,150000,""
1,yes,100%,APSMPM25STD,Standard deviation of the mean value of PM2.5,Standard deviation of PM2.5 measurements for any grid cells where the centroid falls within the defined boundary (PM2.5 – particulate matter with less 2.5 µm of diameter),Physical and Natural Environment,Air Pollution,APS_MONTH_v1.0,153036,0,153036,""
0,yes,100%,APSMPM25THRES,Average PM2.5 is above threshold,Average PM2.5 is above threshold of 10 µg/m3. Threshold defined based on WHO Guidelines.  (PM2.5 – particulate matter with less 2.5 µm of diameter),Physical and Natural Environment,Air Pollution,APS_MONTH_v1.0,153036,0,153036,""
0,yes,100%,APSNO2GRIDPTS,Number of grid points used to calculate NO2 measures,Number of grid points used to calculate NO2 average and variance measures. This can be used as a measure of size of the area. (NO2 - Nitrogen Dioxide),Physical and Natural Environment,Air Pollution,APS_v2.0,59103,0,59103,""
1,yes,100%,APSNO2MEAN,Average NO2 concentration,Arithmetic mean of NO2 measurements for all grid cells where the centroid falls within the defined boundary (NO2 - Nitrogen Dioxide),Physical and Natural Environment,Air Pollution,APS_v2.0,403217,0,403217,""
0,yes,100%,APSNO2MEDIAN,Median NO2 concentration,Median of NO2 measurements for all grid cells where the centroid falls within the defined boundary. (NO2 - Nitrogen Dioxide),Physical and Natural Environment,Air Pollution,APS_v2.0,59103,0,59103,""
1,yes,100%,APSNO2POPWT,Population-weighted Average NO2 concentration,Population-weighted mean of NO2 measurements for all grid cells where the centroid falls within the geographic unit. (NO2 - Nitrogen Dioxide),Physical and Natural Environment,Air Pollution,APS_v2.0,58806,0,58806,""
1,yes,100%,APSNO2STD,Standard Deviation of NO2,Standard deviation of NO2 measurements for any grid cells where the centroid falls within the defined boundary (NO2 - Nitrogen Dioxide),Physical and Natural Environment,Air Pollution,APS_v2.0,59103,0,59103,""
0,yes,100%,APSPM25GRIDPTS,Number of grid points used to calculate PM2.5 measures,Number of grid point centroids used to calculate PM2.5 average and variance measures. This can be used as a measure of size of the area.  (PM2.5 – particulate matter with less 2.5 µm of diameter),Physical and Natural Environment,Air Pollution,APS_v2.0,554275,0,554275,""
1,yes,100%,APSPM25MEAN,Average PM2.5 concentration,Arithmetic mean of PM2.5 measurements for all grid cells where the centroid falls within the defined boundary (PM2.5 – particulate matter with less 2.5 µm of diameter),Physical and Natural Environment,Air Pollution,APS_v2.0,554086,0,554086,""
0,yes,100%,APSPM25MEDIAN,Median PM2.5 concentration,Median of PM2.5 measurements for all grid cells where the centroid falls within the defined boundary. (PM2.5 – particulate matter with less 2.5 µm of diameter),Physical and Natural Environment,Air Pollution,APS_v2.0,59103,0,59103,""
1,yes,100%,APSPM25POPWT,Population-weighted Average PM2.5 concentration,Population-weighted mean of PM2.5 measurements for all grid cells where the centroid falls within the geographic unit (PM2.5 – particulate matter with less 2.5 µm of diameter),Physical and Natural Environment,Air Pollution,APS_v2.0,58806,0,58806,""
1,yes,100%,APSPM25STD,Standard deviation of the mean value of PM2.5,Standard deviation of PM2.5 measurements for any grid cells where the centroid falls within the defined boundary (PM2.5 – particulate matter with less 2.5 µm of diameter),Physical and Natural Environment,Air Pollution,APS_v2.0,554086,0,554086,""
0,yes,100%,APSPM25THRES,Average PM2.5 is above threshold,Average PM2.5 is above threshold of 10 µg/m3. Threshold defined based on WHO Guidelines.  (PM2.5 – particulate matter with less 2.5 µm of diameter),Physical and Natural Environment,Air Pollution,APS_v2.0,59103,0,59103,""
1,yes,100%,ATUSCOLCNT,Total number of collisions.,"Total number of collisions, this is the count of all the collisions that occurred in the month.",Physical and Natural Environment,Transportation,ATUS_MONTHLY_v1.0,50000,0,50000,""
1,yes,100%,ATUSCOLCNTWKWT,Total number of weekend collisions,Total number of collisions that occurred on weekends. Weekends extend from Friday to Sunday.,Physical and Natural Environment,Transportation,ATUS_MONTHLY_v1.0,50000,0,50000,""
1,yes,100%,ATUSCOUNTDEAD,Total deaths due to collisions,Total number of people who died because of a collision that occurred in the month. ,Physical and Natural Environment,Transportation,ATUS_MONTHLY_v1.0,50000,0,50000,""
1,yes,100%,ATUSCOUNTETOH,Total number of collisions with alcohol involvement,"Total number of collisions where alcohol had involvement, the alcohol use was detected for the responsible driver via a breathalyzer test. The breathalyzer used by police in Mexico indicates alcohol was detected or not and does not indicate the blood alcohol level. It is a screening tool to obtain a legal blood draw test of blood alcohol content.",Physical and Natural Environment,Transportation,ATUS_MONTHLY_v1.0,50000,0,50000,""
1,yes,100%,ATUSCOUNTETOHWK,Total number of weekend collisions with alcohol involvement,"Total number of collisions where alcohol had involvement on the weekend, the alcohol use was detected for the responsible driver via a breathalyzer test. The breathalyzer used by police in Mexico indicates alcohol was detected or not and does not indicate the blood alcohol level. It is a screening tool to obtain a legal blood draw test of blood alcohol content. Weekends extend from Friday to Sunday.",Physical and Natural Environment,Transportation,ATUS_MONTHLY_v1.0,50000,0,50000,""
1,yes,100%,ATUSCOUNTINJ,Total people injured in collision,Total number of people that resulted injured because of a collision.,Physical and Natural Environment,Transportation,ATUS_MONTHLY_v1.0,50000,0,50000,""
1,yes,100%,ATUSTCOLFATAL,Total number of fatal collisions,"Total number of fatal collisions, this is the total count where a person died due to a collision.",Physical and Natural Environment,Transportation,ATUS_MONTHLY_v1.0,50000,0,50000,""
1,yes,100%,ATUSTCOLFATALWK,Total number of fatal weekend collisions,"Total number of fatal collisions, this is the total count where a person died due to a collision. Weekends extend from Friday to Sunday.",Physical and Natural Environment,Transportation,ATUS_MONTHLY_v1.0,50000,0,50000,""
1,yes,100%,ATUSTCOLINJ,Total number of collisions with injured person (without deaths),"Total number of collisions that had at least one injured person excluding collisions in which a death occurred, this variable excludes collisions that had at least one person die.",Physical and Natural Environment,Transportation,ATUS_MONTHLY_v1.0,50000,0,50000,""
1,yes,100%,ATUSTCOLINJWD,Total number of collisions that had at least one injured person,"Total number of collisions that had at least one injured person regardless of whether a death occurred. This variable includes collisions with injuries and deaths, and collisions with injuries but without deaths.",Physical and Natural Environment,Transportation,ATUS_MONTHLY_v1.0,50000,0,50000,""
1,yes,100%,ATUSTCOLINJWDWKWT,Total number of weekend collisions with injured person (without deaths),"Total number of collisions that had at least one injured person excluding collisions in which a death occurred, this variable excludes collisions that had at least one person die. Weekends extend from Friday to Sunday.",Physical and Natural Environment,Transportation,ATUS_MONTHLY_v1.0,50000,0,50000,""
1,yes,100%,ATUSTCOLINJWKWT,Total number of weekend collisions that had at least one injured person,"Total number of collisions that had at least one injured person regardless of whether a death occurred. This variable includes collisions with injuries and deaths, and collisions with injuries but without deaths. Weekends extend from Friday to Sunday.",Physical and Natural Environment,Transportation,ATUS_MONTHLY_v1.0,50000,0,50000,""
0,no,0%,BECADAREA,total area,"Area in km2 of the administrative boundary. BECADAREAL3: total area, including land and water, within L3's boundary. For applications, see Jaeger (2000).",Physical and Natural Environment,Urban Form Metrics,BEC_v1.0,0,58609,58609,"Pending final cdbk review, default to not public"
0,no,0%,BECADCRCTYAVG,Circuity average,"Average of the length of each edge divided by the great circle distances between the nodes of each edge; Measures the average ratio of network distances to straight-line distances. Interpretation: For each edge in the network, its circuity is the ratio between the edge length and the straight line distance between its two end points. Varies from 1 to infinity, where streets that are straight lines have circuity of 1, and curved streets have higher circuity. Examples of use in urban measurement:  Boeing, 2017;  Year of data: September 2017 for L1_AD, January 2018 for L2",Physical and Natural Environment,Street Design,BEC_v1.0,0,2174,2174,"Pending final cdbk review, default to not public"
0,no,0%,BECADINTCOUNT,Total number of intersections,Number of nodes with more than one street emanating from them (thus excluding dead-ends),Physical and Natural Environment,Street Design,BEC_v1.0,0,56403,56403,"Pending final cdbk review, default to not public"
1,no,0%,BECADINTDENS,Intersection density,"Measures the amount of intersections per km2 of area. Node density of the set of nodes with more than one street emanating from them (thus excluding dead-ends). Higher values means more connected. Interpretation: Varies from 0 to infinity. Cities with higher values have a lot of intersections by unit of area. Special note for L3: due to the very small size of some L3 units and the potential need to aggregate adjacent L3s into create large units of analysis, we provide both the numerator (total number of intersections, BECADINTCOUNTL3) and denominator (total L3 area, BECADAREAL3) in the dataset. For more details on this aggregation issue, see Appendix 11. Example of use in urban measurement: Boeing, 2017",Physical and Natural Environment,Street Design,BEC_v1.0,0,58577,58577,"Pending final cdbk review, default to not public"
0,no,0%,BECADINTDENS3,Intersection density 3-way,"Measures the amount of intersections where exactly 3 streets meet per km2 of area/ Node density of the set of nodes with 3 streets emanating from them. Higher values means more connected. Interpretation: Varies from 0 to infinity. Cities with higher values have a lot of intersections with 3 incoming streets by unit of area.Year of data: September 2017 for L1_AD, January 2018 for L2",Physical and Natural Environment,Street Design,BEC_v1.0,0,2174,2174,"Pending final cdbk review, default to not public"
0,no,0%,BECADINTDENS4,Intersection density 4-way,"Measures the amount of intersections where exactly 4 streets meet per km2 of area/ Node density of the set of nodes with 4 streets emanating from them. Interpretation: Varies from 0 to infinity. Cities with higher values have a lot of intersections with 3 incoming streets by unit of area; Higher values means more connected. Examples of use in urban health: Boeing, 2017. Year of data: September 2017 for L1_AD, January 2018 for L2",Physical and Natural Environment,Street Design,BEC_v1.0,0,2174,2174,"Pending final cdbk review, default to not public"
0,no,0%,BECADLRDENS,Large road density,"Measures the total length of streets with four or more lanes per km2 of area/ sum of all links in the undirected representation of the network that have four lanes or more divided by the area. Interpretation: Varies from 0 to infinity. Cities with higher values have more large streets per unit of area; Higher values means more traffic, more obstacles, less walkability. September 2017 for L1_AD, January 2018 for L2. ",Physical and Natural Environment,Street Design,BEC_v1.0,0,2174,2174,"Pending final cdbk review, default to not public"
0,no,0%,BECADSTTDENS,Street density,"Measures the total length of streets per km2 of area; sum of all links in the undirected representation of the network divided by the area. Special note for L3: Due to the very small size of some L3 units and the potential need to aggregate adjacent L3s into create large units of analysis, we provide both the numerator (total street length, BECADSTTTLENGTHL3) and denominator (total L3 area, BECADAREAL3) in the dataset. For more details on this aggregation issue, see Appendix 11; Interpretation: Varies from 0 to infinity. Cities with higher values have a lot of streets by unit of area. Year of data:  September 2017 for L1_AD, January 2018 for L2, 2020 for L3.",Physical and Natural Environment,Street Design,BEC_v1.0,0,58577,58577,"Pending final cdbk review, default to not public"
0,no,0%,BECADSTTLGAVG,Street length average,"Measures the length of streets in the street network/ Mean length of street segments in the street network. Interpretation: Small values represent smaller blocks and large values represent larger street segments or blocks. Year of data: September 2017 for L1_AD, January 2018 for L2. Example of use in urban health: Boeing, 2017. ",Physical and Natural Environment,Street Design,BEC_v1.0,0,2174,2174,"Pending final cdbk review, default to not public"
0,no,0%,BECADSTTPNODEAVG,Streets per node average,"Measures the distribution of the number of streets that meet at each intersection of the street network. Interpretation: Varies from 2 to infinity. Higher values mean on average intersections connect to more intersections. Year of data: September 2017 for L1_AD, January 2018 for L2.  Example of use in urban health: Boeing, 2017. ",Physical and Natural Environment,Street Design,BEC_v1.0,0,2174,2174,"Pending final cdbk review, default to not public"
0,no,0%,BECADSTTPNODESD,Streets per node standard deviation,"Measures the distribution of the number of streets that meet at each intersection of the street network; the standard deviation of the number of physical streets (i.e., edges in the undirected representation of the graph) that emanate from each intersection and dead-end. Interpretation: Higher values mean more variability in the number of incoming edges (streets) for each node in the network; the statistical and spatial distributions of number of streets per intersection characterize the type, prevalence, and dispersion of intersection connectedness in the network. Year of data: September 2017 for L1_AD, January 2018 for L2. Example of use in urban health: Boeing, 2017",Physical and Natural Environment,Street Design,BEC_v1.0,0,2174,2174,"Pending final cdbk review, default to not public"
0,no,0%,BECADSTTTLENGTH,Total street length,Sum of all links in the undirected representation of the network divided by the area,Physical and Natural Environment,Street Design,BEC_v1.0,0,56403,56403,"Pending final cdbk review, default to not public"
0,no,0%,BECADTYPE,L3 sources,Sources of L3 - offical or SALURBAL defined,Physical and Natural Environment,Urban Form Metrics,BEC_v1.0,0,50000,50000,"Pending final cdbk review, default to not public"
0,no,0%,BECAERTRAMLNGTH,Aerial tram length,"Measure of the Aerial Tram system supply. The aerial tramway is based on the principle of cableways in sightseeing tours in alpine resorts. The aerial tramway is a type or aerial lift which uses one or two stationary support ropes and a third moving rope to move a cabin through a defined path. Interpretation: The total length in km of Aerial Tram (applicable to L1_AD, and L2, depending on the country and in the future for selected L3 units). A unit with higher values has a bigger aerial tram system. Country team input: The draft of measures was sent to each country team to check for face validity.  Country teams used their expert knowledge and/or any existing criteria used to suggest any changes to the aerial tram variables at L1_AD and L2 “subcity”.  Year of data: December 2017",Physical and Natural Environment,Transportation,BEC_v1.0,0,2543,2543,"Pending final cdbk review, default to not public"
0,no,0%,BECAGE,City foundation year,Foundation year for cities at Level 1 (Applicable only to L1AD and L1UX units). Interpretation: Colonial foundation of the city. Earliest date of colonial settlement is used as foundation year when official date was not available or when discrepancies were found between data sources. City foundation years range from 1502 to 1992. ,Physical and Natural Environment,Urban Form Metrics,BEC_v1.0,0,742,742,"Pending final cdbk review, default to not public"
0,no,0%,BECAVGPTCHAREA,Mean patch size,"Total urban area (in hectares) divided by number of urban patches. Interpretation: Indicator of fragmentation. Larger values reflect a larger size of urban development; low values reflect scattered, small development. For applications, see Irwin & Bockstael (2007)., Boentje & Blinnikov (2007), McCarty & Kaza (2015) and Chen, Yao, Sun, & Chen (2014). (Currently available for L1AD, L1UX, L1XS and L2 units)",Physical and Natural Environment,Urban Landscape,BEC_v1.0,0,2549,2549,"Pending final cdbk review, default to not public"
0,no,0%,BECAWAVGPTCHAREA,Area-weighted mean patch size,"Weighted average of urban patch size (in hectares). This value is weighted by the area of each patch. (Currently available for L1AD, L1UX, L1XS and L2 units). By weighting by patch size, larger urban patches have a higher influence in this weighted-average metric. Researchers could decide at their own discretion on using this weighted index or the corresponding unweighted one. Interpretation: Indicator of fragmentation. Larger values reflect a larger size of urban development; low values reflect scattered, small development. By weighting by patch size, larger urban patches have a higher influence in this weighted-average metric. Researchers could decide at their own discretion on using this weighted index or the corresponding unweighted one. For applications, see Irwin & Bockstael (2007), Boentje & Blinnikov(2007), McCarty & Kaza (2015) and Chen, Yao, Sun, & Chen (2014).",Physical and Natural Environment,Urban Landscape,BEC_v1.0,0,2549,2549,"Pending final cdbk review, default to not public"
0,no,0%,BECAWEDGDENS,Area-weighted edge density,"Total perimeter of all patches multiplied by the corresponding area weight, and divided by the total area of the geographic unit. (Currently available for L1AD, L1UX, L1XS and L2 units). Interpretation: Indicator of fragmentation and shape complexity. A higher value indicates, for the same total area of urban patches: (1) there are likely to be more smaller patches versus fewer larger patches, and (2) on average, patches have a more complex shape. This is the area-weighted version of edge density. By weighting by patch size, larger urban patches have a higher influence in this weighted-average metric. Researchers could decide at their own discretion on using this weighted index or the corresponding unweighted one. For applications, see Boentje & Blinnikov (2007).",Physical and Natural Environment,Urban Landscape,BEC_v1.0,0,2549,2549,"Pending final cdbk review, default to not public"
1,no,0%,BECAWMNNNGH,Area-weighted Mean Nearest Neighbor Distance,"Mean distance (in meters) to the nearest urban patch within the geographic boundary. This value is weighted by the area of each patch (Currently available for L1AD, L1UX, L1XS and L2 units). Interpretation: Indicator of isolation among patches of a similar class, a higher value indicates higher level of isolation. By weighting by patch size, larger urban patches have a higher influence in this weighted-average metric. For applications, see Boentje & Blinnikov (2007).",Physical and Natural Environment,Urban Landscape,BEC_v1.0,0,2486,2486,"Pending final cdbk review, default to not public"
1,no,0%,BECAWMNSHPINDX,Area-weighted mean shape index,"Shape index is a ratio of the actual perimeter of a patch to the minimum perimeter possible for a maximally compact patch with the same size. The area-weighted mean shape index is the weighted average of the shape index for each patch within the geographic boundary. This index is weighted by the area of each patch (Currently available for L1AD, L1UX, L1XS and L2 units). Interpretation: Shape index ranges from 1 to infinity, with 1 being the index for a patch that is maximally compact. A lower value indicates higher levels of compactness of each individual patch. By weighting by patch size, larger urban patches have a higher influence in this weighted-average metric. For applications, see Irwin & Bockstael (2007).",Physical and Natural Environment,Urban Landscape,BEC_v1.0,0,2549,2549,"Pending final cdbk review, default to not public"
0,no,0%,BECBRTLNGTH,BRT length,Measure of overall levels of BRT supply. The Bus Rapid Transit is a bus-based public transport system designed to improve upon the capacity and reliability of a conventional bus system. A BRT system includes roadways specially designated as corridors for buses and stations for boarding. BRT aims to combine the capacity and speed of a metro and the flexibility and lower cost of a bus system.All total length in km of BRT in the geographic unit (Applicable to L1_AD and L2 depending on the country and in the future for selected level 3 units). A unit with higher values has a bigger BRT system. Year of data: September 2017. Country team input: The draft of measures was sent to each country team to check for face validity.  Country teams used their expert knowledge and/or any existing criteria used to suggest any changes to the BRT variables at L1_AD and L_2 “subcity”. ,Physical and Natural Environment,Transportation,BEC_v1.0,0,2549,2549,"Pending final cdbk review, default to not public"
0,no,0%,BECBRTPRCTRIP,One-way BRT fare in USD.,"The BRT price trip standard in USD (applicable only to L1_AD, because for L2 units it is the same).  The Bus Rapid Transit is a bus-based public transport system designed to improve upon the capacity and reliability of a conventional bus system. A BRT system includes roadways specially designated as corridors for buses and stations for boarding. BRT aims to combine the capacity and speed of a metro and the flexibility and lower cost of a bus system.A unit with a higher travel price indicates a higher cost for the user per trip. Year of data: September 2017",Physical and Natural Environment,Transportation,BEC_v1.0,0,1113,1113,"Pending final cdbk review, default to not public"
0,no,0%,BECBYLANELNGTH,Bicycle lane length,"Measure bicycle lane system supply.  Bicycle facilities: public infrastructure and other areas aimed at the exclusive or shared use of bicycles. This can be an exclusive lane of a public road or an independent way where bicycles can transit. Interpretation: The total length in km of bicycle lane (applicable to L1_AD, and L2 depending on the country and in the future for selected L3 units). A unit with higher values has more and larger bicycle lanes. Country team input: The draft of measures was sent to each country team to check for face validity.  Country teams used their expert knowledge and/or any existing criteria used to suggest any changes to the bicycle lanes variables at L1_AD and L2 “subcity”. In a preliminary audit, we modified the values according to the information of the experts in the countries and the information collected from OpenStreetMap. For each city with a value different from zero or missing, we take the highest value between the value from the official source and OpenStreetMap. Year of data: December 2017",Physical and Natural Environment,Transportation,BEC_v1.0,0,312,312,"Pending final cdbk review, default to not public"
1,yes,91%,BECCM,Number of passenger vehicles and motorbikes,Total number of passenger vehicles and motorbikes per geographical unit (BECPAV + BECMTRB).,Physical and Natural Environment,Transportation,VehicleRegistration_v1.0,21773,2185,23958,""
0,yes,88%,BECCMAMOUNT,Number of L2s with available data for passenger vehicles and motorbikes (BECCM) measure,"Number of L2s with available data in that specific city (L1) and year for passenger vehicles and motorbikes (BECCM) measures. In some cities, data is not availale for all sub-city (L2) units.",Physical and Natural Environment,Transportation,VehicleRegistration_v1.0,5100,695,5795,""
1,yes,91%,BECCMCHANGE,Percent change in passenger vehicles and motorbikes (BECCM) motorization rate,Percent change in passenger vehicles and motorbikes (BECCM) motorization for 2010-2015 = (BECCMRATE2015 – BECCMRATE2010)/(BECCMRATE2010). Only included in  for year 2015.,Physical and Natural Environment,Transportation,VehicleRegistration_v1.0,1124,110,1234,""
0,yes,88%,BECCMCORRAMT,Expected number of L2s for passenger vehicles and motorbikes (BECCM) measure,"Total number of subcities (L2) within city (L1). If there were no missing data, the is the number of subcities that should have data for passenger vehicles and motorbikes (BECCM) measures. Compare this variable with BECCM_AMOUNTL2 to assess whether the BECCM measures include data from all L2 units.",Physical and Natural Environment,Transportation,VehicleRegistration_v1.0,5100,695,5795,""
0,yes,91%,BECCMPCTPOP,Percent of city (L1) population with available data for passenger vehicles and motorbikes (BECCM) measures,Percent of city (L1) population with available data for passenger vehicles and motorbikes (BECCM) measures as the sum of population of subcities (L2) with available data divided by total population of city (L1),Physical and Natural Environment,Transportation,VehicleRegistration_v1.0,4634,450,5084,""
0,yes,91%,BECCMPOPADD,Total population for passenger vehicles and motorbikes (BECCM) measures,Population value obtained by summing the population of the subcities (L2) with available data for passenger vehicles and motorbikes (BECCM) measures,Physical and Natural Environment,Transportation,VehicleRegistration_v1.0,4634,450,5084,""
0,yes,91%,BECCMPOPCORR,Expected population for passenger vehicles and motorbikes (BECCM) measures,Expected population for passenger vehicles and motorbikes (BECCM) measures as the sum of population for all subcity (L2) units within the city (L1),Physical and Natural Environment,Transportation,VehicleRegistration_v1.0,4634,450,5084,""
1,yes,93%,BECCMRATE,Motorization rate for passenger vehicles and motorbikes (BECCM),Motorization rate passenger vehicles and motorbikes (BECCM) = (BECCM/BECCMPOPADD)*1000,Physical and Natural Environment,Transportation,VehicleRegistration_v1.0,19554,1420,20974,""
1,no,0%,BECCOAST,Costal city,"Binary indicator that further distinguishes between coastal (with a value of 1) and inland geographies (with a value of 0). Coastal geographies are those with parts of their boundaries within 1 km from the closest coastline, whereas inland regions represent the rest. These variables are available at L1AD, L1UX, L1XS, L2, and L3 units. Interpretation: Coastal regions should be treated differently as they are more influenced by oceans. Example of use in urban health: Völker & Kistemann, 2011",Physical and Natural Environment,Natural Environment and Parks,BEC_v1.0,0,58981,58981,"Pending final cdbk review, default to not public"
0,no,0%,BECCVPTCHAREA,Coefficient of variation of the urban patch size,"The standard deviation of the patch size within the geographic boundary, divided by the mean patch size within the geographic boundary (Currently available for L1AD, L1UX, L1XS and L2 units). Interpretation: A higher value indicates a higher level of variation of patch sizes; a lower value indicates a more even distribution of patch sizes. For applications, see McCarty & Kaza (2015).",Physical and Natural Environment,Urban Landscape,BEC_v1.0,0,2549,2549,"Pending final cdbk review, default to not public"
1,no,0%,BECCZ,Major climate zone within boundary,"Major climate zone in a geography, indicating its seasonal precipitation and temperature patterns. These data are available for L1AD, L1UX, L1XS, L2 units. Interpretation: Representative climate patterns of seasonal precipitation and temperature patterns in a geography. These patterns control for background difference in climate (precipitation and temperature) and biophysical environment (e.g., availability of greenspace and blue space). For a case controlling for climate zones, see Casey et al. (2017) who applied a similar classification system (ecoregions) to control for background differences in urban greenness.",Physical and Natural Environment,Natural Environment and Parks,BEC_v1.0,0,2549,2549,"Pending final cdbk review, default to not public"
0,no,0%,BECDEMBRT,Demand of BRT,Measure level of demand of the BRT system.  The Bus Rapid Transit is a bus-based public transport system designed to improve upon the capacity and reliability of a conventional bus system. A BRT system includes roadways specially designated as corridors for buses and stations for boarding. BRT aims to combine the capacity and speed of a metro and the flexibility and lower cost of a bus system. Interpretation: It is calculated as the ratio between number of users of BRT and total population (applicable only to L1_AD). A unit with higher BRT demand values indicates a system with higher level of demand. Year of data: September 2017. ,Physical and Natural Environment,Transportation,BEC_v1.0,0,1095,1095,"Pending final cdbk review, default to not public"
0,no,0%,BECEDGDENS,Edge density,"Total perimeter of all urban patches, divided by the total area of the geographic unit. Unit: meters per hectare (Currently available for L1AD, L1UX, L1XS and L2 units). For applications, see Boentje & Blinnikov (2007). Interpretation: Indicator of fragmentation and shape complexity. A higher value indicates, for the same total area of urban patches: (1) on average, there are likely to be more smaller patches, versus fewer larger patches, and (2) on average, patches have more complex shapes.",Physical and Natural Environment,Urban Landscape,BEC_v1.0,0,2549,2549,"Pending final cdbk review, default to not public"
0,no,0%,BECEFFMESHSIZE,Effective Mesh Size,"The sum of squares of urban patch size, divided by the total area of the geographic unit. Unit: hectare. (Currently available for L1AD, L1UX, L1XS and L2 units). Interpretation: Indicator of fragmentation where larger patches have higher weights. Larger values reflect a larger size of urban development; low values reflect scattered, small development. For applications, see Jaeger (2000).",Physical and Natural Environment,Urban Landscape,BEC_v1.0,0,2549,2549,"Pending final cdbk review, default to not public"
0,no,0%,BECELEVATIONAVE,Average elevation in geographic unit.,"Average elevation (meters) in geographic unit. Example of use in Keskinen, Rantakokko, Suomi, Rantanen, & Portegijs (2018)",Physical and Natural Environment,Natural Environment and Parks,BEC_v1.0,0,56430,56430,"Pending final cdbk review, default to not public"
0,no,0%,BECELEVATIONMAX,Maximum elevation in geographic unit.,"Maximum elevation (meters) in geographic unit. Examples of use: Keskinen, Rantakokko, Suomi, Rantanen, & Portegijs (2018)",Physical and Natural Environment,Natural Environment and Parks,BEC_v1.0,0,58979,58979,"Pending final cdbk review, default to not public"
0,no,0%,BECELEVATIONMEDIAN,Median elevation in geographic unit.,"Median elevation (meters) in geographic unit. Examples of use: Keskinen, Rantakokko, Suomi, Rantanen, & Portegijs (2018)",Physical and Natural Environment,Natural Environment and Parks,BEC_v1.0,0,58979,58979,"Pending final cdbk review, default to not public"
0,no,0%,BECELEVATIONMIN,Minimum elevation in geographic unit.,"Minimum elevation (meters) in geographic unit. Examples of use: Keskinen, Rantakokko, Suomi, Rantanen, & Portegijs (2018)",Physical and Natural Environment,Natural Environment and Parks,BEC_v1.0,0,58979,58979,"Pending final cdbk review, default to not public"
0,no,0%,BECELEVATIONP25,25th percentile of elevation in geographic unit.,"25th percentile of elevation (meters) in geographic unit. Examples of use: Keskinen, Rantakokko, Suomi, Rantanen, & Portegijs (2018)",Physical and Natural Environment,Natural Environment and Parks,BEC_v1.0,0,58979,58979,"Pending final cdbk review, default to not public"
0,no,0%,BECELEVATIONP75,75th percentile of elevation in geographic unit.,"75th percentile of elevation (meters) in geographic unit. Examples of use: Keskinen, Rantakokko, Suomi, Rantanen, & Portegijs (2018)",Physical and Natural Environment,Natural Environment and Parks,BEC_v1.0,0,58979,58979,"Pending final cdbk review, default to not public"
0,no,0%,BECELEVATIONSTD,Standard deviation of elevation in geographic unit.,"Standard deviation of elevation (meters) in geographic unit. Examples of use: Keskinen, Rantakokko, Suomi, Rantanen, & Portegijs (2018)",Physical and Natural Environment,Natural Environment and Parks,BEC_v1.0,0,58979,58979,"Pending final cdbk review, default to not public"
0,no,0%,BECELEVATIOVE,"",Unknown,Physical and Natural Environment,Urban Form Metrics,BEC_v1.0,0,2549,2549,"Pending final cdbk review, default to not public"
0,no,0%,BECERRORWP,"",Unknown,Physical and Natural Environment,Urban Form Metrics,BEC_v1.0,0,1791,1791,"Pending final cdbk review, default to not public"
0,no,0%,BECGASPRICE,Gasoline price,"Measure the price per gallon. Price per gallon of standard gasoline in USD per liter (applicable only to L1_AD, for many cities a value for L2 does not exist). Interpretation: Price per gallon of standard gasoline in USD per liter (applicable only to L1_AD, for many cities a value for L2 does not exist). A unit with higher values indicates a transportation system with higher cost for the users and the drivers. The year of the data is from 2017 (for some of the countries) and range between March to September. A unit with higher values indicates a transportation system with higher cost for the users and the drivers.",Physical and Natural Environment,Transportation,BEC_v1.0,0,1044,1044,"Pending final cdbk review, default to not public"
0,no,0%,BECGASPRICEADJ,Adjusted gasoline price,"Measure the capacity of payment of a unit of fuel, according to the minimum wage. Interpretation: Price of standard gasoline in USD per liter /minimum wage (applicable only to L1_AD). A unit with higher values indicates a transportation system with higher cost for the users and the drivers. ",Physical and Natural Environment,Transportation,BEC_v1.0,0,1044,1044,"Pending final cdbk review, default to not public"
0,no,0%,BECGEOFLAG,L3 boundary quality flag,"a variable indicating whether the L3s in an L1AD on average are correctly georeferenced, i.e., have the correct alignment with other geospatial data. BECGEOFLAGL3 = 0 indicates that L3s in an L1AD overall have correct alignment. BECGEOFLAGL3 = 1 indicates that L3s in an L1AD overall have incorrect alignment and we recommend not using these L3s in the analysis.",Physical and Natural Environment,Urban Form Metrics,BEC_v1.0,0,50000,50000,"Pending final cdbk review, default to not public"
0,no,0%,BECGSAVGPTCHAREA,Mean greenspace patch size,"Total greenspace area (in hectares) divided by number of greenspace patches. Greenspace patches are net of water bodies and exclude limited no observation areas in remote sensing images (due to cloud and shadow). This variable is calculated for L1UX using a 2017 greenspace map at 10 m resolution. Due to the large size of L1AD and L2, this variable is calculated using the same greenspace map resampled to 30 m resolution. For calculation and interpretation of this variable, refer to Mean patch size: BECAVGPTCHAREALLLL >>> Interpretation: Indicator of fragmentation. Larger values reflect a larger size of urban development; low values reflect scattered, small development. For applications, see Irwin & Bockstael (2007)., Boentje & Blinnikov (2007), McCarty & Kaza (2015) and Chen, Yao, Sun, & Chen (2014).",Physical and Natural Environment,Natural Environment and Parks,BEC_v1.0,0,2178,2178,"Pending final cdbk review, default to not public"
0,no,0%,BECGSAWAVGPTCHAREA,Area-weighted mean greenspace patch size,"Weighted average of urban patch size (in hectares). This value is weighted by the area of each patch. Greenspace patches and total area are net of water bodies and exclude limited no observation areas in remote sensing images (due to cloud and shadow). This variable is calculated for L1UX using a 2017 greenspace map at 10 m resolution. Due to the large size of L1AD and L2, this variable is calculated using the same greenspace map resampled to 30 m resolution. For calculation and interpretation of this variable, refer to Area-weighted mean patch size: BECAWAVGPTCHAREALLLL >>> Interpretation: Indicator of fragmentation. Larger values reflect a larger size of urban development; low values reflect scattered, small development. By weighting by patch size, larger urban patches have a higher influence in this weighted-average metric. Researchers could decide at their own discretion on using this weighted index or the corresponding unweighted one. For applications, see Irwin & Bockstael (2007), Boentje & Blinnikov(2007), McCarty & Kaza (2015) and Chen, Yao, Sun, & Chen (2014).",Physical and Natural Environment,Natural Environment and Parks,BEC_v1.0,0,2178,2178,"Pending final cdbk review, default to not public"
0,no,0%,BECGSAWMNNNGH,Area-weighted Mean Nearest Neighbor Distance of greenspace patches,"Mean distance (in meters) to the nearest greenspace patch within the geographic boundary. This value is weighted by the area of each patch. Greenspace patches are net of water bodies and exclude limited no observation areas in remote sensing images (due to cloud and shadow). This variable is calculated for L1UX using a 2017 greenspace map at 10 m resolution. Due to the large size of L1AD and L2, this variable is calculated using the same greenspace map resampled to 30 m resolution. For calculation and interpretation of this variable, refer to Area-weighted Mean Nearest Neighbor Distance: BECAWMNNNGHLLLL >>> Interpretation: Indicator of isolation among patches of a similar class, a higher value indicates higher level of isolation. By weighting by patch size, larger urban patches have a higher influence in this weighted-average metric. For applications, see Boentje & Blinnikov (2007).",Physical and Natural Environment,Natural Environment and Parks,BEC_v1.0,0,2160,2160,"Pending final cdbk review, default to not public"
0,no,0%,BECGSAWMNSHPINDX,Area-weighted mean shape index of greenspace patches,"Shape index is a ratio of the actual perimeter of a patch to the minimum perimeter possible for a maximally compact patch with the same size. The area-weighted mean shape index is the weighted average of the shape index for each patch within the geographic boundary. This index is weighted by the area of each patch. Greenspace patches are net of water bodies and exclude limited no observation areas in remote sensing images (due to cloud and shadow). This variable is calculated for L1UX using a 2017 greenspace map at 10 m resolution. Due to the large size of L1AD and L2, this variable is calculated using the same greenspace map resampled to 30 m resolution. For calculation and interpretation of this variable, refer to Area-weighted mean shape index: BECAWMNSHPINDXLLLL >>>  Interpretation: Shape index ranges from 1 to infinity, with 1 being the index for a patch that is maximally compact. A lower value indicates higher levels of compactness of each individual patch. By weighting by patch size, larger urban patches have a higher influence in this weighted-average metric. For applications, see Irwin & Bockstael (2007).",Physical and Natural Environment,Natural Environment and Parks,BEC_v1.0,0,2178,2178,"Pending final cdbk review, default to not public"
0,no,0%,BECGSCLUMP,Clumpy of greenspace patches,"Clumpy measures the clustering of greenspace patches. This variable ranges between -1 and 1, where -1 indicates maximum disaggregation, 0 indicates random distribution, and 1 indicates maximum aggregation. Greenspace patches are net of water bodies and exclude limited no observation areas in remote sensing images (due to cloud and shadow). This variable is calculated for L1UX using a 2017 greenspace map at 10 m resolution. Due to the large size of L1AD and L2, this variable is calculated using the same greenspace map resampled to 30 m resolution. Interpretation: Indicator of spatial clustering of greenspace patches. A value closer to 1 indicates more spatial aggregation, whereas a value closer to -1 indicates more spatial disaggregation. A visual example showing three L1UXs with different levels of Clumpy is in Figure 17. For applications, see Mears, Brindley, Jorgensen, Ersoy, & Maheswaran (2019). For applications, see Mears, Brindley, Jorgensen, Ersoy, & Maheswaran (2019)",Physical and Natural Environment,Natural Environment and Parks,BEC_v1.0,0,2178,2178,"Pending final cdbk review, default to not public"
0,no,0%,BECGSCOHESION,Cohesion of greenspace patches,"cohesion measures physical connectedness of greenspace patches. This variable is between 0≤COHESION<100, with values closer to 0 indicating that the proportion of the landscape occupied by greenspace decreases and becomes increasingly subdivided and less physically connected. COHENSION increases monotonically as the proportion of the landscape occupied by greenspace increases until an asymptote is reached near the percolation threshold (beyond which a giant connected component exists). COHENSION=0 if the landscape only has one greenspace cell. Greenspace patches are net of water bodies and exclude limited no observation areas in remote sensing images (due to cloud and shadow). This variable is calculated for L1UX using a 2017 greenspace map at 10 m resolution. Due to the large size of L1AD and L2, this variable is calculated using the same greenspace map resampled to 30 m resolution.  Interpretation: Indicator of physical connectedness of greenspace patches. A value closer to 0 indicates less connection and less presence of greenspace patches. The value is sensitive to and increases with clumpy of greenspace patches, before the percolation threshold when a giant connected component forms (e.g., a green belt along the city perimeter). Beyond the percolation threshold, cohesion is insensitive to patch configuration.  For applications, see Lee, Ellis, Kweon, & Hong, 2008; Tsai, Floyd, Leung, McHale, & Reich (2016).",Physical and Natural Environment,Natural Environment and Parks,BEC_v1.0,0,2178,2178,"Pending final cdbk review, default to not public"
0,no,0%,BECGSEDGDENDS,Edge density of greenspace patches,"Total edge of all greenspace patches, divided by the total are of the geographic unit. Unit: meters per hectare. Edge is the patch boundary separating greenspace from non-greenspace and does not include the boundary on the landscape boarder. Greenspace patches and total area are net of water bodies and exclude limited no observation areas in remote sensing images (due to cloud and shadow). This variable is calculated for L1UX using a 2017 greenspace map at 10 m resolution. Due to the large size of L1AD and L2, this variable is calculated using the same greenspace map resampled to 30 m resolution. For calculation and interpretation of this variable, refer to Edge density: BECEDGDENSLLLL >> Interpretation: Indicator of fragmentation and shape complexity. A higher value indicates, for the same total area of urban patches: (1) on average, there are likely to be more smaller patches, versus fewer larger patches, and (2) on average, patches have more complex shapes. For applications, see Boentje & Blinnikov (2007).",Physical and Natural Environment,Natural Environment and Parks,BEC_v1.0,0,2178,2178,"Pending final cdbk review, default to not public"
0,no,0%,BECGSMNNNGH,Mean Nearest Neighbor Distance of greenspace patches,"Mean distance (in meters) to the nearest greenspace patch within the geographic boundary. Greenspace patches are net of water bodies and exclude limited no observation areas in remote sensing images (due to cloud and shadow). This variable is calculated for L1UX using a 2017 greenspace map at 10 m resolution. Due to the large size of L1AD and L2, this variable is calculated using the same greenspace map resampled to 30 m resolution.  For calculation and interpretation of this variable, refer to Area-weighted Mean Nearest Neighbor Distance: BECAWMNNNGHLLLL and ignore the weights (w_k) >>> Interpretation: Indicator of isolation among patches of a similar class, a higher value indicates higher level of isolation. By weighting by patch size, larger urban patches have a higher influence in this weighted-average metric. For applications, see Boentje & Blinnikov (2007).",Physical and Natural Environment,Natural Environment and Parks,BEC_v1.0,0,2160,2160,"Pending final cdbk review, default to not public"
0,no,0%,BECGSMNSHPINDX,Mean shape index of greenspace patches,"Shape index is a ratio of the actual perimeter of a patch to the minimum perimeter possible for a maximally compact patch with the same size. Greenspace patches are net of water bodies and exclude limited no observation areas in remote sensing images (due to cloud and shadow). This variable is calculated for L1UX using a 2017 greenspace map at 10 m resolution. Due to the large size of L1AD and L2, this variable is calculated using the same greenspace map resampled to 30 m resolution. For calculation and interpretation of this variable, refer to Area-weighted mean shape index: BECAWMNSHPINDXLLLL and ignore the weights (w_k) >>> Interpretation: Shape index ranges from 1 to infinity, with 1 being the index for a patch that is maximally compact. A lower value indicates higher levels of compactness of each individual patch. By weighting by patch size, larger urban patches have a higher influence in this weighted-average metric. For applications, see Irwin & Bockstael (2007).",Physical and Natural Environment,Natural Environment and Parks,BEC_v1.0,0,2178,2178,"Pending final cdbk review, default to not public"
0,no,0%,BECGSNPTCH,Number of greenspace patches,"Number of contiguous areas of greenspace (greenspace patches hereafter). Greenspace patches are net of water bodies and exclude limited no observation areas in remote sensing images (due to cloud and shadow). This variable is calculated for L1UX using a 2017 greenspace map at 10 m resolution. Due to the large size of L1AD and L2, this variable is calculated using the same greenspace map resampled to 30 m resolution.  For calculation and interpretation of this variable, refer to Number of urban patches: BECNURBPTCHLLLL >>> Interpretation: Higher number of patches reflects fragmentation of urban expansion. For applications, see McCarty & Kaza (2015).",Physical and Natural Environment,Natural Environment and Parks,BEC_v1.0,0,2178,2178,"Pending final cdbk review, default to not public"
1,no,0%,BECGSPCT,Percentage of greenspace,"Total greenspace area divided by the land area of the geographic unit, and multiplied by 100. Greenspace area and land area  are net of water bodies and exclude limited no observation areas in remote sensing images (due to cloud and shadow). This variable is calculated for L1UX and L3 using a 2017 greenspace map at 10 m resolution. Due to the large size of L1AD and L2, this variable is calculated using the same greenspace map resampled to 30 m resolution. Special note for L3: due to the very small size of some L3 units and the potential need to aggregate adjacent L3s to create large units of analysis, we also provide both the numerator (BECTGSAREAL3) and denominator (land area used to calculate percentage of greenspace, BECGSPCTLANDL3) in the dataset. For more details on this aggregation issue, see Appendix 11. For calculation and interpretation of this variable, refer to Percentage of urban area: BECPCTURBANLLLL >>> Interpretation: Large value indicates a higher level of urbanization of the geographic unit. For applications, see Irwin & Bockstael (2007).",Physical and Natural Environment,Natural Environment and Parks,BEC_v1.0,0,54860,54860,"Pending final cdbk review, default to not public"
0,no,0%,BECGSPCTLAND,land area for calculating percentage of greenspace ,land area in hectares for calculating percentage of greenspace (denominator),Physical and Natural Environment,Natural Environment and Parks,BEC_v1.0,0,52682,52682,"Pending final cdbk review, default to not public"
0,no,0%,BECGSPTCHDENS,Greenspace patch density,"Number of greenspace patches divided by the total area of the geographic unit; Number urban of patches divided by the total area of  the geographic unit (in 100 hectares).  Unit: number of patches/hectare. Greenspace patches and total area are net of water bodies and exclude limited no observation areas in remote sensing images (due to cloud and shadow). This variable is calculated for L1UX using a 2017 greenspace map at 10 m resolution. Due to the large size of L1AD and L2, this variable is calculated using the same greenspace map resampled to 30 m resolution. For calculation and interpretation of this variable, refer to Patch density: BECPTCHDENSLLLL. Interpretation: Higher patch density reflects fragmentation of urban expansion. Examples of use in urban health: Irwin and Bockstael (2007)",Physical and Natural Environment,Natural Environment and Parks,BEC_v1.0,0,2178,2178,"Pending final cdbk review, default to not public"
1,yes,91%,BECHEV,Number of heavy vehicles,"Number of heavy vehicles per geographical unit (L1/L2 unit.). This includes buses, minibuses and sized trucks.",Physical and Natural Environment,Transportation,VehicleRegistration_v1.0,21780,2200,23980,""
0,yes,88%,BECHEVAMOUNT,Number of L2s with available data for heavy vehicles (BECHEV) measure,"Number of L2s with available data in that specific city (L1) and year for heavy vehicles (BECHEV) measures. In some cities, data is not availale for all sub-city (L2) units.",Physical and Natural Environment,Transportation,VehicleRegistration_v1.0,5103,700,5803,""
1,yes,91%,BECHEVCHANGE,Percent change in heavy vehicles (BECHEV) motorization rate,Percent change in heavy vehicles (BECHEV) motorization for 2010-2015 = (BECHEVRATE2015 –BECHEVRATE2010)/(BECHEVRATE2010). Only included in  for year 2015.,Physical and Natural Environment,Transportation,VehicleRegistration_v1.0,1124,110,1234,""
0,yes,88%,BECHEVCORRAMT,Expected number of L2s for heavy vehicles (BECHEV) measure,"Total number of subcities (L2) within city (L1). If there were no missing data, the is the number of subcities that should have data for heavy vehicles (BECHEV) measures. Compare this variable with BECCM_AMOUNTL2 to assess whether the BECHEV measures include data from all L2 units.",Physical and Natural Environment,Transportation,VehicleRegistration_v1.0,5103,700,5803,""
0,yes,91%,BECHEVPCTPOP,Percent of city (L1) population with available data for heavy vehicles (BECHEV) measures,Percent of city (L1) population with available data for heavy vehicles (BECHEV) measures as the sum of population of subcities (L2) with available data divided by total population of city (L1),Physical and Natural Environment,Transportation,VehicleRegistration_v1.0,4637,455,5092,""
0,yes,91%,BECHEVPOPADD,Total population for heavy vehicles (BECHEV) measures,Population value obtained by summing the population of the subcities (L2) with available data for heavy vehicles (BECHEV) measures,Physical and Natural Environment,Transportation,VehicleRegistration_v1.0,4637,455,5092,""
0,yes,91%,BECHEVPOPCORR,Expected population for heavy vehicles (BECHEV) measures,Expected population for heavy vehicles (BECHEV) measures as the sum of population for all subcity (L2) units within the city (L1),Physical and Natural Environment,Transportation,VehicleRegistration_v1.0,4637,455,5092,""
1,yes,93%,BECHEVRATE,Motorization rate for heavy vehicles (BECHEV),Motorization rate heavy vehicles (BECHEV) = (BECHEV/BECHEVPOPADD)*1000,Physical and Natural Environment,Transportation,VehicleRegistration_v1.0,19559,1430,20989,""
1,no,0%,BECMAXNDVINW,Maximum of annual maximum NDVI (water excluded),"Zonal (summary) statistics (e.g., maximum) of annual maximum Normalized Difference Vegetation Index (NDVI) in an area. NDVI is an indicator of vegetation ‘greenness’. NDVI ranges from -1 to 1, with higher values indicating more vegetated areas that are also greener (Currently available for L1AD, L1UX, L1XS, L2, and L3 units). For a detail introduction of definition and the calculation of NDVI, please refer to Appendix 4 of this document. Interpretation: Summary statistics (e.g., max ) of annual maximum NDVI values in effective urbanized area (excluding water and vegetation) with bias-corrections for cloud, heavy aerosols, and shadows. Large value reflects higher prevalence of vegetation, particularly greener vegetation. For applications, see Casey, James, Cushing, Jesdale, & Morello-Frosch (2017). Please see Appendix 4 for a more detailed introduction.",Physical and Natural Environment,Natural Environment and Parks,BEC_v1.0,0,1118401,1118401,"Pending final cdbk review, default to not public"
1,no,0%,BECMEDNDVINW,Median of annual maximum NDVI (water excluded),"Zonal (summary) statistics (e.g., median) of annual maximum Normalized Difference Vegetation Index (NDVI) in an area. NDVI is an indicator of vegetation ‘greenness’. NDVI ranges from -1 to 1, with higher values indicating more vegetated areas that are also greener (Currently available for L1AD, L1UX, L1XS, L2, and L3 units). For a detail introduction of definition and the calculation of NDVI, please refer to Appendix 4 of this document. Interpretation: Summary statistics (e.g., median) of annual maximum NDVI values in effective urbanized area (excluding water and vegetation) with bias-corrections for cloud, heavy aerosols, and shadows. Large value reflects higher prevalence of vegetation, particularly greener vegetation. For applications, see Casey, James, Cushing, Jesdale, & Morello-Frosch (2017). Please see Appendix 4 for a more detailed introduction.",Physical and Natural Environment,Natural Environment and Parks,BEC_v1.0,0,1118401,1118401,"Pending final cdbk review, default to not public"
0,no,0%,BECMINWAGE,Minimim wage,Value of minimum wage per country in USD. Interpretation: USD at 2017 September,Physical and Natural Environment,Transportation,BEC_v1.0,0,371,371,"Pending final cdbk review, default to not public"
1,yes,91%,BECMTRB,Number of motorbike vehicles,"Number of motorbike vehicles per geographical unit. This includes motorbikes, motorized tricycle and quadricycle and similar vehicle.",Physical and Natural Environment,Transportation,VehicleRegistration_v1.0,21776,2190,23966,""
0,yes,88%,BECMTRBAMOUNT,Number of L2s with available data for motorbike vehicles (BECMTRB) measure,"Number of L2s with available data in that specific city (L1) and year for motorbike vehicles (BECMTRB) measures. In some cities, data is not availale for all sub-city (L2) units.",Physical and Natural Environment,Transportation,VehicleRegistration_v1.0,5103,700,5803,""
1,yes,91%,BECMTRBCHANGE,Percent change in motorbike vehicles (BECMTRB) motorization rate,Percent change in motorbike vehicles (BECMTRB) motorization for 2010-2015 = (BECMTRBRATE2015 –BECMTRBRATE2010)/(BECMTRBRATE2010). Only included in  for year 2015.,Physical and Natural Environment,Transportation,VehicleRegistration_v1.0,1123,110,1233,""
0,yes,88%,BECMTRBCORRAMT,Expected number of L2s for motorbike vehicles (BECMTRB) measure,"Total number of subcities (L2) within city (L1). If there were no missing data, the is the number of subcities that should have data for motorbike vehicles (BECMTRB) measures. Compare this variable with BECCM_AMOUNTL2 to assess whether the BECMTRB measures include data from all L2 units.",Physical and Natural Environment,Transportation,VehicleRegistration_v1.0,5103,700,5803,""
0,yes,91%,BECMTRBPCTPOP,Percent of city (L1) population with available data for motorbike vehicles (BECMTRB) measures,Percent of city (L1) population with available data for motorbike vehicles (BECMTRB) measures as the sum of population of subcities (L2) with available data divided by total population of city (L1),Physical and Natural Environment,Transportation,VehicleRegistration_v1.0,4637,455,5092,""
0,yes,91%,BECMTRBPOPADD,Total population for motorbike vehicles (BECMTRB) measures,Population value obtained by summing the population of the subcities (L2) with available data for motorbike vehicles (BECMTRB) measures,Physical and Natural Environment,Transportation,VehicleRegistration_v1.0,4637,455,5092,""
0,yes,91%,BECMTRBPOPCORR,Expected population for motorbike vehicles (BECMTRB) measures,Expected population for motorbike vehicles (BECMTRB) measures as the sum of population for all subcity (L2) units within the city (L1),Physical and Natural Environment,Transportation,VehicleRegistration_v1.0,4637,455,5092,""
1,yes,93%,BECMTRBRATE,Motorization rate for motorbike vehicles (BECMTRB),Motorization rate motorbike vehicles (BECMTRB) = (BECMTRB/BECMTRBPOPADD)*1000,Physical and Natural Environment,Transportation,VehicleRegistration_v1.0,19557,1425,20982,""
0,no,0%,BECNBHDCENT,Distance to city center,"Measures distance to the center of Level 1 units (in km). (Applicable only to Level 2 and Level 3 units, currently available at L2 and L3 level). Interpretation: Measures the distance between each L2 and L3 unit’s centroid to L1 city center. A higher value indicates longer distance to the city center. For applications, see Chatman (2009).",Physical and Natural Environment,Urban Form Metrics,BEC_v1.0,0,57868,57868,"Pending final cdbk review, default to not public"
0,no,0%,BECNUMBRTUS,Number of BRT users,Measure of the BRT system demand (users per day). The Bus Rapid Transit is a bus-based public transport system designed to improve upon the capacity and reliability of a conventional bus system. A BRT system includes roadways specially designated as corridors for buses and stations for boarding. BRT aims to combine the capacity and speed of a metro and the flexibility and lower cost of a bus system. Interpretation: The number of BRT users (applicable only to L1_AD). A unit with higher values indicate that the BRT system transport more users. Year of data: September 2017,Physical and Natural Environment,Transportation,BEC_v1.0,0,1086,1086,"Pending final cdbk review, default to not public"
0,no,0%,BECNURBPTCH,Number of urban patches,"Number of contiguous areas of urban development (urban patches hereafter). (Currently available for L1AD, L1UX, L1XS and L2 units). Interpretation: Higher number of patches reflects fragmentation of urban expansion. For applications, see McCarty & Kaza (2015).",Physical and Natural Environment,Urban Landscape,BEC_v1.0,0,2549,2549,"Pending final cdbk review, default to not public"
0,no,0%,BECOPSTTSYSLNGTH,Open street system length,"Measure the open street or ciclovías system supply. The  Ciclovías Recreativas in Latin America, Open Streets in North America are programs where streets are open temporarily exclusively for people so they can enjoy safe, free space in their city for cycling, skating, walking, jogging or other activities. Interpretation: The total length in km of streets that are used for the Open Streets or Ciclovía program for recreational purposes (applicable only to L1_AD). A unit with higher values has a bigger open street system. Year of data: December 2017",Physical and Natural Environment,Transportation,BEC_v1.0,0,1113,1113,"Pending final cdbk review, default to not public"
1,yes,88%,BECOTHVR,Number of other vehicles,"Number of other vehicles per geographical unit. This includes only other motorized vehicles such as trailer, tractor, and streetcar.",Physical and Natural Environment,Transportation,VehicleRegistration_v1.0,12809,1798,14607,""
0,yes,84%,BECOTHVRAMOUNT,Number of L2s with available data for other vehicles (BECOTHVR) measure,"Number of L2s with available data in that specific city (L1) and year for other vehicles (BECOTHVR) measures. In some cities, data is not availale for all sub-city (L2) units.",Physical and Natural Environment,Transportation,VehicleRegistration_v1.0,3287,616,3903,""
1,yes,86%,BECOTHVRCHANGE,Percent change in other vehicles (BECOTHVR) motorization rate,Percent change in other vehicles (BECOTHVR) motorization for 2010-2015 = (BECOTHVRRATE2015 –BECOTHVRRATE2010)/(BECOTHVRRATE2010). Only included in  for year 2015.,Physical and Natural Environment,Transportation,VehicleRegistration_v1.0,586,93,679,""
0,yes,84%,BECOTHVRCORRAMT,Expected number of L2s for other vehicles (BECOTHVR) measure,"Total number of subcities (L2) within city (L1). If there were no missing data, the is the number of subcities that should have data for other vehicles (BECOTHVR) measures. Compare this variable with BECCM_AMOUNTL2 to assess whether the BECOTHVR measures include data from all L2 units.",Physical and Natural Environment,Transportation,VehicleRegistration_v1.0,3287,616,3903,""
0,yes,89%,BECOTHVRPCTPOP,Percent of city (L1) population with available data for other vehicles (BECOTHVR) measures,Percent of city (L1) population with available data for other vehicles (BECOTHVR) measures as the sum of population of subcities (L2) with available data divided by total population of city (L1),Physical and Natural Environment,Transportation,VehicleRegistration_v1.0,3266,405,3671,""
0,yes,89%,BECOTHVRPOPADD,Total population for other vehicles (BECOTHVR) measures,Population value obtained by summing the population of the subcities (L2) with available data for other vehicles (BECOTHVR)  measures,Physical and Natural Environment,Transportation,VehicleRegistration_v1.0,3266,405,3671,""
0,yes,89%,BECOTHVRPOPCORR,Expected population for other vehicles (BECOTHVR) measures,Expected population for other vehicles (BECOTHVR) measures as the sum of population for all subcity (L2) units within the city (L1),Physical and Natural Environment,Transportation,VehicleRegistration_v1.0,3266,405,3671,""
1,yes,91%,BECOTHVRRATE,Motorization rate for other vehicles (BECOTHVR),Motorization rate other vehicles (BECOTHVR) = (BECOTHVR/BECOTHVRPOPADD)*1000,Physical and Natural Environment,Transportation,VehicleRegistration_v1.0,12711,1195,13906,""
1,yes,91%,BECPAV,Number of passenger vehicles,"Number of passenger vehicles per geograpical unit. This includes car, sport utilitary vehicle (SUV), pick-up truck, light trucks, vans and similar vehicles.",Physical and Natural Environment,Transportation,VehicleRegistration_v1.0,21781,2200,23981,""
0,yes,88%,BECPAVAMOUNT,Number of L2s with available data for passenger vehicles (BECPAV) measure,"Number of L2s with available data in that specific city (L1) and year for passenger vehicles (BECPAV) measures. In some cities, data is not availale for all sub-city (L2) units.",Physical and Natural Environment,Transportation,VehicleRegistration_v1.0,5103,700,5803,""
1,yes,91%,BECPAVCHANGE,Percent change in passenger vehicles (BECPAV) motorization rate,Percent change in passenger vehicles (BECPAV) motorization for 2010-2015 = (BECPAVRATE2015 –BECPAVRATE2010)/(BECPAVRATE2010). Only included in  for year 2015.,Physical and Natural Environment,Transportation,VehicleRegistration_v1.0,1124,110,1234,""
0,yes,88%,BECPAVCORRAMT,Expected number of L2s for passenger vehicles (BECPAV) measure,"Total number of subcities (L2) within city (L1). If there were no missing data, the is the number of subcities that should have data for passenger vehicles (BECPAV) measures. Compare this variable with BECCM_AMOUNTL2 to assess whether the BECPAV measures include data from all L2 units.",Physical and Natural Environment,Transportation,VehicleRegistration_v1.0,5103,700,5803,""
0,yes,91%,BECPAVPCTPOP,Percent of city (L1) population with available data for passenger vehicles (BECPAV) measures,Percent of city (L1) population with available data for passenger vehicles (BECPAV) measures as the sum of population of subcities (L2) with available data divided by total population of city (L1),Physical and Natural Environment,Transportation,VehicleRegistration_v1.0,4637,455,5092,""
0,yes,91%,BECPAVPOPADD,Total population for passenger vehicles (BECPAV) measures,Population value obtained by summing the population of the subcities (L2) with available data for passenger vehicles (BECPAV) measures,Physical and Natural Environment,Transportation,VehicleRegistration_v1.0,4637,455,5092,""
0,yes,91%,BECPAVPOPCORR,Expected population for passenger vehicles (BECPAV) measures,Expected population for passenger vehicles (BECPAV) measures as the sum of population for all subcity (L2) units within the city (L1),Physical and Natural Environment,Transportation,VehicleRegistration_v1.0,4637,455,5092,""
1,yes,93%,BECPAVRATE,Motorization rate for passenger vehicles (BECPAV),Motorization rate passenger vehicles (BECPAV) = (BECPAV/BECPAVPOPADD)*1000,Physical and Natural Environment,Transportation,VehicleRegistration_v1.0,19560,1430,20990,""
0,no,0%,BECPAYCAPBRT,Payment capacity of BRT,"Measures the capacity of payment of a city in the BRT, according to the minimum wage (applicable only to L1_AD). The year of the minimum wage is from September of 2017 in USD. A unit with higher values indicates more expensive systems according to the minimum wage of each country. ",Physical and Natural Environment,Transportation,BEC_v1.0,0,1113,1113,"Pending final cdbk review, default to not public"
0,no,0%,BECPAYCAPSUB,Payment capacity of subway,"Measures the capacity of payment of a city in the Subway, according to the minimum wage (applicable only to L1_AD). The year of the minimum wage is from September of 2017 in USD. Interpretation: It is calculated as the ratio between price trip of subway*10 and minimum wage. A unit with higher values indicates more expensive systems according to the minimum wage of each country.",Physical and Natural Environment,Transportation,BEC_v1.0,0,1113,1113,"Pending final cdbk review, default to not public"
1,no,0%,BECPCTPERMWATER,Percent area covered by permanent water bodies,"Percent area covered by permanent water bodies (present in all months in a year) of a geographic unit in a year. Example of use: Völker & Kistemann, 2011",Physical and Natural Environment,Natural Environment and Parks,BEC_v1.0,0,1118720,1118720,"Pending final cdbk review, default to not public"
1,no,0%,BECPCTSEASONWATER,Percent area covered by seasonal water bodies,"Percent area covered by seasonal water bodies (present in some months in a year) of a geographic unit in a year. Example of use: Volker & Kistemann, 2011",Physical and Natural Environment,Natural Environment and Parks,BEC_v1.0,0,1118720,1118720,"Pending final cdbk review, default to not public"
1,no,0%,BECPCTURBAN,Percentage of urban area,"Total urban area divided by the total area of the geographic unit, and multiplied by 100. Ranges from 0 to 100. (Currently available for L1AD, L1UX, L1XS and L2 units). Interpretation: Large value indicates a higher level of urbanization of the geographic unit. For applications, see Irwin & Bockstael (2007).",Physical and Natural Environment,Urban Landscape,BEC_v1.0,0,2549,2549,"Pending final cdbk review, default to not public"
0,no,0%,BECPCTWATERAREA,total area for calculating percentage of blue space,total area in hectares for calculating percentage of blue space (denominator),Physical and Natural Environment,Natural Environment and Parks,BEC_v1.0,0,56432,56432,"Pending final cdbk review, default to not public"
1,no,0%,BECPERCAPCO2,Per capita carbon footprint.,"Per capita carbon (CO2) footprint of a geography. Examples of use: Moran (2018). Interpretation: total and per capita carbon emission (carbon footprint) in a geography based on national or subnational carbon footprint, the geography’s population, purchasing power and expenditure patterns. Higher values indicate greater carbon emissions, which may indicate more emissions of co-pollutants (e.g. NOx, SOx) and anthropogenic heat. Examples of use in urban health: Moran (2018). To get per capita carbon footprint, we first derived gridded population counts by dividing GGMCF’s total carbon footprint by its per capita carbon footprint. We then calculated total population in a geography using area-weighted sum as described earlier. We finally calculated a geography’s capita carbon footprint by dividing the geography’s total carbon footprint by its total population. Unit for per capita carbon footprint is tCO2/person (BECPERCAPCO2LLLL).",Physical and Natural Environment,Carbon Footprint,BEC_v1.0,0,2548,2548,"Pending final cdbk review, default to not public"
0,no,0%,BECPOPCONC,Population concentration,"Gini coefficient of population in all urban patches inside the geographic boundary. Measures the evenness of the distribution of population in units of 100m x 100m grid cells. Ranges from 0 (uniform population) to 1 (highly concentrated population). Population is adjusted for United Nations' country-level population projections. (Currently available for L1AD, L1UX, L1XS and L2 units. Note: the values of Panama and Peru have been set to null because of the low goodness-of-fit for the Worldpop models for these countries. Refer to Appendix 1 for a brief introduction of Worldpop.). Interpretation: Measures how evenly distributed is the population over the urban area. A higher value indicates an uneven distribution. Using adjusted and unadjusted population will generate the same values. For applications, see McCarty & Kaza (2015).",Physical and Natural Environment,Urban Form Metrics,BEC_v1.0,0,2220,2220,"Pending final cdbk review, default to not public"
1,no,0%,BECPOPDENS,Population density,"The population data is calculated as described above (BECTPOPYYYYLLLL). The administrative boundaries are provided by the Data & Methods Core. The urban area corresponds to BECTUAREALLLL (described later on), based on Global Urban Footprint (GUF) for L1AD, L1UX and L1UXS, and based on GUF and Facebook’s Population Density Maps for L2s. For L3, we used administrative area (BECADAREAL3) due to the small size of L3 areas and potential over-/under-estimation of urban footprint. Special note for L3: due to the very small size of some L3 units and the potential need to aggregate adjacent L3s into create large units of analysis, we provide both the numerator (BECTPOPYYYYL3) and denominator (total L3 area, BECADAREAL3) in the dataset. For more details on this aggregation issue, see Appendix 11. Interpretation: A higher value indicates a denser urban development pattern. For applications, see Bento, Cropper, Mobarak, & Vinha (2005), Frank, Andresen, & Schmid (2004), Galster et al. (2001), Clark, Millet, & Marshall (2011), Saelens, Sallis, & Frank (2003).",Physical and Natural Environment,Urban Form Metrics,BEC_v1.0,0,91382,91382,"Pending final cdbk review, default to not public"
1,no,0%,BECPRSAERTRAM,Presence of aerial tram,"Measure of the existence of Aerial tram system. The aerial tramway is based on the principle of cableways in sightseeing tours in alpine resorts. The aerial tramway is a type or aerial lift which uses one or two stationary support ropes and a third moving rope to move a cabin through a defined path. Interpretation: A binary variable indicating 1 if an Aerial tram system exists in the city, 0 in the other case (applicable to L1_AD, and L2, depending on the country and in the future for selected L3 units).  Year of data: December 2017",Physical and Natural Environment,Transportation,BEC_v1.0,0,2549,2549,"Pending final cdbk review, default to not public"
1,no,0%,BECPRSBRT,Presence of a BRT,"Measure the existence of a BRT system. The Bus Rapid Transit is a bus-based public transport system designed to improve upon the capacity and reliability of a conventional bus system. A BRT system includes roadways specially designated as corridors for buses and stations for boarding. BRT aims to combine the capacity and speed of a metro and the flexibility and lower cost of a bus system. Year of data: September 2017. Interpretation: A binary variable indicating 1 if a BRT system exists in the city, 0 in the other case. (Applicable to L1_AD and L2 depending on the country and in the future for selected level 3 units). ",Physical and Natural Environment,Transportation,BEC_v1.0,0,2549,2549,"Pending final cdbk review, default to not public"
1,no,0%,BECPRSSUBWAY,Presence of subway,"Measure of the existence of Subway system. The mass rapid transit, also known as heavy rail, metro or subway, is a type of high-capacity public transport. The subway systems are compounds of electrical railways that operate on an exclusive right-of-way which is often separated in tunnels or elevated railways. Interpretation: A binary variable indicating 1 if a Subway system exists in the city, 0 in the other case (applicable to L1_AD, and L2, depending on the country and in the future for selected L3 units). ",Physical and Natural Environment,Transportation,BEC_v1.0,0,2549,2549,"Pending final cdbk review, default to not public"
1,no,0%,BECPTCHDENS,Patch density,"Number of urban patches divided by the total area of the geographic unit (in 100 hectares). (Currently available for L1AD, L1UX, L1XS and L2 units) For applications, see Irwin & Bockstael (2007). Interpretation: Higher patch density reflects fragmentation of urban expansion. For applications, see Irwin & Bockstael (2007).",Physical and Natural Environment,Urban Landscape,BEC_v1.0,0,2549,2549,"Pending final cdbk review, default to not public"
0,no,0%,BECSLOPEAVE,Average slope in geographic unit.,"Average slope (degrees) in geographic unit. Examples of use: Keskinen, Rantakokko, Suomi, Rantanen, & Portegijs (2018)",Physical and Natural Environment,Natural Environment and Parks,BEC_v1.0,0,58979,58979,"Pending final cdbk review, default to not public"
0,no,0%,BECSLOPEMAX,Maximum slope in geographic unit.,"Maximum slope (degrees) in geographic unit. Examples of use: Keskinen, Rantakokko, Suomi, Rantanen, & Portegijs (2018). These measures are only for land areas, and we remove water bodies using a surface water product.  Interpretation: Summary statistics (maximum) of slope. Large value reflects more hilliness or more variations in hilliness. ",Physical and Natural Environment,Natural Environment and Parks,BEC_v1.0,0,58979,58979,"Pending final cdbk review, default to not public"
0,no,0%,BECSLOPEMEDIAN,Median slope in geographic unit.,"Median slope (degrees) in geographic unit. Slope is measured in degrees. These measures are only for land areas, and we remove water bodies using a surface water product. These measures are available for L1AD, L1XS, L1UX, L2, and L3. Examples of use: Keskinen, Rantakokko, Suomi, Rantanen, & Portegijs (2018). Interpretation: Large value reflects more hilliness or more variations in hilliness. ",Physical and Natural Environment,Natural Environment and Parks,BEC_v1.0,0,58979,58979,"Pending final cdbk review, default to not public"
0,no,0%,BECSLOPEMIN,Minimum slope in geographic unit.,"Minimum slope (degrees) in geographic unit. Slope is measured in degrees. These measures are only for land areas, and we remove water bodies using a surface water product. These measures are available for L1AD, L1XS, L1UX, L2, and L3. Interpretation: Large value reflects more hilliness or more variations in hilliness. ",Physical and Natural Environment,Natural Environment and Parks,BEC_v1.0,0,58979,58979,"Pending final cdbk review, default to not public"
0,no,0%,BECSLOPEP25,25th percentile of slope in geographic unit.,"25th percentile of slope (degrees) in geographic unit. Slope is measured in degrees. These measures are only for land areas, and we remove water bodies using a surface water product. These measures are available for L1AD, L1XS, L1UX, L2, and L3. Interpretation: Large value reflects more hilliness or more variations in hilliness. For applications, see Keskinen, Rantakokko, Suomi, Rantanen, & Portegijs (2018). 
",Physical and Natural Environment,Natural Environment and Parks,BEC_v1.0,0,58979,58979,"Pending final cdbk review, default to not public"
0,no,0%,BECSLOPEP75,75th percentile of slope in geographic unit.,"75th percentile of slope (degrees) in geographic unit. Slope is measured in degrees. These measures are only for land areas, and we remove water bodies using a surface water product. These measures are available for L1AD, L1XS, L1UX, L2, and L3. Examples of use: Keskinen, Rantakokko, Suomi, Rantanen, & Portegijs (2018).  Interpretation: Large value reflects more hilliness or more variations in hilliness.",Physical and Natural Environment,Natural Environment and Parks,BEC_v1.0,0,58979,58979,"Pending final cdbk review, default to not public"
0,no,0%,BECSLOPESTD,Standard deviation of slope in geographic unit.,"Standard deviation of slope (degrees) in geographic unit. Slope is measured in degrees. These measures are only for land areas, and we remove water bodies using a surface water product. These measures are available for L1AD, L1XS, L1UX, L2, and L3. Examples of use: Keskinen, Rantakokko, Suomi, Rantanen, & Portegijs (2018). Interpretation: Large value reflects more hilliness or more variations in hilliness.",Physical and Natural Environment,Natural Environment and Parks,BEC_v1.0,0,58979,58979,"Pending final cdbk review, default to not public"
1,no,0%,BECSTTP,Street design profiles,"Characterize the street design profiles designed by the finite mixture modelling approach. Interpretation: in the database the label of each profile is specified, and in the appendix section the description of each profile and a caption are provided. ",Physical and Natural Environment,Street Design,BEC_v1.0,0,370,370,"Pending final cdbk review, default to not public"
0,no,0%,BECSUBWAYLNGTH,Subway length,"Measure of the overall levels of subway supply. The mass rapid transit, also known as heavy rail, metro or subway, is a type of high-capacity public transport. The subway systems are compounds of electrical railways that operate on an exclusive right-of-way which is often separated in tunnels or elevated railways. Interpretation: The total length in km of Subway (applicable to L1_AD, and L2, depending on the country and in the future for selected L3 units). A unit with higher values has a bigger subway system. Year of data: December 2017",Physical and Natural Environment,Transportation,BEC_v1.0,0,2549,2549,"Pending final cdbk review, default to not public"
0,no,0%,BECSUBWAYPRCTRIP,Subway price trip,"Measure Subway transport services affordability. The mass rapid transit, also known as heavy rail, metro or subway, is a type of high-capacity public transport. The subway systems are compounds of electrical railways that operate on an exclusive right-of-way which is often separated in tunnels or elevated railways. Interpretation: The Subway price for one-way trip standard in USD (applicable only to L1_AD, because for the L2 cities it is the same). A unit with a higher travel price indicates a higher cost for the user per trip. Year of data: December 2017",Physical and Natural Environment,Transportation,BEC_v1.0,0,1107,1107,"Pending final cdbk review, default to not public"
0,no,0%,BECSUPBIKEFAC,Supply of Bike Facilities,"Measure the offer of km of Bike facilities. Bicycle facilities is a public infrastructure and other areas aimed at the exclusive or shared use of bicycles. This can be an exclusive lane of a public road or an independent way where bicycles can transit. Year of data: December 2017. Interpretation: It is calculated as the ratio between bike facilities system length and population unadjusted (applicable for L1_AD and L2 cities). A unit with higher values of supply of bicycle lanes indicates the presence of a system with greater capacity for attention to the population. 
",Physical and Natural Environment,Transportation,BEC_v1.0,0,308,308,"Pending final cdbk review, default to not public"
0,no,0%,BECSUPBRT,Supply of BRT,Measure the supply of BRT (in km) per person. The Bus Rapid Transit is a bus-based public transport system designed to improve upon the capacity and reliability of a conventional bus system. A BRT system includes roadways specially designated as corridors for buses and stations for boarding. BRT aims to combine the capacity and speed of a metro and the flexibility and lower cost of a bus system. Year of data: September 2017. Interpretation: It is calculated as the ratio between BRT system length and total population (applicable for L1_AD and L2 cities). A unit with higher values of supply of BRT indicates the presence of a system with greater capacity for attention to the population. ,Physical and Natural Environment,Transportation,BEC_v1.0,0,2523,2523,"Pending final cdbk review, default to not public"
0,no,0%,BECSUPSUB,Supply of subway,"Measures the subway length per capita. The mass rapid transit, also known as heavy rail, metro or subway, is a type of high-capacity public transport. The subway systems are compounds of electrical railways that operate on an exclusive right-of-way which is often separated in tunnels or elevated railways. Interpretation: It is calculated as the ratio between subway system length and population unadjusted (applicable for L1_AD and L2 cities). A unit with higher values of supply of subway indicates the presence of a system with greater capacity for attention to the population. Year of data: December 2017",Physical and Natural Environment,Transportation,BEC_v1.0,0,2523,2523,"Pending final cdbk review, default to not public"
1,no,0%,BECTGSAREA,Total greenspace area,"Total area (in hectares) of grid cells classified as greenspace inside the geographic boundary. Greenspace excludes water bodies and limited no observation areas in remote sensing images (due to cloud and shadow). This variable is calculated for L1UX and L3 using a 2017 greenspace map at 10 m resolution. Due to the large size of L1AD and L2, this variable is calculated using the same greenspace map resampled to 30 m resolution. For calculation and interpretation of this variable, refer to Total urban area: BECTUAREALLLL>>>  Effective urbanized area, net of water, forest. Large value reflects higher level of urban expansion. For applications, see Boentje & Blinnikov(2007)and McCarty & Kaza (2015).",Physical and Natural Environment,Natural Environment and Parks,BEC_v1.0,0,55228,55228,"Pending final cdbk review, default to not public"
1,no,0%,BECTOTCO2,Total carbon footprint.,"Total carbon (CO2) footprint of a geography. Example of use: Moran (2018). Unit for total carbon footprint is ktCO2 (1kt = 1000 ton). Interpretation: total carbon emission (carbon footprint) in a geography based on national or subnational carbon footprint, the geography’s population, purchasing power and expenditure patterns. Higher values indicate greater carbon emissions, which may indicate more emissions of co-pollutants (e.g. NOx, SOx) and anthropogenic heat.",Physical and Natural Environment,Carbon Footprint,BEC_v1.0,0,2549,2549,"Pending final cdbk review, default to not public"
1,yes,91%,BECTOTVR,Number of total registered motorized vehicles,Number of total registered motorized vehicles per geographical unit.,Physical and Natural Environment,Transportation,VehicleRegistration_v1.0,21781,2200,23981,""
0,yes,88%,BECTOTVRAMOUNT,Number of L2s with available data for total registered motorized vehicles (BECTOTVR) measure,"Number of L2s with available data in that specific city (L1) and year for total registered motorized vehicles (BECTOTVR) measures. In some cities, data is not availale for all sub-city (L2) units.",Physical and Natural Environment,Transportation,VehicleRegistration_v1.0,5103,700,5803,""
1,yes,91%,BECTOTVRCHANGE,Percent change in total registered motorized vehicles (BECTOTVR) motorization rate,Percent change in total registered motorized vehicles (BECTOTVR) motorization for 2010-2015 = (BECTOTVRRATE2015 –BECTOTVRRATE2010)/(BECTOTVRRATE2010). Only included in  for year 2015.,Physical and Natural Environment,Transportation,VehicleRegistration_v1.0,1124,110,1234,""
0,yes,88%,BECTOTVRCORRAMT,Expected number of L2s for total registered motorized vehicles (BECTOTVR) measure,"Total number of subcities (L2) within city (L1). If there were no missing data, the is the number of subcities that should have data for total registered motorized vehicles (BECTOTVR) measures. Compare this variable with BECCM_AMOUNTL2 to assess whether the BECTOTVR measures include data from all L2 units.",Physical and Natural Environment,Transportation,VehicleRegistration_v1.0,5103,700,5803,""
0,yes,91%,BECTOTVRPCTPOP,Percent of city (L1) population with available data for total registered motorized vehicles (BECTOTVR) measures,Percent of city (L1) population with available data for total registered motorized vehicles (BECTOTVR) measures as the sum of population of subcities (L2) with available data divided by total population of city (L1),Physical and Natural Environment,Transportation,VehicleRegistration_v1.0,4637,455,5092,""
0,yes,91%,BECTOTVRPOPADD,Total population for total registered motorized vehicles (BECTOTVR) measures,Population value obtained by summing the population of the subcities (L2) with available data for total registered motorized vehicles (BECTOTVR) measures,Physical and Natural Environment,Transportation,VehicleRegistration_v1.0,4637,455,5092,""
0,yes,91%,BECTOTVRPOPCORR,Expected population for total registered motorized vehicles (BECTOTVR) measures,Expected population for total registered motorized vehicles (BECTOTVR) measures as the sum of population for all subcity (L2) units within the city (L1),Physical and Natural Environment,Transportation,VehicleRegistration_v1.0,4637,455,5092,""
1,yes,93%,BECTOTVRRATE,Motorization rate for total registered motorized vehicles (BECTOTVR),Motorization rate total registered motorized vehicles (BECTOTVR) = (BECTOTVR/BECTOTVRPOPADD)*1000,Physical and Natural Environment,Transportation,VehicleRegistration_v1.0,19560,1430,20990,""
0,no,0%,BECTPERMWATERAREA,total area of permanent water bodies,Area in hectares covered by permanent water bodies (present in all months in a year) of a geographic unit in a year. ,Physical and Natural Environment,Natural Environment and Parks,BEC_v1.0,0,1072208,1072208,"Pending final cdbk review, default to not public"
0,no,0%,BECTPOP,Total population,"Total population within the administrative boundary. Population is adjusted for United Nations’ country-level population projections. (Currently available for L1AD, L1UX, L1XS, L2, and L3 units, with available years vary by country and geographic unit, see Table 1). 
Interpretation: A higher value indicates more people residing in the unit. For applications, see McCarty & Kaza (2015).",Physical and Natural Environment,Urban Form Metrics,BEC_v1.0,0,91382,91382,"Pending final cdbk review, default to not public"
0,no,0%,BECTSEASONWATERAREA,total area of permanent water bodies,Area in hectares covered by seasonal water bodies (present in some months in a year) of a geographic unit in a year. ,Physical and Natural Environment,Natural Environment and Parks,BEC_v1.0,0,1072208,1072208,"Pending final cdbk review, default to not public"
0,no,0%,BECTUAREA,Total urban area,"Total area (in hectares) of 30m x 30m grid cells classified as urbanized inside the geographic boundary (currently available for L1AD, L1UX, L1UXS and L2). Interpretation: Effective urbanized area, net of water, forest. Large value reflects higher level of urban expansion. For applications, see Boentje & Blinnikov(2007)and McCarty & Kaza (2015).",Physical and Natural Environment,Urban Landscape,BEC_v1.0,0,2549,2549,"Pending final cdbk review, default to not public"
1,no,0%,BECURBLANDP,Urban landscape profiles,Characterize the urban landscape profiles designed by the finite mixture modelling approach. Interpretation: in the database is specified the label of each profile and in the appendix section is available the description of each profile and a caption. ,Physical and Natural Environment,Urban Landscape,BEC_v1.0,0,370,370,"Pending final cdbk review, default to not public"
1,yes,95%,BTHBIRTHS,Number of births,Number of births,Demographics,Birth/Fertility,BTH_v1.0,90351,5148,95499,""
1,yes,93%,CDR,Crude mortality rate,"Crude mortality rate expressed as per 1,000 population",Mortality,Mortality Rates,MR_allcause_v2.0,19779,1584,21363,""
1,yes,100%,CNSCROWD25BR,"Overcrowding, bedrooms",Percentage of households with more than 2.5 people per bedroom. ,"Social, Economic, and Services Environment",Housing and Infrastructure,SEC_Census_v1.0,23807,0,23807,""
1,yes,100%,CNSCROWD3RM,"Overcrowding, rooms",Percentage of households with more than 3 people per room. ,"Social, Economic, and Services Environment",Housing and Infrastructure,SEC_Census_v1.0,52537,0,52537,""
1,yes,100%,CNSEMPRAT,"Unemployment, female to male ratio",Ratio of the female (15 years of age and older) unemployment rate to the male (15 years of age and older) unemployment rate.,"Social, Economic, and Services Environment",Gender Equity; Economy,SEC_Census_v1.0,85790,0,85790,""
1,yes,100%,CNSFLOOR,Finished floors,"Percentage of dwellings with finished floors. Finished floors include any material that is not any type of earth (dirt, sand, or loose brick).","Social, Economic, and Services Environment",Housing and Infrastructure,SEC_Census_v1.0,83082,0,83082,""
1,yes,100%,CNSFM,Proportion of women formally married among all women ages 15 to 17,Proportion of women 15 to 17 formally married among all women ages 15 to 17,"Social, Economic, and Services Environment",Gender Equity,SEC_marriage_v1.0,1791,0,1791,""
1,yes,100%,CNSFMARBF18,Proportion of women formally married among all married women,Proportion of women 15 to 17 formally married among all married women,"Social, Economic, and Services Environment",Gender Equity,SEC_marriage_v1.0,1791,0,1791,""
1,yes,90%,CNSGIIV1,Gender inequality index (GII),"This measure was adapted from the Gender Inequality Index developed by the United Nations Development Fund (UNDP), which uses country-level data to characterize three dimensions: health (maternal mortality and adolescent birth rates), empowerment (education and government), and the labor market (labor force participation). This index is a measure of the loss in potential human development due to inequality between women and men in these three dimensions. It ranges from 0, indicating a context where women and men fare equally, to 1, indicating a context in which one gender fares poorly compared to the other in all measured dimensions. For SALURBAL cities, we adapted the index to capture gender-based disadvantage and created 2 versions, one including the three dimensions and the other one including only two dimensions: empowerment and the labor market. This is the verion using all three dimentions. It was constructed using city level data from vital registrations and population projections, census: % female and male labor force participation, % female and male population 25+ with at least high school education, and the % women and men in mayoral positions in the government for the period of 2010-2015 obtained from different sources for each country.  To construct the index, we followed the formulas described by UNDP.","Social, Economic, and Services Environment",Gender Equity,wescores_v1.0,310,33,343,""
1,yes,100%,CNSGIIV2,Gender inequality index (GII) without health component,"This measure was adapted from the Gender Inequality Index developed by the United Nations Development Fund (UNDP), which uses country-level data to characterize three dimensions: health (maternal mortality and adolescent birth rates), empowerment (education and government), and the labor market (labor force participation). This index is a measure of the loss in potential human development due to inequality between women and men in these three dimensions. It ranges from 0, indicating a context where women and men fare equally, to 1, indicating a context in which one gender fares poorly compared to the other in all measured dimensions. For SALURBAL cities, we adapted the index to capture gender-based disadvantage and created 2 versions, one including the three dimensions and the other one including only two dimensions: empowerment and the labor market. This is the verion using two dimentions. It was constructed using city level data from vital registrations and population projections, census: % female and male labor force participation, % female and male population 25+ with at least high school education, and the % women and men in mayoral positions in the government for the period of 2010-2015 obtained from different sources for each country.  To construct the index, we followed the formulas described by UNDP.","Social, Economic, and Services Environment",Gender Equity,wescores_v1.0,370,0,370,""
1,yes,100%,CNSHSEDRAT,"Completed secondary education, female to male ratio",Ratio of the female population aged 25 or older who completed secondary education or above to the male population aged 25 or older who completed secondary education or above.,"Social, Economic, and Services Environment",Gender Equity; Education,SEC_Census_v1.0,59849,0,59849,""
1,yes,100%,CNSLABPART,Labor force participation,Percentage of the working-age population 15 years of age or older who participate in the labor force. (Employed + Unemployed)/(Total working age population). ,"Social, Economic, and Services Environment",Economy,SEC_Census_v1.0,275667,0,275667,""
1,yes,100%,CNSLABPROP,Female labor force,Percentage of the female labor force (15 years of age and older) among the total labor force.,"Social, Economic, and Services Environment",Gender Equity; Economy,SEC_Census_v1.0,91891,0,91891,""
1,yes,100%,CNSLABRAT,"Labor force participation, female to male ratio",Ratio of the female (15 years of age and older) labor force participation rate to the male (15 years of age and older) labor force participation rate.,"Social, Economic, and Services Environment",Gender Equity; Economy,SEC_Census_v1.0,91846,0,91846,""
0,yes,100%,CNSMIGRFORBORN,Foreign born,Foreign born as defined as the proportion of the current population that was born in a different country.,Demographics,Migration,SEC_MIGRATION_v1.0,2255,0,2255,""
0,yes,100%,CNSMIGRINFOR,External migration (proportion of the current population that lived in a different country 5 years ago),External migration into the city (L1AD) or sub-city (L2) in last 5 years defined as the proportion of the current population that lived in a different country 5 years ago.,Demographics,Migration,SEC_MIGRATION_v1.0,2255,0,2255,""
0,yes,100%,CNSMIGRININT,Internal migration (rural and urban-to-urban) in last 5 years,Internal migration (rural and urban-to-urban) into the city (L1AD) or sub-city (L2) in last 5 years defined as the proportion of the current population that lived elsewhere in the same country 5 years ago.,Demographics,Migration,SEC_MIGRATION_v1.0,2255,0,2255,""
0,yes,100%,CNSMIGRININTR,Internal migration (rural-to-urban) in last 5 years ,Internal migration (rural-to-urban) into the city (L1AD) or sub-city (L2) in last 5 years defined as the proportion of the current population that lived in NON-SALURBAL (rural) areas of the same country 5 years ago.,Demographics,Migration,SEC_MIGRATION_v1.0,2255,0,2255,""
0,yes,100%,CNSMIGRININTU,Internal migration (urban-to-urban) in last 5 years ,Internal migration (urban-to-urban) into the city (L1AD) or sub-city (L2) last 5 years defined as the proportion of the current population that lived in other SALURBAL areas of the same country 5 years ago.,Demographics,Migration,SEC_MIGRATION_v1.0,2255,0,2255,""
0,yes,100%,CNSMIGRINTOTAL,All migration (internal and external) in last 5 years.,All migration into the city (L1AD) or sub-city (L2) (internal and external) in last 5 years defined as the proportion of the current population that lived elsewhere 5 years ago. Internal refers to  migration from elsewhere in the country. External refer to migration from outside the country.,Demographics,Migration,SEC_MIGRATION_v1.0,2255,0,2255,""
0,yes,100%,CNSMIGROUTINT,Out migration within the same country (urban-to-urban and rural) in last 5 years ,"Out migration within the same country (urban-to-urban and rural) in last 5 years defined as the proportion of the current population that moved out of the city (L1AD) or sub-city (L2) to other parts of the country (whether urban or rural) in the past 5 years. Note that this is technically not a proportion, as the numerator (people moving out) are not included in the denominator (current population). ",Demographics,Migration,SEC_MIGRATION_v1.0,2255,0,2255,""
0,yes,100%,CNSMIGROUTINTR,Out migration within the same country (urban-to-rural) in last 5 years ,"Out migration within the same country (urban-to-rural) in last 5 years defined as the proportion of the current population that moved out of the city (L1AD) or sub-city (L2) to non-SALURBAL areas within the country in the past 5 years. Note that this is technically not a proportion, as the numerator (people moving out) are not included in the denominator (current population).",Demographics,Migration,SEC_MIGRATION_v1.0,2255,0,2255,""
0,yes,100%,CNSMIGROUTINTU,Out migration within the same country (urban-to-urban) in last 5 years,"Out migration within the same country (urban-to-urban) in last 5 years defined as the proportion of the current population that moved out of the city (L1AD) or sub-city (L2) to other SALURBAL areas within the country in the past 5 years. Note that this is technically not a proportion, as the numerator (people moving out) are not included in the denominator (current population).",Demographics,Migration,SEC_MIGRATION_v1.0,2255,0,2255,""
1,yes,100%,CNSMINHS,Completed secondary education,"Percentage of the population aged 25 or older who completed secondary education or above. In general, completed secondary is considered to be attained at 12 years of education.","Social, Economic, and Services Environment",Education,SEC_Census_v1.0,180438,0,180438,""
1,yes,100%,CNSMINPR,Completed primary education,"Percentage of the population aged 25 or older who completed primary education or above. In general, completed primary is considered to be attained at 6 years of education. ","Social, Economic, and Services Environment",Education,SEC_Census_v1.0,275679,0,275679,""
1,yes,100%,CNSMINUN,Completed university education,"Percentage of the population aged 25 or older who completed university education or above. In general, completed university is considered to be attained at 4 years of university education or above. ","Social, Economic, and Services Environment",Education,SEC_Census_v1.0,169512,0,169512,""
1,yes,100%,CNSNFM,Proportion of women formally/non-formally married among all women ages 15 to 17,Proportion of women 15 to 17 formally or non-formally married among all women ages 15 to 17,"Social, Economic, and Services Environment",Gender Equity,SEC_marriage_v1.0,1074,0,1074,""
1,yes,100%,CNSNFMARBF18,Proportion of women formally/ non-formally married among all married women,Proportion of women 15 to 17 formally or non-formally married among all married women,"Social, Economic, and Services Environment",Gender Equity,SEC_marriage_v1.0,1074,0,1074,""
0,yes,100%,CNSPOP,Census population,Population count.,"Social, Economic, and Services Environment",Population,SEC_Census_v1.0,139065,0,139065,""
1,yes,93%,CNSSE1,Living conditions score,"Captures factors related to poverty and general living conditions. This score includes three variables: (1) the percentage of household with piped water inside the dwelling as a marker of living conditions; (2) the percentage of households with overcrowding (defined as more than 3 people per room, excluding kitchen and bathroom); and (3) the percentage of population aged 15-17 attending school. The latter variable is included because low school attendance among adolescents has been linked to poverty and early participation in the labor market, as well as exclusion from productive systems.  The score was created by summing the Z-scores for each component variable. Z-scores were created based on the distributions of all cities (L1AD) or all sub-cities (L2). For the construction of the score, we reverse coded the overcrowding indicator so higher score values signify better living conditions and lower poverty levels. ","Social, Economic, and Services Environment",Education;Housing and Infrastructure;Income/Poverty,SEC_INDEXSCORES_v1.0,3562,248,3810,""
1,yes,94%,CNSSE2,Service provision score,"Refers to services that cities provide to dwellings. This score includes two variables: (1) the percentage of households with access to water source from a municipal public or private water network, and (2) the percentage of households with sewage system connected to a municipal public or private sewage network. The score was created by summing the Z-scores for each variable. Z-scores were created based on the distributions of all cities (L1AD) or all sub-cities (L2). Higher score values signify better service provision in cities. ","Social, Economic, and Services Environment",Housing and Infrastructure,SEC_INDEXSCORES_v1.0,3697,248,3945,""
1,yes,94%,CNSSE3,Population educational attainment score,"Refers to educational achievement in the overall population. We used aggregated data from individual level of education to retrieve (1) the percentage of population age 25 or above that has completed high school level or above, and (2) the percentage of population age 25 or above that completed university level or above. The score was created by summing the Z-scores for each variable. Z-scores were created based on the distributions of all cities (L1AD) or all sub-cities (L2). Higher score values signify better educational achievement in the population.","Social, Economic, and Services Environment",Education,SEC_INDEXSCORES_v1.0,3799,248,4047,""
1,yes,93%,CNSSEI,Social environment index ,"This index aims to summarize the domains of education, water acces, sanitation and overcrowding. For its construction, one measure from each of the four domains of education (proportion of the population aged 25 or older who completed primary education or above), water access (proportion of households with piped water access inside the dwelling), sanitation (proportion of households connected to a public sewage network), and overcrowding (proportion of households with more than 3 people per room) was selected. Each measure was transformed into a Z-score using the mean and standard deviation from the census data. Overcrowding was reverse coded such that the direction of all measures indicate a better social environment. The four measures were summed then divided by 4 assuming equal weights for all four measures.  This index was developed using data for cities (L1AD), the same method was applied to create the index at sub-city (L2) level. The higher the index the best social environment.","Social, Economic, and Services Environment",Education; Housing and Infrastructure,SEC_INDEXSCORES_v1.0,3562,248,3810,""
1,yes,100%,CNSSEWANY,Any sewage connection,"Percentage of households connected to a sewage system of any type. A sewage connection includes a connection to a sewage system or a septic tank. The absence of a sewage connection includes non-sanitary pit latrines, disposal in natural bodies of water, or others.","Social, Economic, and Services Environment",Housing and Infrastructure,SEC_Census_v1.0,136270,0,136270,""
1,yes,100%,CNSSEWNET,Sewage network connection,Percentage of households connected to a sewage network.,"Social, Economic, and Services Environment",Housing and Infrastructure,SEC_Census_v1.0,100885,0,100885,""
1,yes,100%,CNSST,School attendance,Percentage of the population aged 15 to 17 years attending school.,"Social, Economic, and Services Environment",Education,SEC_Census_v1.0,269752,0,269752,""
1,yes,100%,CNSSTRAT,"School attendance, female to male ratio",Ratio of the proportion of the female population aged 15 to 17 attending school to the proportion of the male population aged 15 to 17 attending school.,"Social, Economic, and Services Environment",Gender Equity; Education,SEC_Census_v1.0,88016,0,88016,""
1,yes,100%,CNSUNEMP,Unemployment,"Percentage of the labor force (15 years of age and older) who are unemployed and are actively seeking employment, unemployment rate. (Unemployed)/(Employed + Unemployed)","Social, Economic, and Services Environment",Economy,SEC_Census_v1.0,274884,0,274884,""
1,yes,100%,CNSWA1,Labor Force Women’s Achievement (or women's achievement score 1),"The variable captures factors related to employment and marriage. This score includes two variables: 1) % of women in the labor force, 2) % women 15-17 married among the female 15-17 population.  For the construction of the score, we reverse coded the marriage indicator so higher score values signify higher achievements. A higher value indicates higher achievement among women. The variable uses census measures: The labor force participation rate among the female population 15 years or above and the proportion of females aged 15-17 who were married among the total female population ages 15 to 17 (reverse coded). Women's achievement scores were derived from a principle components analysis.","Social, Economic, and Services Environment",Gender Equity,wescores_v1.0,366,0,366,""
1,yes,100%,CNSWA2,Education Women’s Achievement   (or women's achievement score 2),"The variable captures factors related to women’s education. It includes 2 indicators: 1) % women ages 25+ with at least high school education (Proportion of the female population aged 25 or older who completed secondary education or above), 2) % women ages 25+ with at least university education (Proportion of the female population aged 25 or older who completed university education or above). A higher value indicates higher education among women. This version of Education Woman’s Achievement includes all L1ADs where census measures are available and the z-scores are created using the mean and standard deviation of the whole sample. Women's achievement scores were derived from a principle components analysis.","Social, Economic, and Services Environment",Gender Equity,wescores_v1.0,366,0,366,""
1,yes,100%,CNSWA3,Health Care Women’s Achievement (or women's achievement score 3),"The variable refers to health care for women. This score is only available for a limited number of countries (Argentina, Brazil, Chile, and Mexico). We estimated the prevalence of women ages 25 to 49 with a pap test in the last 3 years and the prevalence of women 50 to 49 with a mammogram in the last 2 years. These measures were used as indicators for health care for women.  A higher value indicates better health care among women. Women's achievement scores were derived from a principle components analysis.","Social, Economic, and Services Environment",Gender Equity,wescores_v1.0,129,0,129,""
1,yes,100%,CNSWAH1,Labor Force Women’s achievement with health care indictors ,"The variable captures factors related to employment, marriage, and health care indicators. This score includes four variables: 1) % of women in the labor force, 2) % women 15-17 married among the female 15-17 population, 3) % women 25 to 49 with a pap test in the last 3 years, and 4) % women 50 to 79 with a mammogram in the last 2 years. For the construction of the score, we reverse coded the marriage indicator so higher score values signify higher achievements. A higher value indicates higher achievement. This score is available in Argentina, Brazil, Chile, and Mexico. Women's achievement scores were derived from a principle components analysis.","Social, Economic, and Services Environment",Gender Equity,wescores_v1.0,129,0,129,""
1,yes,100%,CNSWAH2,Education Women’s achievement excluding countries without health care data,"the variable captures factors related to women’s education standardized only to the countries where health care indicators are available. It includes 2 indicators: 1) % women ages 25+ with at least high school education, 2) % women ages 25+ with at least university education. This version uses the same variables as the Woman’s Achievements score 2 (CNSWA2L1AD) with the only difference being that this version creates Z scores for the score components using only the countries with health care data (Argentina, Brazil, Chile, and Mexico). This variable is created by standardizing education variables to the distribution of the L1ADs with health care measures available. Women's achievement scores were derived from a principle components analysis.","Social, Economic, and Services Environment",Gender Equity,wescores_v1.0,129,0,129,""
1,yes,100%,CNSWALLDUR1,"Walls, durable materials","Percentage of dwellings with exterior walls mostly composed of durable materials. Durable materials include masonry, stone, cement, adobe, metal, glass, and other fabricated materials (sometimes mixed with wood).","Social, Economic, and Services Environment",Housing and Infrastructure,SEC_Census_v1.0,23763,0,23763,""
1,yes,100%,CNSWALLDUR2,"Walls, masonry type materials","Percentage of dwellings with exterior walls mostly made of brick, stone, concrete, cement and/or similar materials. Walls made of adobe materials are excluded due to variations in how adobe is defined across countries.","Social, Economic, and Services Environment",Housing and Infrastructure,SEC_Census_v1.0,23763,0,23763,""
1,yes,100%,CNSWALLDUR3,"Walls, country-defined durable",Percentage of all dwellings with exterior walls made of materials that the country has defined as durable. Individual country wall durability definitions are based on descriptions used by the respective national statistics agency.  ,"Social, Economic, and Services Environment",Housing and Infrastructure,SEC_Census_v1.0,23763,0,23763,""
1,yes,100%,CNSWATIN,Indoor piped water,Percentage of households with piped water access inside the dwelling.,"Social, Economic, and Services Environment",Housing and Infrastructure,SEC_Census_v1.0,48708,0,48708,""
1,yes,100%,CNSWATNET,Water network,Percentage of households with water from a public or private water network.,"Social, Economic, and Services Environment",Housing and Infrastructure,SEC_Census_v1.0,104845,0,104845,""
1,yes,100%,CNSWATPIPE,Piped water,"Percentage of households with piped water. Piped water includes all piped water, regardless of whether the water is within or outside the dwelling and property. The water connection may also be exclusive or shared between households. Piped water may not always be from potable sources.","Social, Economic, and Services Environment",Housing and Infrastructure,SEC_Census_v1.0,56198,0,56198,""
1,yes,100%,CNSWE1,Women’s empowerment score 1- Labor force participation,"The variable refers to women’s participation in the labor force depicting some aspect of women’s socio-economic position.  Since it includes the relation of female to male in educational attainment and in labor force participation, it is also accounting for gender inequalities in education and labor market that have been described as relevant in low- and middle-income countries.It includes the following indicators: ratio female/ male in population aged 25 and over with high school level or above; ratio female/ male in population aged 25 or above with complete university or above; labor force participation among women; and ratio female/male in labor force participation. Higher score values signify greater participation of women in labor force and greater education of women relative to men. Women's empowerment scores were derived from a principle components analysis.","Social, Economic, and Services Environment",Gender Equity,wescores_v1.0,371,0,371,""
1,yes,100%,CNSWE2,Women’s empowerment score 1 -Educational attainment,This variable refers to the level of educational attainment among women and was used as a measure of differences within women. It includes: % female population with at least complete high school among female population aged 25 years or above; and % of female population with complete university or above among female population aged 25 years or above. Higher score values signify greater education achievement among women. Women's empowerment scores were derived from a principle components analysis.,"Social, Economic, and Services Environment",Gender Equity,wescores_v1.0,371,0,371,""
1,yes,90%,DTHDEATHS,Number of deaths,Number of all-cause deaths,Mortality,Mortality Counts,DTH_v2.0,198977,21391,220368,""
1,yes,92%,DTHRED1DEATHS,"Number of deaths with redistributed ill-defined, GHE Tier 1 cause of death","Number of deaths in the geographic region, age, year, male and cause of death combination with redistributed ill-defined.",Mortality,Mortality Counts,DTHRED1_v2.0,142632,13152,155784,""
1,yes,87%,DTHRED2DEATHS,"Number of deaths with redistributed ill-defined, GHE Tier 2 cause of death","Number of deaths in the geographic region, age, year, male and cause of death combination with redistributed ill-defined.",Mortality,Mortality Counts,DTHRED2_v2.0,88441,13063,101504,""
1,yes,84%,LEALE,Life Expectancy,"Estimated life expectancy at given age, sex at a given geographic area.",Mortality,Life Expectancy,LEMEDIAN_L1_v1.0,11628,2280,13908,""
1,yes,85%,LEALESAMPLE,Sex-specific life expectancy,Estimated sex-specific life expectancy at the age specified by LEAGE,Mortality,Life Expectancy,LE_L1_v1.0,42306,7694,50000,""
1,yes,100%,POLFEMELECT,Percent women elected as mayor within city,Percent subcities (or municipalities in Argentina) within a city (L1AD) that have a female elected as mayor in the last known election between 2010-2014 and by 2015 or 2017 for Argentina and by 2015 for Peru,"Social, Economic, and Services Environment",Gender Equity,WomenPP_v1.0,368,0,368,""
0,yes,100%,POLNFEMELECT,Number of subcity (L2) units to calculate POLFEMELECT,Number of subcity (L2) units (or municipalities aggregated up to L1AD in Argentina) used to cal-culate the percent women elected as mayor.,"Social, Economic, and Services Environment",Gender Equity,WomenPP_v1.0,370,0,370,""
0,yes,100%,POLNSEX,Number of municipalities to calculate POLSEX ,Number of municipalities aggregated up to subcities (L2) in Argentina (used to calculate the percent female elected as mayor).,"Social, Economic, and Services Environment",Gender Equity,WomenPP_v1.0,1427,0,1427,""
1,yes,100%,POLSEX,Percent women elected as mayor within subcity,"Indicator variable of whether the elected mayor in the election for the specified year was a woman or for Argentina, percent of municipalities within a subcity (L2) that have a female elected as mayor in the last known election in 2015 or 2017.","Social, Economic, and Services Environment",Gender Equity,WomenPP_v1.0,1427,0,1427,""
1,yes,93%,PRJPD,Percent population change from 5 years prior to target year,Percent population change from 5 years prior to target year. The percent population change was calculated using the formula: [(PRJ<level>TPY1 - PRJ<level>TPY2) / PRJ<level>TPY2] *100,Demographics,Population,PRJG_v2.0,25795,1995,27790,""
1,yes,87%,PRJPOP,Number of people,Number of people,Demographics,Population,PRJ_v2.0,502137,73516,575653,""
0,yes,88%,PRJSPOP,Number of people,Number of people,Demographics,Population,PRJS_v2.0,731679,99747,831426,""
1,yes,93%,PRJTPOP,Number of people,Number of people at given sex,Demographics,Population,PRJT_v2.0,102105,8130,110235,""
0,yes,93%,PRJTPY1,Total population at target year,Total population at target year. The total population was calculated by summing the population estimates across all age and sex categories in the population projections datasets for the specified year. This was used as an intermediate variable in the calculation of the percent population change from 5 years prior to target year (PRJPD).,Demographics,Population,PRJG_v2.0,25830,1995,27825,""
0,yes,93%,PRJTPY2,Total population 5 years prior to target year,Total population 5 years prior to target year. The total population was calculated by summing the population estimates across all age and sex categories in the population projections datasets for the specified year. This was used as an intermediate variable in the calculation of the percent population change from 5 years prior to target year (PRJPD).,Demographics,Population,PRJG_v2.0,25795,1995,27790,""
0,yes,100%,REGIONBR,Region in Brazil,"Indicates a region in Brazil:
1 = North
2 = Northeast
3 = Southeast
4 = South
5 = Central-West","Social, Economic, and Services Environment",Segregation,SEC_SegregationIdx_v1.0,152,0,152,""
0,no,0%,SECEMPRAT,Female to Male Ratio of Unemployment,This is the ratio of female unemployment to male unemployment: SECEMPRAT = SECUNEMPPF (female unemployment rate)/SECUNEMPM (Male Unemployment rate). The ratio of the unemployment rate among females (15+ years of age) to the unemployment rate among males (15+ years of age),"Social, Economic, and Services Environment",Economy; Gender Equity,SEC_Survey_v1.0,0,330,330,"Pending final cdbk review, default to not public"
0,yes,100%,SECGDPGADML,Administrative level of GDP per capita ,"Administrative level of the GDP estimate assigned to each SALID1. For L1ADs which incorporate multiple subnational administrative units, levels of all administrative units included in the GDP estimate are concatenated. For example, an L1AD which overlapped both a department and a federal district would have a value of “Department / Federal District.”","Social, Economic, and Services Environment",Economy,SECGDPGPC_v1.0,9646,0,9646,""
1,yes,100%,SECGDPGPPC,GDP per capita,"Gross Domestic Product (GDP) per capita (purchasing power parity in constant 2011 international US Dollars). Subnational GDP estimates are based on an extensive econometric analysis by Genaioli and colleagues in 2013. GDP per capita (purchasing power parity in constant 2011 international USD) was estimated globally using complete data available at the smallest administrative unit possible. Within Latin American countries, this subnational level was generally the first-level administrative unit (departments/states/etc.) in addition to federal districts in Argentina, Brazil, Mexico, and Nicaragua. The exception is Costa Rica, which has one national GDP estimate and no estimates at the subnational level.","Social, Economic, and Services Environment",Economy,SECGDPGPC_v1.0,9646,0,9646,""
0,yes,100%,SECGINICEPAL,Income-based Gini obtained from CEPAL,"The Gini Index is a widely used summary measure of economic inequality that describes the distribution of wealth or income in a population. The final index calculated ranges from 0 to 1 with 0 expressing perfect equality and 1 expressing perfect inequality. 
Some features of the Gini Index as a measure of inequality are: 1)Population independence: The Gini Index does not depend on the size of the population. However, age structure and population mobility may play a role (people generally have low income when they are younger vs. when they are older); 2) Scale independence: The Gini Index does not depend on the size of the economy. However, it is important to keep in mind that small populations or less diverse economies tend to have small Gini Indices; 3) Transfer principle: if income is transferred from a rich person to a poor person the resulting distribution is more equal. The Gini index was calculated based on per capita household income deciles using disaggregated data on monetary income from salaries, rents, capital, transfers, and other from country household surveys. Data were harmonized across surveys to ensure internal consistency and for comparison between countries and cities, including adjusting per capita incomes for purchasing power parity using 2005 as the reference year and the consumer price index of a given survey year. The primary estimates were completed by the Division of Social Development of CEPAL and verified by the Global Urban Observatory of the UN Habitat. ","Social, Economic, and Services Environment",Inequality,SEC_GINICEPAL_v1.0,990,0,990,""
1,yes,100%,SECGINICONS,Income GINI index,"A summary measure of economic inequality in terms of the distribution of per capita household income in the defined geographic area. The Gini Index is a widely used summary measure of economic inequality that describes distribution of wealth or income in a population. The Gini Index is based on the Lorenz curve, which plots the cumulative percentage of households (from the poorest to the richest) on the horizontal axis against the cumulative percentage of the income or consumption variable on the vertical axis. The Gini Index is calculated as twice the area between the Lorenz curve and the diagonal line crossing the intersection between the horizontal and vertical axes. The final index calculated ranges from 0 to 1 with 0 expressing perfect equality and 1 expressing perfect inequality. Some features of the Gini Index as a measure of inequality are:  
• Population independence: The Gini Index does not depend on the size of the population. However, age structure and population mobility may play a role (people generally have low income when they are younger vs. when they are older) 
• Scale independence: The Gini Index does not depend on the size of the economy. However, it is important to keep in mind that small populations or less diverse economies tend to have small Gini Indi-ces. 
• Transfer principle: if income is transferred from a rich person to a poor person the resulting distribution is more equal. ","Social, Economic, and Services Environment",Inequality,SEC_GINI_v1.0,168,0,168,""
0,yes,100%,SECGINIINC,Consumption GINI index,"A summary measure of economic inequality in terms of the distribution of per capita household consumption in the defined geographic area. The Gini Index is a widely used summary measure of economic inequality that describes distribution of wealth or income in a population. The Gini Index is based on the Lorenz curve, which plots the cumulative percentage of households (from the poorest to the richest) on the horizontal axis against the cumulative percentage of the income or consumption variable on the vertical axis. The Gini Index is calculated as twice the area between the Lorenz curve and the diagonal line crossing the intersection between the horizontal and vertical axes. The final index calculated ranges from 0 to 1 with 0 expressing perfect equality and 1 expressing perfect inequality. Some features of the Gini Index as a measure of inequality are:  
• Population independence: The Gini Index does not depend on the size of the population. However, age structure and population mobility may play a role (people generally have low income when they are younger vs. when they are older) 
• Scale independence: The Gini Index does not depend on the size of the economy. However, it is important to keep in mind that small populations or less diverse economies tend to have small Gini Indi-ces. 
• Transfer principle: if income is transferred from a rich person to a poor person the resulting distribution is more equal. ","Social, Economic, and Services Environment",Inequality,SEC_GINI_v1.0,1355,0,1355,""
0,no,0%,SECLABFEM,The proportion of the total labor force who are female.,The proportion of the total labor force who are female among the population 15 years of age or above.  SECLABFEM= Females in the Labor Force/ (Males+ Females) in the labor Force,"Social, Economic, and Services Environment",Economy,SEC_Survey_v1.0,0,330,330,"Pending final cdbk review, default to not public"
0,no,0%,SECLABPART,The labor force participation rate among the total population 15 years or above,The labor force participation rate among the total population 15 years or above,"Social, Economic, and Services Environment",Economy,SEC_Survey_v1.0,0,990,990,"Pending final cdbk review, default to not public"
0,no,0%,SECLABRAT,Female to Male Ratio of Labor Force Participation,The ratio of the labor force participation rate among females (15+ years of age) to the labor force participation rate among males (15+ years of age),"Social, Economic, and Services Environment",Economy; Gender Equity,SEC_Survey_v1.0,0,330,330,"Pending final cdbk review, default to not public"
1,no,0%,SECPOV,Proportion of the population with household income below the national income poverty line.,"The proportion of the population in the defined geographic area living in households with household income below the national income poverty line. Each country has different methods for setting their poverty line, though most use a basic needs approach that is based on a basic food basket and essential non-food basket that is unique to each country","Social, Economic, and Services Environment",Economy,SEC_Survey_v1.0,0,1591,1591,"Pending final cdbk review, default to not public"
0,no,0%,SECUNEMP,Unemployment rate among the total population 15 years or above,"Unemployment variables reflect the proportion of the labor force (SECLABFOR) 15 years of age or more (with exceptions as noted Argentina where age is 10 and over and Brasil where age is 14 and over) who are unemployed, overall and by gender. Survey results are presented in three categories: employed, unemployed, or inactive. Employed refers to those who are working for payment, whether for money, products, merchandise, benefits, and/or other remuneration for at least 1 hour during a reference time period (usually a specific week). Unemployed refers to those who are not currently employed, but that are actively seeking employment during a certain time period (usually a month reference period) and are considered part of the labor force. Inactive refers to those who are not employed or unemployed and generally consists of retirees, students, volunteers, and those engaged in personal household labor activities.","Social, Economic, and Services Environment",Economy,SEC_Survey_v1.0,0,990,990,"Pending final cdbk review, default to not public"
1,yes,100%,SGDISEDPRCP,"Dissimilarity index, primary incomplete vs complete",Dissimilarity index: primary incomplete vs. primary completed,"Social, Economic, and Services Environment",Segregation,SEC_SegregationIdx_v1.0,247,0,247,""
1,yes,100%,SGDISEDPRUN,"Dissimilarity index, primary incomplete vs university complete",Dissimilarity index: primary incomplete vs. university completed,"Social, Economic, and Services Environment",Segregation,SEC_SegregationIdx_v1.0,120,0,120,""
1,yes,100%,SGDISETBKWM,"Dissimilarity index, black vs white-mestizo",Dissimilarity index based on race/ethnicity: black vs. white and mestizo,"Social, Economic, and Services Environment",Segregation,SEC_SegregationIdx_v1.0,70,0,70,""
1,yes,100%,SGDISETBXWM,"Dissimilarity index, black-Raizal-Palenquer vs white-mestizo ",Dissimilarity index based on race/ethnicity: black (including Raizal and Palanquero) vs. white and mestizo,"Social, Economic, and Services Environment",Segregation,SEC_SegregationIdx_v1.0,70,0,70,""
1,yes,100%,SGDISIC1VOT,"Dissimilarity index, ≤1 minimum wage vs others",Dissimilarity index based on household income: ≤ 1 vs. > 1 minimum wage,"Social, Economic, and Services Environment",Segregation,SEC_SegregationIdx_v1.0,152,0,152,""
1,yes,100%,SGDISIC2VOT,"Dissimilarity index, ≤2 minimum wages vs others",Dissimilarity index based on household income: ≤ 2 vs. > 2 minimum wages,"Social, Economic, and Services Environment",Segregation,SEC_SegregationIdx_v1.0,152,0,152,""
1,yes,100%,SGDISIC3VOT,"Dissimilarity index, ≤3 minimum wage vs others",Dissimilarity index based on household income: ≤ 3 vs. > 3 minimum wages,"Social, Economic, and Services Environment",Segregation,SEC_SegregationIdx_v1.0,152,0,152,""
1,yes,100%,SGDISICHVOT,"Dissimilarity index, ≤half minimum wage vs others",Dissimilarity index based on household income: ≤ ½ vs. > ½ minimum wages,"Social, Economic, and Services Environment",Segregation,SEC_SegregationIdx_v1.0,152,0,152,""
1,yes,100%,SGDISRCBKWT,"Dissimilarity index, black vs white",Dissimilarity index based on race/ethnicity: black vs. white,"Social, Economic, and Services Environment",Segregation,SEC_SegregationIdx_v1.0,152,0,152,""
1,yes,100%,SGDISRCBWWT,"Dissimilarity index, brown vs white",Dissimilarity index based on race/ethnicity: brown vs. white,"Social, Economic, and Services Environment",Segregation,SEC_SegregationIdx_v1.0,152,0,152,""
1,yes,100%,SGDISRCBXWT,"Dissimilarity index, black brown vs white ",Dissimilarity index based on race/ethnicity: black and brown vs. white,"Social, Economic, and Services Environment",Segregation,SEC_SegregationIdx_v1.0,152,0,152,""
1,yes,100%,SGISOEDPRIC,"Isolation index, primary incomplete","Isolation index based on education, primary incomplete: Based on the educational attainment of people of 25 years or older (in Mexico, those of 15 years or older)","Social, Economic, and Services Environment",Segregation,SEC_SegregationIdx_v1.0,247,0,247,""
1,yes,100%,SGISOEDUNCP,"Isolation index, university complete","Isolation index based on education, university completed. Based on the educational attainment of people of 25 years or older (in Mexico, those of 15 years or older)","Social, Economic, and Services Environment",Segregation,SEC_SegregationIdx_v1.0,120,0,120,""
1,yes,100%,SGISOETBK,"Isolation index, black",Isolation index based on race/ethnicity: black,"Social, Economic, and Services Environment",Segregation,SEC_SegregationIdx_v1.0,70,0,70,""
1,yes,100%,SGISOETBX,"Isolation index, black-Raizal-Palenquer","Isolation index based on race/ethnicity: black, Raizal, and Palenquero","Social, Economic, and Services Environment",Segregation,SEC_SegregationIdx_v1.0,70,0,70,""
1,yes,100%,SGISOETWM,"Isolation index, white-mestizo",Isolation index based on race/ethnicity: white or mestizo,"Social, Economic, and Services Environment",Segregation,SEC_SegregationIdx_v1.0,70,0,70,""
1,yes,100%,SGISOIC1,"Isolation index, income ≤1 minimum wage",Isolation index based on household income: ≤ 1 minimum wage,"Social, Economic, and Services Environment",Segregation,SEC_SegregationIdx_v1.0,152,0,152,""
1,yes,100%,SGISOIC2,"Isolation index, income ≤2 minimum wages",Isolation index based on household income: ≤ 2 minimum wages,"Social, Economic, and Services Environment",Segregation,SEC_SegregationIdx_v1.0,152,0,152,""
1,yes,100%,SGISOIC3,"Isolation index, income ≤3 minimum wages",Isolation index based on household income: ≤ 3 minimum wages,"Social, Economic, and Services Environment",Segregation,SEC_SegregationIdx_v1.0,152,0,152,""
1,yes,100%,SGISOICH,"Isolation index, income ≤half minimum wages",Isolation index based on household income: ≤ 1/2 minimum wage,"Social, Economic, and Services Environment",Segregation,SEC_SegregationIdx_v1.0,152,0,152,""
1,yes,100%,SGISORCBK,"Isolation index , black",Isolation index based on race/ethnicity: black,"Social, Economic, and Services Environment",Segregation,SEC_SegregationIdx_v1.0,152,0,152,""
1,yes,100%,SGISORCBW,"Isolation index, brown",Isolation index based on race/ethnicity: brown,"Social, Economic, and Services Environment",Segregation,SEC_SegregationIdx_v1.0,152,0,152,""
1,yes,100%,SGISORCBX,"Isolation index, black and brown ",Isolation index based on race/ethnicity: black and brown,"Social, Economic, and Services Environment",Segregation,SEC_SegregationIdx_v1.0,152,0,152,""
1,yes,100%,SGISORCWT,"Isolation index, white",Isolation index based on race/ethnicity: white,"Social, Economic, and Services Environment",Segregation,SEC_SegregationIdx_v1.0,152,0,152,""
0,yes,100%,SGNALL,Number of L3 units ,Number of all L3 units found in the census data within L1AD,"Social, Economic, and Services Environment",Segregation,SEC_SegregationIdx_v1.0,399,0,399,""
0,yes,100%,SGNEDALL,Number of people with education information,Number of people who responded to the question on educational attainment,"Social, Economic, and Services Environment",Segregation,SEC_SegregationIdx_v1.0,247,0,247,""
0,yes,100%,SGNEDPRCP,Number of people with primary education,Number of people who completed primary school as the highest institution,"Social, Economic, and Services Environment",Segregation,SEC_SegregationIdx_v1.0,155,0,155,""
0,yes,100%,SGNEDPRIC,Number of people without primary education,Number of people who did not complete primary school,"Social, Economic, and Services Environment",Segregation,SEC_SegregationIdx_v1.0,247,0,247,""
0,yes,100%,SGNEDSCCP,Number of people with secondary education,Number of people who completed secondary school as the highest institution,"Social, Economic, and Services Environment",Segregation,SEC_SegregationIdx_v1.0,155,0,155,""
0,yes,100%,SGNEDUNCP,Number of people with undergraduate education,Number of people who completed university as the highest institution,"Social, Economic, and Services Environment",Segregation,SEC_SegregationIdx_v1.0,120,0,120,""
0,yes,100%,SGNEMP,Unpopulated L3 units,Number of unpopulated L3 units within L1AD,"Social, Economic, and Services Environment",Segregation,SEC_SegregationIdx_v1.0,399,0,399,""
0,yes,100%,SGNETALL,Number of people with ethnicity information,Number of people who responded to the question on ethnicity,"Social, Economic, and Services Environment",Segregation,SEC_SegregationIdx_v1.0,70,0,70,""
0,yes,100%,SGNETBK,Number of black people,"Number of people, black","Social, Economic, and Services Environment",Segregation,SEC_SegregationIdx_v1.0,70,0,70,""
0,yes,100%,SGNETBX,"Number of black, raizal y palenquero people","Number of people, black (including Raizal and Palanquero)","Social, Economic, and Services Environment",Segregation,SEC_SegregationIdx_v1.0,70,0,70,""
0,yes,100%,SGNETWM,Number of white and mestizo people,"Number of people, white and mestizo","Social, Economic, and Services Environment",Segregation,SEC_SegregationIdx_v1.0,70,0,70,""
0,yes,100%,SGNIC1,Number of households with ≤1 minimum wage,Number of private households with an income ≤ 1 minimum wage,"Social, Economic, and Services Environment",Segregation,SEC_SegregationIdx_v1.0,152,0,152,""
0,yes,100%,SGNIC2,Number of households with ≤2 minimum wages,Number of private households with an income ≤ 2 minimum wages,"Social, Economic, and Services Environment",Segregation,SEC_SegregationIdx_v1.0,152,0,152,""
0,yes,100%,SGNIC3,Number of households with ≤3 minimum wages,Number of private households with an income ≤ 3 minimum wages,"Social, Economic, and Services Environment",Segregation,SEC_SegregationIdx_v1.0,152,0,152,""
0,yes,100%,SGNICALL,Number of private households ,Number of private households,"Social, Economic, and Services Environment",Segregation,SEC_SegregationIdx_v1.0,152,0,152,""
0,yes,100%,SGNICH,Number of households with ≤half minimum wages,Number of private households with an income ≤½ minimum wages,"Social, Economic, and Services Environment",Segregation,SEC_SegregationIdx_v1.0,152,0,152,""
0,yes,100%,SGNNAV,Number of unavailable L3 units ,Number of L3 units for which data were not available within L1AD,"Social, Economic, and Services Environment",Segregation,SEC_SegregationIdx_v1.0,399,0,399,""
0,yes,100%,SGNRCALL,Number of people with race information,Number of people who responded to the question on race,"Social, Economic, and Services Environment",Segregation,SEC_SegregationIdx_v1.0,152,0,152,""
0,yes,100%,SGNRCBK,Number of black people,"Number of people, black","Social, Economic, and Services Environment",Segregation,SEC_SegregationIdx_v1.0,152,0,152,""
0,yes,100%,SGNRCBW,Number of brown people,"Number of people, brown","Social, Economic, and Services Environment",Segregation,SEC_SegregationIdx_v1.0,152,0,152,""
0,yes,100%,SGNRCBX,Number of black and brown people,"Number of people, black and brown","Social, Economic, and Services Environment",Segregation,SEC_SegregationIdx_v1.0,152,0,152,""
0,yes,100%,SGNRCWT,Number of white people,"Number of people, white","Social, Economic, and Services Environment",Segregation,SEC_SegregationIdx_v1.0,152,0,152,""
0,yes,100%,SGNUSE,Number of populated L3 units,Number of populated and available L3 units within L1AD,"Social, Economic, and Services Environment",Segregation,SEC_SegregationIdx_v1.0,399,0,399,""
0,yes,100%,SGPOP,Number of population in L1AD,Number of people in L1AD used to construct segregation indices,"Social, Economic, and Services Environment",Segregation,SEC_SegregationIdx_v1.0,399,0,399,""
1,yes,60%,SPVBMIOBESE,Adult obesity prevalence,Prevelence estimate for obesity in adults aged 18 and older. Obesity is defined as body mass index (BMI) >=30 based on WHO classification. BMI was calculated from objectively measured height and weight.,Health Risk Factors,Adult Biomedical Risk Factors,adult_survey_prevalence_v1.0,6049,4079,10128,""
1,yes,60%,SPVBMIOVOB,Adult overweight and obese prevalence,Prevalence estimate for overweight and obese in adults aged 18 and older. Overweight and obese is defined as body mass index (BMI) >=25 based on WHO classification. BMI was calculated from objectively measured height and weight.,Health Risk Factors,Adult Biomedical Risk Factors,adult_survey_prevalence_v1.0,6187,4111,10298,""
1,yes,100%,SPVBMISOBESE,Adult obesity prevalence,Prevelence estimate for obesity in adults aged 18 and older. Obesity is defined as body mass index (BMI) >=30 based on WHO classification. BMI was calculated from self-reported height and weight.,Health Risk Factors,Adult Biomedical Risk Factors,adult_survey_prevalence_v1.0,1126,0,1126,""
1,yes,100%,SPVBMISOVOB,Adult overweight and obese prevalence,Prevalence estimate for overweight and obese in adults aged 18 and older. Overweight and obese is defined as body mass index (BMI) >=25 based on WHO classification. BMI was calculated from self-reported height and weight.,Health Risk Factors,Adult Biomedical Risk Factors,adult_survey_prevalence_v1.0,1126,0,1126,""
0,yes,100%,SPVBMISUWT,Adult underweight prevalence,Prevalence estimate for underweight in adults aged 18 and older. Underweight is defined as body mass index (BMI) <18.5 based on WHO classification. BMI was calculated from self-reported height and weight.,Health Risk Factors,Adult Biomedical Risk Factors,adult_survey_prevalence_v1.0,1126,0,1126,""
0,yes,59%,SPVBMIUWT,Adult underweight prevalence,Prevalence estimate for underweight in adults aged 18 and older. Underweight is defined as body mass index (BMI) <18.5 based on WHO classification. BMI was calculated from objectively measured height and weight.,Health Risk Factors,Adult Biomedical Risk Factors,adult_survey_prevalence_v1.0,5166,3521,8687,""
0,yes,100%,SPVCESD7CAT,Clinically significant depressive symptoms prevalence based on CESD-SF7,Prevalence Estimate for clinically significant depressive symptoms based on Center for Epidemiological Studies Depression short form (CESD-SF7) depressive symptoms scale in adults aged 18 and older. Clinically significant depressive symptoms is defined as CESD-SF7 score >=9.,Health Risk Factors,Adult General and Mental Health,adult_survey_prevalence_v1.0,1165,0,1165,""
0,yes,63%,SPVCURRALC1,Prevalence of current alcohol use within past 30 days,Prevalence Estimate for current alcohol use within the past 30 days in adults aged 18 and older. Current alcohol use is defined as drinking at least one alcoholic beverage in the past 30 days.,Health Risk Factors,Adult Behavioral Risk Factors,adult_survey_prevalence_v1.0,3298,1963,5261,""
0,yes,100%,SPVCURRALC2,Prevalence of current alcohol use within past 12 months,Prevalence estimate for current alcohol use within past 12 months in adults aged 18 and older. Current alcohol use is defined as drinking at least one alcoholic beverage in the past 12 months as recommended by the World Health Organization (WHO) Global Alcohol Report (https://www.who.int/substance_abuse/publications/global_alcohol_report/msbgsruprofiles.pdf).,Health Risk Factors,Adult Behavioral Risk Factors,adult_survey_prevalence_v1.0,20,0,20,""
1,yes,73%,SPVDBDX1,Prevalence of diabetes diagnosis excluding gestational diabetes,"Prevelance estimate of diabetes diagnosis excluding gestational diabetes in adults aged 18 and older. Diabetes diagnosis is considered as self-reporting a diagnosis from doctor, physician or other medical professional. Females who reported that the diabetes was diagnosed only during pregnancy are considered to be non-diabetic.",Health Risk Factors,Adult Biomedical Risk Factors,adult_survey_prevalence_v1.0,5350,1963,7313,""
1,yes,100%,SPVDBDX2,Prevalence of diabetes diagnosis including gestational diabetes,"Prevelance estimate of diabetes diagnosis including gestational diabetes in adults aged 18 and older. Diabetes diagnosis is considered as self-reporting a diagnosis from doctor, physician or other medical professional. Females who reported that the diabetes was diagnosed only during pregnancy are considered to be diabetic.",Health Risk Factors,Adult Biomedical Risk Factors,adult_survey_prevalence_v1.0,1029,0,1029,""
0,yes,36%,SPVDXDEP,Prevalence of depression diagnosis,Prevalence estimate for depression diagnosis in adults aged 18 and older. A survey respondent is classified as having depression diagnosis if they self-report having been told by a physician or health care provider that they have depression.,Health Risk Factors,Adult General and Mental Health,adult_survey_prevalence_v1.0,660,1178,1838,""
1,yes,69%,SPVHLTHFP,Prevalece of fair or poor self-rated health,"Prevalence estimate for fair or poor self-rated health in adults aged 18 years and older. Self-reported health status was dichotomized as reporting very poor, poor or fair health vs. good, very good, or excellent health.",Health Risk Factors,Adult General and Mental Health,adult_survey_prevalence_v1.0,3004,1378,4382,""
1,yes,76%,SPVHTMED,Prevalence of current pharmacological treatment for hypertension,Prevalence estimate for current pharmacological treatment for hypertension in adults aged 18 and older. Pharmalogical treatment is defined as self-reporting medication use for hypertension or high blood pressure.,Health Risk Factors,Adult Biomedical Risk Factors,adult_survey_prevalence_v1.0,6346,1963,8309,""
1,yes,62%,SPVMAM2YRS,Prevalence of receiving mammogram in past 2 years amongst women aged 50-79,Prevalence estimate for receiving a mammogram in past 2 years amongst women aged 50-19.,"Social, Economic, and Services Environment",Health Care Access,adult_survey_prevalence_v1.0,320,197,517,""
0,yes,99%,SPVPAGLOBCAT,Prevalence of meeting recommended physical activity through global physical activity,"Prevalence estimate of meeting WHO exercise guidelines through global physical activity in adults aged 18 and older. A cutoff point of 150 minutes per week was used to classify subjects as active versus inactive in accordance with the recommendations from WHO, 2018 definition of active as at least 150 minutes of moderate-intensity physical activity throughout the week, or at least 75 minutes of vigorous-intensity physical activity throughout the week, or an equivalent combination of moderate- and vigorous-intensity activity. Global physical activity includes physical activity from transportation or leisure time activities.",Health Risk Factors,Adult Behavioral Risk Factors,adult_survey_prevalence_v1.0,1649,21,1670,""
0,yes,42%,SPVPALEISCAT,Prevalence of meeting recommended physical activity through leisure physical activity,"Prevalence estimate of meeting WHO exercise guidelines through leisure time physical activity in adults aged 18 and older. A cutoff point of 150 minutes per week was used to classify subjects as active versus inactive in accordance with the recommendations from WHO, 2018 definition of active as at least 150 minutes of moderate-intensity physical activity throughout the week, or at least 75 minutes of vigorous-intensity physical activity throughout the week, or an equivalent combination of moderate- and vigorous-intensity activity.",Health Risk Factors,Adult Behavioral Risk Factors,adult_survey_prevalence_v1.0,640,895,1535,""
1,yes,43%,SPVPAP3YRS,Prevalence of receiving pap test in past 3 years amongst women aged 25-49,Prevalence of receiving pap test in past 3 years amongst women aged 25-49.  Three years was chosen to meet the recommended time frame of cancer screening guidelines.,"Social, Economic, and Services Environment",Health Care Access,adult_survey_prevalence_v1.0,318,416,734,""
0,yes,54%,SPVPHQ9DEP,Major depressive symptoms prevalence based on PHQ-9,Prevalence Estimate for major depressive symptoms based on Patient Health Questionnaire (PHQ9) depressive symptoms scale in adults aged 18 and older. Major depressive symptoms is defined as PHQ9 score >=10.,Health Risk Factors,Adult General and Mental Health,adult_survey_prevalence_v1.0,359,307,666,""
0,yes,76%,SPVSMKCUR,Prevalence of current smokers,"Prevalence estimate for current smoker amonst adults aged 18 and older. Current smokers are smokers of cigarettes or tobacco products. If a tobacco use question is available, then it is used to create this variable (this follows WHO definitions). If it is absent but a cigarette use question is available, the cigarette use question is used. For CO-ENSIN2010, GT-DHS2015, NI-CAMID2003 and PE-ENDES2016 where lifetime smoking is not available, this uses the version of current smoking available for that survey. NI-CAMDI2003 is current tobacco use > 100 and CO-ENSIN2010, GT-DHS2015, and PE-ENDES2016 are current cigarette use any amount. Recommendations: For most analyses, the combined version of cigarette and tobacco use (SVYSMKHX and SVYSMKCUR) can be used. Caution should be taken in the interpretation given the differences in how tobacco use is collected.",Health Risk Factors,Adult Behavioral Risk Factors,adult_survey_prevalence_v1.0,6379,1963,8342,""
1,yes,67%,SVYOVWTCH,Prevalence estimate for percent of children who are overweight,Prevalence estimate for percent of children aged 1-4 years who are overweight. Overweight is defined as weight for height z-score > 2.,Health Risk Factors,Childhood Biomedical Risk Factors	,child_survey_prevalence_city_v1.0,188,94,282,""
1,yes,67%,SVYSTUNTCH,Prevalence estimate for percent of children who are stunting,Prevalence estimate for percent of children aged 1-4 years who are stunting. Stunting is defined as height for age z-score < -2.,Health Risk Factors,Childhood Biomedical Risk Factors	,child_survey_prevalence_city_v1.0,188,94,282,""
1,yes,67%,SVYWASTECH,Prevalence estimate for percent of children who are wasting,Prevalence estimate for percent of children aged 1-4 years who are wasting. Wasting is defined as weight for height z-score < -2.,Health Risk Factors,Childhood Biomedical Risk Factors	,child_survey_prevalence_city_v1.0,188,94,282,""
1,yes,100%,TMPMAX,Maximum temperature within the calendar year ,Maximum yearly temperature in Celsius.,Physical and Natural Environment,Climate,TMP_v1.0,43560,0,43560,""
1,yes,100%,TMPMEAN,Mean (average) yearly temperature,Mean (average) yearly temperature in Celsius. This is calculated as the mean of all days within the calendar year.,Physical and Natural Environment,Climate,TMP_v1.0,43560,0,43560,""
1,yes,100%,TMPMEDIAN,Median yearly temperature,Median yearly temperature in Celsius. This is calculated as the median of all days within the calendar year.,Physical and Natural Environment,Climate,TMP_v1.0,43560,0,43560,""
1,yes,100%,TMPMIN,Minimum temperature within the calendar year,Minimum yearly temperature in Celsius.,Physical and Natural Environment,Climate,TMP_v1.0,43560,0,43560,""
0,yes,100%,TMPN,Number of days used in calculating average temperature ,Number of days used in calculating the yearly summary measures. This is either 365 or 366 (leap years).,Physical and Natural Environment,Climate,TMP_v1.0,43560,0,43560,""
1,yes,100%,TMPPW,Population and area weighted daily mean temperature,Population and area weighted daily mean temperature calculated as the mean of all temperature values available within the day weighted by area*population for the grid cells overlapping the geographic unit.,Physical and Natural Environment,Climate,TMPDAILY_v1.0,150000,0,150000,""
1,yes,100%,TMPQRANGE,Interquartile range of yearly temperature measures,Interquartile range of yearly temperature in Celsius. This is calculated as the interquartile range of all days within the calendar year.,Physical and Natural Environment,Climate,TMP_v1.0,43560,0,43560,""
1,yes,100%,TMPSTD,Standard Deviation of yearly temperature measures. ,Standard deviation of year temperature measure. This is calculated as the standard deviation of all days within the calendar year.,Physical and Natural Environment,Climate,TMP_v1.0,43560,0,43560,""
1,yes,100%,TMPX,Area weighted daily mean temperature mean,Area weighted daily mean temperature calculated as the mean of all temperature values available within the day weighted by area for the grid cells overlapping the geographic unit.,Physical and Natural Environment,Climate,TMPDAILY_v1.0,150000,0,150000,""
1,yes,93%,UCNT,Undercounting factor,Estimated sex-specific undercounting factor,Mortality,Mortality Rates,UCNT_Longit_v2.0,13186,1056,14242,""
